"sample_id","(+/-)-Tryptophan","1,5-Diaminopentane","16.89_propanoic acid","20.13_butanoic acid","26.93_hexanoic acid","4-Aminobutyrate","Asp","choline","Glucose (and isomers)","Gly","hippurate","His","putrescine","Valeric/Isovaleric Acid"
"Moth_50_T",0.3810426,0.6754026,8.0574548,24.4434671,9.8425514,0.184,0.672676,0.1264976,0.2121582,0.3703439,0.1682179,0.258794,0.3928696,11.0090667
"Moth_66_T",0.77963468,0.88174742,6.29306566,17.40712496,1.91046194,0.31215566,1.91365139,0.03650241,0.13119141,1.39838658,0.04809621,0.65216951,0.3485853,12.06163235
"Gran_22_T",0.489485361,0.221219564,4.740896945,9.336822091,3.78503376,0.023,0.7085841,0.077461832,0.213018309,0.78556335,0.034153849,0.143497375,0.008952533,7.330867459
"Gran_49_T",3.31020431,0.49173094,10.18022451,10.08888129,1.21692823,0.366,2.48318392,0.15065484,0.26307802,9.79296838,0.53278981,0.34999708,0.03385239,11.06906054
"Gran_32_T",0.98635666,0.84374624,13.8712182,17.83062727,0.96233578,0.242,2.97189169,0.12959335,1.49499664,1.03456125,0.04329607,0.47795782,0.14590349,14.64766565
"Gran_28_T",0.32428319,14.20702743,6.04512696,7.31432238,1.39745623,0.154,1.09669103,0.04586639,0.15830563,0.39564439,0.3537132,0.34301838,0.37476357,11.25148125
"Moth_54_T",0.51056431,0.12156123,3.85248773,6.85001353,2.27731738,0.153,0.94625012,0.07493168,0.16554028,0.65389647,1.97125907,0.33669495,0.30778487,5.48656167
"Moth_55_T",0.48551262,0.18091228,20.15861786,34.21743932,7.62307362,0.087,1.63068383,0.08620076,0.8309941,0.51004357,0.02361844,0.34297331,0.08617205,10.00764001
"Moth_31_T",0.41632595,0.03859093,4.83563297,9.0206201,2.6362959,0.064,1.21789497,0.02242347,0.07464246,0.51180196,0.01896237,0.19133364,0.01756633,8.2220902
"Inf_26_T",2.219752,17.04941726,11.77015072,17.27136198,4.45637611,0.449,8.83161151,0.15762318,1.0234002,2.56662013,0.08055129,2.49231973,5.85265877,7.98049601
"Gran_54_T",0.50428734,0.06141027,3.91319919,6.08172454,1.25254325,0.152,1.14646674,0.13732113,0.38183732,0.62881974,0.01758735,0.41277539,0.20054749,2.95538199
"Inf_66a_T",0.2328154,0.3700113,6.8521091,0.6897495,0.1242707,0.151,1.601787,0.4306692,1.8969063,0.8922251,0.2617815,0.4401694,0.2561759,0.6086466
"Inf_49_T",2.15683889,9.28035557,6.83338608,1.26308629,0.05491207,29.075,4.1215535,1.58707785,4.03285086,6.12081844,0.02948114,2.80736938,1.46980369,1.03832562
"Moth_26_T",1.8635775,11.8930057,14.0986576,31.2484088,0.134747,0.393,3.577653,0.9923032,1.3064587,2.9673786,0.8084343,1.4005904,5.5219053,1.6207494
"Gran_08_T",0.15475249,0.00726314,2.75417794,2.33163154,0.10669856,0.092,0.98891361,0.09086872,0.05428836,0.3726838,0.13756778,0.06933974,0,3.95728884
"Moth_32_T",0.3908649,0.04742687,6.93024549,8.12314864,1.42335123,0.04,0.83576876,0.02975932,0.15168156,0.54366404,0.42300411,0.11584554,0.02164199,7.50939767
"Gran_67_T",1.0620066,2.2619302,2.860998,4.2205803,0.9672272,0.825,1.317313,0.1765457,0.1013823,7.9521297,1.1628986,0.280788,0.4706341,4.3812735
"Inf_13_T",1.1266799,2.6745728,4.2501093,9.4615212,0.6221584,0.387,9.3666769,0.1196334,1.2109326,2.1061865,0.1311402,5.4174125,2.5274018,1.2022803
"Moth_15_T",0.18049426,0.11189277,3.13267302,4.29120486,0.51070775,0.482,0.38403021,0.02750746,0.03170507,1.18273578,6.27586894,0.08724872,0.06770019,3.87577171
"Moth_58_T",0.5389116,0.41545286,14.58293966,13.16251103,0.76832269,0.152,1.1461888,0.09240216,0.84460124,0.54046931,12.62030048,0.24437799,0.89910904,12.62518299
"Moth_08_T",0.47182167,0.05188767,2.67930931,3.05417076,0.61483637,0.12,1.37319521,0.06214074,0.14768487,0.71335394,0.0449697,0.16300172,0.04576731,3.8108441
"Moth_67_T",0.27805328,0.22134424,3.20244313,5.00801773,1.38028749,0.103,0.95201458,0.0786179,0.08553632,0.58321487,1.08494203,0.17755936,0.17623271,6.05344811
"Inf_67b_T",0.18366582,0.42890367,0.73679136,0.25163854,0.1165293,3.443,0.38311108,0.42385262,6.56737565,0.35939097,0.03732598,0.2776085,0.14377461,0.08357653
"Moth_22_T",0.41180363,0.0481287,4.52869289,13.84057045,6.43088144,0.079,4.08301677,0.06125659,0.22328541,0.58734636,6.75935546,0.18839264,0.07848162,4.79878311
"Moth_07_T",1.1222219,1.05864604,12.85939483,16.97865687,0.15629958,0.2259163,1.67804832,0.31281347,1.0506718,2.67778868,0.05983733,0.23186968,0.14043386,8.27490346
"Gran_15_T",0.84011413,1.35664864,6.49689236,6.50655132,0.66009912,0.498,0.99796427,0.13344449,0.04688067,5.55425629,0.02758075,0.20295552,0.64396062,11.29082014
"Moth_19_T",2.66343588,0.22058667,5.94847928,8.78738332,1.07239266,1.062,2.63713767,0.0723857,0.26634545,3.84508517,0.02999349,1.11176887,0.01927674,7.70376973
"Moth_09_T",0.41035941,0.07978962,4.40799019,8.6031674,1.63151783,0.066,1.63972719,0.05970379,0.08901558,0.91073019,0.05871456,0.23747412,0.034114,9.82632932
"Gran_13_T",0.79927773,2.69323968,14.07117479,15.80879722,2.78758385,0.107,1.85738108,0.23267265,0.43103325,1.33696829,0.07614477,0.25772936,0.12130906,9.58238214
"Gran_10_T",2.3757235,0.6026319,16.769717,20.2447464,3.3944392,0.325,5.2195183,0.2637869,1.0385906,8.6740892,0.7316444,0.3749082,0.0574874,17.1500771
"Moth_18_T",0.78071793,0.0751787,7.09174931,7.7333237,1.58481161,0.9,2.44729734,0.20574706,0.53767049,1.9600541,0.02784576,0.31162649,0.18287146,7.88159091
"Moth_49_T",0.52360298,0.12613541,7.517775,23.59812055,0.30119779,1.461,2.36215217,0.13689429,1.14751682,0.49007257,0.04828101,0.45700189,0.1887564,3.95487329
"Inf_19_T",1.93885875,6.56494265,6.272079,4.1531918,0.44842151,1.034,3.13749686,0.21433971,0.34560961,1.42232582,0.02929661,1.30510543,2.90960836,7.30639253
"Inf_14_T",2.27886567,4.74086261,5.41728095,7.65630574,0.50443399,0.998,13.9942977,0.66875183,3.68658085,9.62963506,0.04011096,3.72987679,3.97281694,2.80191754
"Inf_16_T",1.44282947,26.98739302,9.17651317,4.66058997,0.05090271,0.974,8.2100874,0.4705549,0.81464421,2.8693721,0.03096046,3.5916726,9.23057055,2.4448459
"Moth_36_T",0.41735226,0.07314057,4.15598244,6.21036388,1.71793088,0.215,0.92959578,0.05172634,0.13331189,0.5332419,0.01495684,0.3394,0.09125452,8.11473756
"Moth_13_T",0.45176463,0.2743253,10.57979727,11.56019808,0.2536803,0.059,1.0373803,0.07133803,0.30405953,0.4147208,0.03358336,0.31206355,0.07810156,9.30797986
"Moth_14_T",1.23084134,0.14694904,7.58524533,9.78213509,0.0786628,0.43215636,2.70662803,0.07127452,1.88084156,1.26508731,0.03191829,0.80515177,0.02717251,4.90063459
"Moth_53_T",0.59586536,0.22612461,8.32916204,21.87121611,5.11087413,0.58,1.87523563,1.10536688,0.22196427,0.75523196,1.60757397,0.38715782,0.06737107,15.95049177
"Inf_18_T",1.13004389,0.8881661,4.44644974,18.84781516,0.20525534,0.657,9.138299,0.4573035,1.40319463,0.96178366,0.05778534,1.85667155,3.72493628,2.23544868
"Moth_33_T",0.617204876,0.060122369,1.083603636,2.167983613,0.06626779,0.094,2.81837811,0.036046304,0.094196378,0.969737626,0.028005808,0.314398901,0.009364329,3.303995762
"Moth_16_T",0.79057536,0.09380944,9.78604166,15.73786334,2.58747011,0.073,2.76051034,0.02543418,0.16145003,1.39802771,0.75221375,1.17238119,0.0608328,13.59046954
"Moth_34_T",0.50429463,0.03426352,11.01415599,20.42838775,4.80654016,0.103,3.86161188,0.2428482,0.31234924,0.90817933,0.01765858,0.26715425,0.26117223,14.86264614
"Inf_20_T",2.34427828,0.77792746,3.98390626,4.45358273,0.5759261,0.206,4.80281771,0.54479082,6.61004112,4.05668436,0.05028479,0.72836413,1.98979648,1.18399568
"Moth_44_T",0.36756978,0.17818341,4.99935945,7.13493095,0.23000546,0.21805156,0.54321961,0.03934348,0.10592416,0.56157638,10.21754401,0.21942223,0.03523223,4.96659052
"Inf_12_T",0.80897517,12.83008711,2.73280341,1.22385633,0.28397457,0.93,4.39638876,1.45389519,0.34479843,1.60829195,0.05043566,0.82748395,3.77025015,1.26106754
"Inf_06_T",2.69317546,6.96035039,7.59875605,9.13459591,2.85349444,0.14,7.58530382,1.09104899,0.26324248,3.50919648,0.03678951,1.46400331,6.46449011,4.02835147
"Gran_07_T",1.12394255,0.42293755,10.82772346,38.18886594,1.10331697,0.17,3.61862237,0.0961717,0.30422609,3.42270357,0.03674782,0.23839751,0.02796336,26.40770663
"Moth_12_T",0.4853776,1.8014384,4.4647992,7.1965334,0.354668,0.096,2.6094813,0.2215371,0.3094252,0.5370632,5.1203721,0.6008462,0.2404987,6.439809
"Gran_14_T",4.28660158,0.44974835,6.48899083,8.77298257,0.2629767,0.132,8.34653962,0.282662,0.51199703,8.39986154,0.01924322,0.93373249,0.05109492,9.30102255
"Gran_05_T",0.43791708,0.0187022,6.81572546,10.54519729,2.14024221,0.081,2.07194447,0.20450881,0.43265135,1.73863864,0.31741686,0.34998587,0.03267538,8.81472422
"Inf_29_T",1.35650646,6.02647041,0.14163611,0.0492443,0.06993724,0.503,7.84387141,1.13456647,4.66374132,6.2955982,0.04084608,3.60931638,0.7416895,0.08125176
"Moth_29_T",0.52475728,0.19858631,5.30510757,5.93937362,0.62726067,0.113,3.74368253,0.04426593,0.15420642,0.75710679,2.08292358,0.1814984,0.03710801,7.11698453
"Inf_53_T",1.81801421,46.79981908,8.58659842,5.91524931,0.07010367,0.06,7.815573,0.18169422,0.14596238,3.09410112,0.01687466,1.74062392,1.34349355,8.92689419
"Gran_44_T",0.273123434,0.009400897,2.043130991,3.397605009,0.257604336,0.062,0.628757313,0.040095738,0.072938061,0.269348835,0.045483911,0.088867895,0.009386624,3.818336182
"Gran_27_T",1.19922912,0.68976507,8.5889123,11.50993616,2.8436163,0.168,4.32971697,0.28178218,0.54187324,1.59274503,0.03938369,0.60184473,0.11670235,6.27860757
"Moth_30_T",1.0392369,5.1528427,19.8049695,46.1132879,16.3691205,0.403,3.4836386,0.3649112,1.2226547,1.2004067,0.419689,0.4284791,0.7780467,16.9347099
"Inf_58_T",2.69356533,9.67158343,1.22330162,0.12464552,0.06538545,29.897,6.70731143,2.52518173,6.29361243,4.61728766,0.13870263,4.63105178,3.2331539,0.08633695
"Inf_66b_T",0.44461377,0.70093796,4.58728639,14.99740724,0.09579631,0.363,2.31972075,0.14379621,1.08699537,0.99248842,0.12871663,0.29850281,0.28644209,1.08848346
"Inf_31_T",1.1799223,7.3437997,8.8613773,1.2530927,0.4361052,26.71,3.5074743,2.2295232,4.7795247,2.9460456,0.0227484,6.5319274,2.1472532,0.6692306
"Gran_66_T",1.00018846,0.08643248,4.30985733,7.60438856,0.067282,0.069,3.10259486,0.07204287,0.10138313,1.28224042,0.14664718,0.33534193,0.01469601,6.95324547
"Inf_67a_T",1.39318931,4.22551818,3.96785489,0.39203107,0.04278359,4.748,1.69698488,2.03913132,1.86883584,3.33992584,0.10832009,1.81782547,1.14333571,0.21060692
"Gran_25_T",0.71058575,0.07605738,8.83858749,11.28245538,2.61383873,0.118,1.03130872,0.08087315,0.6204636,0.4531939,0.01392218,0.35739676,0.0288437,10.27160961
"Gran_34_T",0.52956479,0.62562525,6.58330232,15.14462906,3.85202855,0.113,1.63488733,0.21921502,0.39307913,0.90752356,0.34156558,0.27002266,0.07896118,7.54597742
"Gran_03_T",0.26192121,0.03885128,3.34534916,7.79400109,1.59127327,0.21532763,0.54052956,0.04691097,0.04955668,0.39805732,0.13526332,0.16983533,0.01108424,7.03885311
"Gran_02_T",1.04044795,0.50326601,6.78427431,10.99959977,3.04461373,0.211,1.44104879,0.16214756,0.65593999,2.05525682,0.01881875,0.27461223,0.08044286,7.06950257
"Moth_03_T",0.21953141,0.3372323,5.7533774,11.03417708,1.74014848,0.31419362,0.74088462,0.06767443,0.12388415,0.32090365,0.05831991,0.13843512,0.02742312,9.95289019
"Gran_33_T",0.37188687,0.15078302,5.97586695,9.53638611,2.20346917,0.078,0.67508772,0.12175822,0.17217198,0.77475031,0.01081873,0.18387989,0.02358925,6.52683028
"Gran_55_T",0.422404349,0.027066583,1.355218785,2.930754328,0.251578951,0.112,2.108959764,0.027597717,0.055396471,1.046242064,0.017715412,0.164575063,0.008567888,4.356759069
"Inf_27_T",1.42723718,4.18443409,8.55880177,5.56994563,0.26158596,0.089,5.59383435,0.326713,0.33810579,3.10599677,0.09369608,1.01096542,1.13613522,4.00938159
"Moth_27_T",0.8140117,0.8569797,10.6667762,18.8074067,0.3537011,0.2702086,2.1954135,0.3045382,0.9592214,0.9860759,15.2176172,0.8513548,0.9292632,9.1164058
"Inf_50_T",0.61365889,2.42606094,6.37530721,0.25103941,0.06961778,8.256,3.91816525,1.00773235,5.19483011,6.65640271,0.09100012,1.59012628,0.91615586,0.18145819
"Moth_25_T",0.58480108,1.35538187,4.02087119,8.16747473,1.36411103,0.12,2.38251137,0.14566055,0.07273684,1.01133947,0.08497942,0.31764028,0.10454051,9.75024158
"Inf_24_T",2.48955171,2.83560039,2.28239934,6.84567251,0.09144221,21.26,0.19366829,1.79580073,6.91920878,2.05040677,0.10954049,2.77292917,0.33642894,0.26746576
"Inf_44_T",1.5727704,10.255164,17.704736,9.1506845,1.4618907,18.133,2.0940912,0.4981226,1.9656959,0.9422322,0.0889918,1.4700373,2.9727158,2.0738312
"Gran_51_T",1.24986457,13.90991526,15.16189679,9.19773665,0.55693667,0.179,4.21482094,0.31579947,0.89399328,2.02368503,0.07545876,1.74662883,10.58722679,15.09572017
"Moth_24_T",0.2463485,0.04684764,5.69589643,8.47906627,1.1703637,0.041,0.51666402,0.01590242,0.0845113,0.4440926,0.05909047,0.13381361,0.02861067,7.14252638
"Moth_21_T",0.36515581,0.13116802,7.69376677,15.86034545,1.35064111,0.132,2.04750727,0.0924012,0.15131305,0.78776907,0.06521958,0.31066443,0.1215284,15.32527053
"Inf_25_T",1.1999412,0.7492125,12.3624658,4.8005814,0.8424276,2.693,6.0724358,2.0073453,2.6808794,4.0278109,0.1083203,7.0941798,1.6854313,0.6262785
"Inf_35_T",0.61910149,1.51650154,0.36181512,0.19519583,0.08752733,7.246,1.19040926,1.44741205,3.02412874,1.19374118,0.03670668,0.60255575,1.07087974,0.02833276
"Moth_06_T",0.34578369,0.10862336,4.61358172,4.49717952,0.22125134,0.145,1.02318634,0.0706659,0.06509964,0.51035701,3.96674815,0.2565862,0.01945052,6.50428069
"Gran_53_T",0.9427276,1.7737479,10.5788462,22.339522,5.0890139,0.114,1.6206956,0.1082518,0.4035815,1.8529742,0.1841265,0.6828528,0.1848773,14.6389895
"Gran_11_T",3.17336724,0.08293626,0.27834328,0.34807265,0.05607232,0.048,2.32446279,0.27087465,1.16493255,1.72953917,0.14376934,3.146209,0.05567005,0.2759799
"Moth_56_T",3.75364472,1.23231216,4.14097133,5.57074424,0.09226627,0.807,4.81010777,0.71226032,0.45154326,8.70962141,0.19075462,0.52971135,0.41075232,2.64057998
"Moth_04_T",1.0514797,0.07417786,11.83226576,17.62812286,0.31179354,0.1,6.08419635,0.15683585,0.15815168,2.03214447,0.09481797,0.39717312,0.02438432,14.08948154
"Gran_17_T",1.11798255,34.33406637,14.12732983,28.96421625,5.297874,0.191,4.89437263,0.28863009,1.66838405,1.41629583,0.02121174,0.77582072,0.68225151,8.97804288
"Gran_06_T",0.72316099,0.2050123,6.64599831,8.65144552,2.15319583,0.121,2.06216592,0.2762851,0.34856372,0.84979041,0.06022235,0.24670396,0.13525991,9.89689693
"Gran_19_T",1.76919539,0.28974973,6.2133931,12.10133084,0.26164345,0.197,1.30784946,0.27823771,0.19059124,6.70090939,0.59767718,0.25192621,0.05722411,9.93480012
"Gran_31_T",0.29968064,0.15817118,5.9402485,12.34249488,0.24934636,0.155,1.25638284,0.05549562,0.19708205,0.55367716,0.0772767,0.31183374,0.02876051,8.95452549
"Gran_21_T",1.12521264,0.17566299,4.88194337,8.79286817,0.70938113,0.528,1.63214382,0.348634,0.54783613,0.9939142,0.11225371,2.46401012,0.04333659,6.74768845
"Gran_01_T",0.73067,8.5738971,6.6854999,12.9757249,3.9369273,0.171,2.0791506,0.1375151,0.364443,1.349758,0.2661307,0.2555516,0.1587552,10.1291256
"Moth_01_T",0.78561539,0.53923903,5.1103475,14.10237631,5.60156008,0.131,1.81523791,0.10751469,0.28583874,1.18707536,0.03224063,0.29479385,0.38307388,11.4870499
"Gran_04_T",0.403475,0.05154626,5.079949,8.09635447,1.05115523,0.189,1.77704786,0.0520154,0.09234522,0.86410471,0.07807408,0.27973717,0.0117571,7.83438404
"Gran_24_T",1.62716878,0.28849775,2.06317575,4.22520983,0.79866548,0.319,2.86442451,0.10481313,0.27656349,2.67162571,0.57525277,0.08843832,0.01642257,3.89131145
"Moth_28_T",0.90270791,0.10908407,12.31166455,14.78019571,1.93061012,0.39618022,2.46158845,0.05477247,1.60031305,1.08342617,0.05301308,1.01728198,0.09523463,15.34641995
"Inf_51_T",1.05224285,2.40534577,19.42749055,5.06224294,0.25347243,0.297,3.03565065,0.06898343,0.27958165,1.10486604,0.08511401,0.99943811,4.62743987,3.4749232
"Gran_56_T",0.75246144,0.03916235,5.71176368,5.71948609,0.97673056,0.102,1.90723016,0.11554616,0.08982869,0.93301003,0.04332548,0.35773246,0.03088759,8.23510192
"Inf_28_T",0.11229418,0.1112656,3.78682363,1.31597059,0.07443268,1.281,0.84886312,0.16404952,3.07918553,1.08707743,0.03935258,0.14185122,0.24340849,0.15476193
"Gran_36_T",0.7135386,11.2195886,16.270405,21.210853,0.5074863,0.2518599,1.5954327,0.2479775,0.6654248,1.0309302,4.4065363,0.4077644,0.6779489,15.0690643
"Gran_26_T",1.44409934,12.08378907,18.91697385,25.06430984,7.98371468,0.66,3.46238654,0.14648776,0.73846142,1.69606962,0.01175213,1.10091729,0.91288409,14.6301079
"Inf_54_T",1.91397261,6.7253786,2.50631341,6.19730359,0.5392751,2.11,2.68287587,3.47035398,8.33457555,1.85606151,0.04854387,0.95947183,2.44741558,2.84685653
"Gran_12_T",1.44818554,0.25595291,5.19488663,6.03736714,0.96487782,0.418,2.5735338,0.44736935,0.34436164,3.90184407,0.06417088,0.24349664,0.03457856,3.86644679
"Gran_58_T",0.70941984,0.09289924,3.26502214,7.65746405,0.11538417,0.101,1.26936338,0.09164437,0.1323703,0.75279494,0.03951062,0.50946064,0.4836344,5.14352596
"Inf_30_T",1.90960421,3.22918419,2.36272371,6.43893469,0.08035557,0.063,7.10763495,0.43393629,1.27875148,3.64975379,0.06129248,3.43850236,5.28474051,1.65280958
"Inf_32_T",1.61518112,13.60043289,7.44698644,12.83088267,0.30504615,7.627,3.18970303,1.2140181,3.80733993,5.61526193,0.05716732,10.70282085,8.88213803,0.60365097
"Moth_35_T",0.91882623,0.47993029,3.07831706,6.81002254,0.45916096,0.186,2.1987152,0.10627357,0.22905389,0.75188188,0.04018124,0.33103399,0.47821907,4.12753948
"Moth_23_T",0.7628422,10.2614323,6.8911268,19.4921164,0.4695651,0.155,2.9605718,0.4903485,0.699026,1.1999256,5.9434394,0.5706848,0.5009828,10.1181597
"Gran_50_T",0.63113045,0.05504392,8.67677999,21.01456985,7.11565069,0.2130193,1.64598003,0.07448181,0.14854957,1.12731618,0.03664783,0.63423812,0.19897173,14.32411178
"Moth_51_T",0.38074629,0.04370415,4.67098542,4.03684337,0.99857764,0.157,2.12552919,0.12599124,0.16368304,0.91759164,0.05266571,0.35791256,0.04601285,6.46793882
"Inf_23_T",2.18545331,0.49318433,17.15029325,28.04420912,1.62198114,0.829,7.54655966,0.50777519,1.03185344,2.42982607,0.02797341,2.04190579,1.30573838,7.2889193
"Inf_08_T",1.47284361,5.88262765,1.47151318,1.13610187,0.08586314,0.491,8.55599378,0.48443816,0.34419115,1.83657922,0.07565856,3.32416639,0.83315919,2.2880707
"Gran_29_T",1.24336939,0.06800682,1.86174363,2.42387629,0.09816203,0.396,4.20423022,0.7944441,0.21748324,2.20835995,3.63037861,0.21705541,0.01785673,2.84594068
"Gran_18_T",0.8494999,0.1900292,6.9246399,17.2344075,5.0611796,0.512,2.9249497,0.5541825,1.541797,1.1860076,0.9404893,0.7795043,1.0911778,3.74671
"Moth_05_T",0.77641797,0.30983093,13.44017295,23.26965398,2.97675075,0.367,2.29787902,0.75851809,1.15104259,1.35928877,0.02609023,0.44754032,0.94662672,7.63060866
"Moth_20_T",0.6357658,0.2745968,7.2937144,14.0485063,0.6063172,0.153,2.2645098,0.1097549,0.5625083,0.8725313,0.3940241,0.596407,0.1149123,5.9743079
"Inf_09_T",1.7326178,2.4880333,24.4782951,0.5012464,0.0515533,0.694,4.8493197,1.5682853,3.831928,2.5218751,0.0170924,1.7988739,2.7292734,0.3539835
"Inf_17_T",0.8413536,1.847207,15.4037986,2.1539921,0.1135937,1.038,3.9045702,0.556499,0.6403294,1.0515531,0.1421711,1.322046,0.4043394,3.1198459
"Inf_22_T",0.33186786,1.13691247,2.64703664,1.17237023,0.09786903,3.426,2.65178725,0.20651963,3.23230572,1.39302097,0.03285431,0.31397242,0.31931652,0.25322547
"Moth_17_T",1.3772007,0.07925702,8.30784995,8.78531155,0.28235124,0.37317825,6.30792482,0.03520429,0.1243595,2.10130057,0.03920193,0.56836808,0.01996039,8.36016146
"Gran_09_T",0.39429434,0.01810606,4.03510521,5.22127579,0.57030206,0.197,2.84064717,0.28169303,0.14087539,0.99661084,0.03240345,0.2752923,0.05200824,6.73469322
"Moth_11_T",0.79623901,3.11849942,9.31835453,10.37439799,0.21419694,0.087,2.26121818,0.0473393,0.18256102,1.31856924,0.04871419,0.34690807,0.10131564,7.47508945
"Inf_07_T",1.53606302,32.16774106,3.95846002,6.69263456,0.05042446,2.794,6.34416807,0.35568961,0.82937825,4.08346509,0.05854138,5.6946505,2.11314952,1.90555708
