"sample_id","(+)-12-methyl myristic acid","(+/-)-Tryptophan","(12 or 13)-methylmyristate (a15:0 or i15:0)","11Z-Eicosenoic acid","13.36_acetic acid","16.89_propanoic acid","2-(1H-indol-3-yl)acetic acid","2-Aminobenzoic acid","2-Aminobutyric Acid","2-Methylbutanoic Acid","2-Methylsuccinic Acid","2-Oxobutanoic Acid","21.49_3-methyl-1H-indole**","26.93_hexanoic acid","3-methyladipate/pimelate","3-methyladipic acid","3-Phenylpropionate","30.08_Heptanoic acid","31.35_4-methylphenol","39.01_1H-indole","5-Aminopentanoate","5-Oxo-L-Proline","7Z, 10Z, 13Z, 16Z, 19Z-docosapentaenoic acid","AA","acetoacetate","Ala","Anteisomargaric Acid","Asp","azelaic acid","behenate (22:0)*","beta-Ala","caprate","Caprylic Acid","Cinnamic acid","citrate","Cys","Decanedioic acid","DHA","Dl-Proline","dodecanedioate","dodecanoate","Eicosatrienoic Acid","ethylmalonate","FA 18:1","FFA C11:0","FFA C14:0","FFA C18:0","FFA C9:0","Glu","Glutarate","Glutarate semialdehyde","isoheptadecanoic acid NIST","Isomyristic Acid","Isopalmitic Acid/Anteisopalmitic Acid","Isotridecanoic Acid","Isovaleric Acid","L-tyrosine","malonate","Margaric Acid","N-Acetyaspartic acid","niacin","Octanedioic acid","Palmitic Acid","Pentadecylic Acid","Phenylacetic Acid","putrescine","sarcosine","stearidonate (18:4n3)","succinate","Tridecanoic acid","undecanedioate (C11-DC)","Valeric Acid"
"Moth_50_UT",103387.249,36748.262,30458.526,7844.319,1540016.568,23171.932,48263.048,13520.751,85399.68,457072.231,117547.661,25807.241,4631.073,1467303.288,10360.11,8534.815,1213269.105,1691.248,170272.339,490159.277,143425.046,48545.439,0,4560.195,4115.601,21772.384,4151.294,368764.926,62029.353,10271.588,590345.196,13227.545,258210.091,6303.951,210575.183,3602.995,2726.71,767.377,197040.525,6729.389,6511.862,2558.753,4142.576,229594.652,1936.319,58361.266,683638.78,0,501891.381,194903.571,2647.218,5423.108,10007.508,9534.972,3877.31,986500.574,166035.757,152971.67,8311.191,70216.896,243884.374,12417.479,2076448.287,30315.351,220803.616,99298.409,12095.633,1798.201,411136.946,7051.569,3129.164,938449.666
"Moth_66_UT",256482.348,55132.55,87521.447,12956.924,610793.012,14478.748,9865.625,14543.975,281266.237,846482.934,86984.566,11208.581,204790.577,225159.251,33203.477,34167.079,535263.309,1114.779,795588.417,362516.327,126144.006,47858.253,0,6046.342,2053.54,29035.572,12153.126,346666.466,143593.111,6514.925,161424.626,7062.534,25734.623,8484.371,6032.164,17089.12,5053.035,1300.146,299889.756,10478.718,6838.335,1403.875,1146.402,171109.017,1721.729,78894.639,1000873.943,7582.262,362482.627,175095.094,5008.038,25712.092,33164.778,49027.501,10318.631,1563512.672,197018.728,53430.482,17471.447,27125.072,96014.19,25665.111,2249388.341,118705.813,331498.118,42194.394,18589.74,2208.921,453734.149,14712.452,2562.507,540135.683
"Gran_22_UT",365911.771,65336.77,84245.205,50942.553,1151431.493,27916.871,32490.51,14179.456,406137.481,919389.06,104038.757,27140.676,177262.485,890689.595,18929.813,95780.01,675264.462,1075.316,774416.444,178652.622,183525.389,37154.206,3228.208,3492.839,1672.725,43715.784,24443.775,605477.818,149968.484,13250.848,229210.968,135214.93,361027.765,49618.549,43602.425,7270.201,5595.978,1441.586,598747.299,8170.727,33643.318,29026.669,5859.185,159501.442,14114.685,217536.083,332691.522,28810.242,627680.107,14301.409,3777.425,14932.82,58474.712,67837.639,15044.88,1721648.04,91224.712,71276.421,9454.234,52263.061,118940.015,35381.896,2257861.134,131517.307,350531.007,15295.498,8379.007,9989.186,492325.216,37634.027,5551.704,799442.138
"Gran_49_UT",412599.261,128458.429,107352.845,142010.182,659836.358,16130.62,5940.778,11263.213,2611737.823,608907.75,11111.473,17115.658,68918.521,114850.693,30973.224,38326.552,246090.474,5064.881,375424.778,19527.415,303254.778,22022.209,1157.542,2319.007,1340.987,86324.902,40378.336,345341.855,188854.24,8627.187,402118.64,10811.835,12106.436,150928.306,8567.465,4814.586,6842.137,1098.152,1047127.786,10596.104,6627.325,3016.363,1529.947,222312.613,5204.504,100708.624,613112.85,7617.546,723592.436,60105.342,4209.491,24943.223,59548.48,102226.477,14099.037,1103156.857,180170.447,55001.905,12691.319,134160.219,83073.482,26574.971,1945462.981,188531.391,263469.262,16013.325,7176.288,3164.25,851838.595,27201.852,4700.119,487055.277
"Gran_32_UT",150518.501,51626.654,26731.769,18907.902,800945.191,19533.054,50927.714,5474.701,66007.553,363011.523,27993.643,22465.134,8797.506,53158.486,5038.365,2954.239,1714917.741,854.964,269866.62,244359.951,122731.991,15537.469,1305.673,4269.732,1447.223,29021.168,3655.416,598527.213,19434.559,1868.388,151033.513,4949.841,9907.532,20081.703,51897.227,2627.082,1413.422,925.914,309136.434,3626.722,10697,8367.111,1638.09,149470.466,1303.991,156872.088,395540.528,2782.787,568215.074,87241.238,2023.995,7997.149,10321.722,4150.626,2723.033,561158.855,135347.839,58994.463,8648.436,89008.9,153908.957,8241.542,2151144.006,53523.546,187082.745,31000.442,32112.171,5769.479,270045.08,6483.588,1115.2,604210.252
"Gran_28_UT",1347864.912,19994.917,263971.636,485975.866,754048.843,25976.648,17612.452,32110.65,138790.384,739092.051,22809.102,30822.729,1882.617,335934.657,8600.713,3304.364,157843.609,1336.532,2601901.925,1372150.238,122952.017,13168.46,27452.992,25985.615,2437.429,16659.278,46644.477,421525.937,42411.928,405545.023,67601.155,26533.808,23237.507,3101.098,16842.205,11538.171,2337.771,10012.812,168607.905,6699.129,25748.753,149623.691,2140.685,172721.295,218692.295,492225.684,631826.989,12999.497,384905.135,135478.945,3543.565,104981.754,136307.355,94853.899,29591.947,2002648.498,16533.32,52410.743,42818.441,58287.524,83565.041,17600.012,3739346.719,252634.921,538656.613,116283.62,13410.515,30321.853,377405.107,507216.148,1785.778,1981701.674
"Moth_54_UT",174973.431,40866.485,39322.895,28138.652,653033.44,9883.159,6183.957,6530.493,70130.137,351927.769,4967.044,10392.673,54889.79,282706.058,18192.547,53134.88,101891.156,827.226,701578.545,123126.211,85999.156,30779.55,0,2492.677,1300.048,29077.007,5808.988,268599.972,72487.685,43031.683,207782.253,13591.189,189190.372,12087.81,10767.052,5139.074,2563.049,713.627,350481.151,8067.016,5074.739,746.99,2921.269,363604.359,47585.382,47997.667,848917.616,2675.766,445257.65,211223.227,2687.431,18062.983,13060.71,13717.258,6286.518,676354.531,172471.563,104177.901,12861.411,26844.539,97440.959,18067.524,1856101.647,53827.972,164574.045,159879.938,13681.096,1207.004,343359.928,29650.663,1394.205,316811.812
"Moth_55_UT",277152.837,66865.888,61274.31,4111.87,4444496.329,73745.128,102156.081,6865.214,154529.221,425622.087,255187.96,124067.841,34571.131,1497416.544,19795.765,29278.384,700147.693,3051.332,101901.07,142548.579,365662.891,36710.5,317.727,5364.654,3022.49,33868.266,6771.975,787598.831,85541.085,8588.725,471062.813,15256.999,87121.262,16361.829,23913.592,25429.475,4319.483,1193.321,415239.726,11253.335,5573.251,2573.637,4200.124,113468.525,5447.015,43132.547,388517.937,2060.966,659112.88,227941.847,5000.192,5158.53,22053.664,16994.501,11832,540727.768,291668.777,188896.23,7168.86,240964.975,430390.932,23370.494,1808091.328,55082.275,81682.572,25151.154,184192.782,1676.242,1551302.976,16881.593,2764.07,1421923.084
"Moth_31_UT",254124.666,78088.786,68307.9,19828.196,1094414.684,17809.084,3363.444,8442.749,118045.533,772200.17,18927.953,36213.758,168518.688,503551.04,41042.119,100925.764,783080.237,2844.185,714258.824,329391.631,136233.275,90609.626,160.86,4315.131,3453.405,25928.985,8253.168,790146.423,197150.891,10130.782,561190.141,67812.449,214421.765,11832.311,51543.519,2989.903,6223.991,1159.516,320067.373,8050.974,10219.094,812.156,3646.563,294844.786,3251.757,100796.326,937835.271,6506.561,511061.832,29191.44,3984.068,19023.002,22070.203,24752.017,6365.875,1243772.5,294934.709,283313.478,14118.391,117456.669,197431.474,35344.064,2090520.524,92234.944,299235.625,20437.668,60330.321,728.468,703118.12,10705.128,3722.443,668052.858
"Inf_26_UT",199461.945,99967.763,19596.935,2796.178,1537709.366,26722.036,185201.184,5492.376,730637.669,1082741.772,80160.913,28236.089,433.695,24293.833,8001.421,5151.123,129869.264,626,1004973.925,332489.403,578269,25706.521,1093.882,1087.323,1401.993,42624.448,2150.379,1192359.1,15399.046,6654.121,2210750.631,24703.824,7771.96,23813.049,616324.109,12012.679,1361.58,399.861,406565.421,6134.764,62764.592,14686.648,2917.448,90481.906,1374.032,133143.987,296687.794,7389.813,507052.666,214206.962,2544.433,1374.93,23634.006,3114.651,7510.422,643343.986,303918,262510.985,3474.373,310148.288,172265.682,5753.432,1896032.692,10351.944,440163.396,902717.094,17500.266,2531.811,515118.642,15573.015,1697.908,310759.724
"Gran_54_UT",362481.363,37410.199,98791.63,80962.076,753282.043,17098.719,32287.524,5297.808,112727.919,207727.178,220559.638,30450.939,5160.675,199935.87,8747.51,168740.801,299242.754,964.739,210892.295,155262.367,118625.726,55159.236,2844.124,15507.1,2347.228,26452.945,13692.492,475265.303,33398.317,12150.79,144515.205,31278.192,32082.976,21993.636,24630.892,4550.631,3939.976,272.45,264491.492,9036.722,9157.776,29352.789,3835.506,215338.555,11748.654,107057.048,628770.225,9740.212,604360.738,186635.986,2275.684,22041.171,22461.005,27071.009,13313.489,447907.517,71728.315,229450.988,14037.954,302499.11,284338.841,13742.164,2262298.845,153699.905,116147.087,83945.135,79648.282,7526.099,584975.125,22053.436,2840.237,325262.548
"Inf_66a_UT",82840.67,26906.073,6845.484,14947.572,5115814.184,20386.437,8779.564,1672.055,68492.247,51711.898,15519.803,55609.333,342.086,749.283,5338.584,734.71,1351.936,2102,0,10861.821,1627916,28124.135,568.265,12378.334,1958.038,21043.075,1389.685,519413.088,7332.927,7854.376,41208.42,17149.329,11263.543,102421.882,96350.568,6190.939,1028.655,2444.547,186185.706,2342.72,182457.487,4730.416,331.27,85099.316,11597.982,277314.128,510284.163,299.524,322397.694,8857.057,4636.37,2838.116,4314.455,2627.257,1290.303,155116.439,36751,440769.918,12190.93,117249.839,84939.167,2720.208,3189696.071,31280.756,36918.816,178923.095,267547.204,1446.893,280870.331,179486.271,786.46,1727.383
"Inf_49_UT",554469.913,88965.43,34685.771,0,4660792.762,25347.173,11968.436,1485.352,590166.673,140167.127,13112.458,44124.002,1951.628,455.882,5299.852,10127.994,0,5367,0,5292.11,3822313,22555.048,3189.433,4807.187,1720.412,27760.527,5131.843,570347.882,6005.959,4568.479,172025.012,7124.247,2109.368,85138.525,30057.309,9431.341,460.974,1923.256,263550.119,4706.634,4970.586,17168.352,2039.221,68626.899,2044.577,59343.682,748494.688,2052.206,265735.154,25758.927,6600.148,6326.536,16233.489,5278.995,2394.388,341747.907,72635,154222.367,12668.26,141047.823,133255.953,4999.165,2206182.991,74347.351,90367.138,329835.481,2169159.614,2375.39,719529.617,81750.417,1968.074,953.188
"Moth_26_UT",108112.166,77506.394,16935.201,1295.571,2395966.741,39895.997,3332.92,6498.469,2171756.262,129630.84,27479.201,69665.982,2335.776,9959.916,4664.469,1571.764,29939.496,1634.01,7724.123,249300.397,3033501.27,26850.702,1363.317,36420.888,1356.043,39837.885,2533.137,808916.416,38662.32,2315.425,1083895.471,14875.529,36659.395,4948.734,34832.05,42799.795,1862.619,3118.186,264336.086,7936.385,6893.547,7989.618,1144.575,89228.793,0,40384.388,275269.499,0,454670.05,19842.074,5885.867,2592.568,7904.614,3223.679,5581.248,238587.036,290477.362,160261.055,3425.334,93375.134,176023.797,7199.374,1385008.258,10935.01,30663.898,976263.765,181177.424,1122.235,3510909.695,1103.655,671.622,54702.668
"Gran_08_UT",316712.662,14315.326,84818.669,149566.164,572966.312,8156.384,6432.477,16837.854,77416.661,243850.306,290340.974,5880.019,34217.56,11058.853,39950.985,130407.459,92437.893,928.682,440928.184,32073.889,215217.943,22392.953,1486.605,2668.185,2649.902,21906.885,13094.808,365295.222,184284.8,2141.977,224301.12,30172.493,4603.718,14405.067,15056.67,4816.664,8121.553,1017.774,290353.286,3371.263,10247.724,453,1516.651,321606.373,55454.004,178050.507,708869.011,11496.554,419777.238,13972.013,8802.806,14340.626,57658.905,64690.063,12990.907,593093.937,59720.568,99203.267,10682.778,102653.632,55824.35,53610.55,2495612.474,131056.237,152518.359,9962.33,14873.891,1599.628,487723.474,47215.472,5684.119,167754.812
"Moth_32_UT",437799.341,52312.012,69983.955,7542.485,1190360.972,17452.237,7895.877,10477,491916.307,530900.242,28398.69,33191.023,32138.584,210148.76,37666.924,5890.172,58810.225,2139.612,505435.692,169958.079,93012.27,57688.324,319.438,8768.797,1767.481,36972.831,12725.694,484086.452,106445.374,12936.688,346076.785,6612.436,18523.813,50703.645,29839.083,8791.805,6152.876,807.605,363090.465,7921.871,8454.698,1753.034,760.919,251262.135,1628.74,72043.696,777291.218,0,547939.358,213885.776,2546.194,21680.605,54083.669,29029.117,11667.698,901294.25,448737.165,56447.861,16802.664,38808.037,155337.693,25553.046,1865586.947,92238.859,212089.701,9311.34,18684.625,1251.303,806618.849,19546.471,4082.213,345910.091
"Gran_67_UT",246283.713,50738.812,44079.306,61501.784,638825.375,7683.404,56058.521,7803.298,1053234.131,265400.438,196898.449,7559.732,79678.897,79698.229,4797.054,75146.889,182740.433,3007.198,351425.662,91745.216,584673.982,41861.25,711.031,2089.76,1085.417,67501.696,11938.615,192528.373,98859.057,4133.48,119106.027,18056.449,14127.607,713998.907,12926.431,5487.984,5693.793,1800.678,833829.445,14566.067,12828.542,2341.324,3051.031,163600.152,7112.1,106304.357,592118.895,23856.129,631488.961,25771.379,3728.136,40641.932,35238.745,28733.119,4999.03,596206.204,5655.752,53201.464,16776.874,38541.332,82035.938,17157.195,2129533.729,80112.91,226160.824,106310.06,65215.661,978.022,1984966.322,61788.506,4010.104,250600.129
"Inf_13_UT",107629.1,42034.804,19400.499,22768.283,1204131.291,7398.699,5459.517,3273.211,362605.619,147580.061,6501.47,5938.469,678.373,4323.865,4120.942,1630.425,39872.71,1064,31374.905,112077.714,1922956,263808.472,7377.077,11477.764,1242.784,38109.616,643.751,1071373.883,9058.085,2232.965,41643.894,148165.439,29275.183,5187.429,65142.468,92775.595,5141.14,1807.959,538926.018,16620.759,194945.272,57010.93,502.581,118583.749,1454.795,280704.695,50234.415,14913.007,456115.434,23552.861,2919.05,498.18,9942.748,2156.554,4963.975,159862.035,62288,18974.061,1456.28,156677.088,45308.312,3544.147,2038044.09,7286.263,62845.052,187746.207,15817.077,5185.952,3666200.116,12994.356,2126.712,22583.22
"Moth_15_UT",134482.719,15857.486,66922.033,12186.824,884278.406,14944.894,2732.189,9397.352,660947.504,377094.324,89341.883,15057.377,99882.416,111134.317,38732.84,52789.926,32469.312,2090.551,894399.838,415089.551,899195.485,17822.578,434.664,1575.479,2152.139,38460.436,5208.18,179465.251,166444.176,16158.204,484553.434,5305.813,28477.086,43142.046,17434.09,6040.062,2762.754,298.161,126263.759,4899.796,3404.764,697.11,2280.015,288369.812,659.507,39345.362,904782.921,3830.002,345780.289,28663.34,7491.46,17613.644,24076.411,15192.418,4421.073,793458.686,271008.815,162847.244,9355.491,14434.157,11710.97,30956.112,1838490.642,63307.678,169733.265,23005.546,12802.857,5918.53,644769.307,7381.129,1299.889,244967.335
"Moth_58_UT",416313.387,39730.481,102618.565,22278.766,1834183.647,57845.504,6008.608,11683.215,109268.446,888329.932,82946.026,92778.142,604.658,129391.338,9122.953,1754.44,1143761.2,2307.238,652417.213,855538.531,95314.243,27105.804,6388.197,14661.317,2346.903,25432.78,7820.389,455949.959,69692.704,29166.358,170326.348,49102.616,24700.565,14456.753,19844.547,14860.562,3293.679,1781.193,234389.571,5801.224,19036.273,28906.151,3376.176,235883.862,2926.295,136410.706,820707.312,0,530784.596,222635.648,2486.365,14396.584,34761.348,11961.966,10015.733,1547243.563,156447.117,108934.285,15568.945,75497.805,214398.154,13521.811,2311339.477,101544.321,281228.336,203610.947,10992.319,4140.018,289448.018,17424.344,1966.947,1813234.196
"Moth_08_UT",212413.145,22140.21,38409.83,21076.605,481504.217,6741.018,7254.232,6312.428,52127.979,199875.479,16522.858,10789.551,20271.855,81429.702,43161.542,67957.676,278534.983,992.126,258963.227,73515.705,299726.414,17617.943,0,2869.588,3279.335,20391.903,7213.227,485699.194,149858.019,11899.149,169836.835,12879.944,26018.897,15312.549,31616.387,2614.013,8941.934,728.501,219845.285,4413.941,9529.339,765.896,399.185,240074.437,2236.745,52387.227,866734.75,1290.682,419009.153,191809.513,5864.289,8852.273,14498.26,9453.703,7556.229,471465.987,255635.076,188032.901,8960.036,30169.592,37046.868,33935.089,1637707.981,50954.563,109742.292,8060.806,10180.28,406.892,323945.674,4954.578,2434.724,182127.946
"Moth_67_UT",237276.282,47319.355,71096.899,24498.092,1042955.807,22285.242,12821.871,11372.131,155140.801,860644.672,99895.274,25250.688,38554.537,345364.642,41939.275,6091.395,65116.753,1892.944,1421067.829,479767.482,113951.995,10979.067,0,2488.855,3027.359,22935.586,9576.217,492463.11,247461.504,5727.944,472010.52,31885.684,1050975.027,5331.568,17824.65,8633.989,4672.133,1155.122,277306.026,6420.764,19816.448,633.152,1579.385,303677.795,6396.935,92880.418,980010.715,19092.101,641594.211,303592.443,3495.623,19441.301,29977.998,24372.76,7336.6,1646006.83,214282.617,152097.893,15966.061,19140.219,60497.465,47103.296,2401489.249,90381.552,305741.833,56378.535,17049.514,911.679,393058.246,18071.362,2300.096,680920.313
"Inf_67b_UT",70818.029,17679.977,14473.735,13166.549,1403453.041,2325.681,5298.171,960.693,28480.037,13206.501,3979.489,13894.97,264.392,358.861,2000.355,0,636.328,8422,2245.581,3369.918,45023,17442.768,3373.86,9643.425,2608.341,27500.511,1571.343,124383.168,4737.165,7135.089,30025.586,145364.208,78937.787,112362.58,1111054.403,10134.14,745.881,6725.263,261634.822,5256.04,258093.247,10018.598,980.395,173341.673,1436.73,417654.798,192495.155,5772.853,262482.137,5737.081,1195.815,3165.59,5044.253,3944.78,2220.291,42012.685,38133,39005.206,6014.15,45952.557,42045.493,8524.127,2576549.483,11603.088,14389.04,37928.208,4100.959,1583.259,1079072.24,17193.099,914.332,2304.256
"Moth_22_UT",203982.13,20383.722,58175.2,11229.294,1737477.754,11963.443,8216.051,4503.105,41724.449,180956.404,68890.464,12561.659,3793.66,736601.579,19363.938,70944.49,268214.573,787.704,98467.295,35565.208,55006.977,82353.03,94.691,1515.766,2198.396,18998.285,9118.021,769318.759,169968.366,7987.642,252279.265,65822.211,198091.186,7052.256,27249.692,3744.552,5080.312,361.715,213279.367,2760.05,20571.018,1989.963,4926.331,398767.368,2082.24,157615.626,954607.298,3253.281,509849.137,450349.666,2340.223,12144.716,14729.795,12537.623,7661.852,285990.177,102945.02,93566.266,13172.125,140339.296,274358.278,15425.832,1944878.285,51810.125,66954.65,22377.709,15380.199,1995.631,686439.641,6570.727,2670.514,317989.168
"Moth_07_UT",207929.797,109445.689,52607.827,17338.984,1784202.269,29935.389,63081.943,6891.138,1281040.848,461514.363,20818.314,91894.857,21328.741,19393.494,2120.665,2407.256,586213.891,2583.888,251370.021,565017.797,176806.903,23486.673,1625.143,8288.701,1365.781,53538.6,3642.267,551632.631,33190.402,38509.309,268311.413,4664.089,33767.895,23872.991,44661.415,11833.357,2238.649,2929.215,635183.892,6707.235,3424.769,2930.036,1849.772,229305.127,0,49908.553,652176.398,0,581632.209,123654.158,3711.402,7367.533,15408.496,6207.86,4570.286,1210056.516,353289.225,65270.154,6274.933,37225.241,155168.814,30026.95,1873331.934,33842.669,230475.671,80052.174,21018.135,1123.875,792322.639,6823.018,2265.868,585322.72
"Inf_21_UT",63732.815,59121.306,8266.17,29123.736,356659.334,19279.141,32467.203,3223.581,422477.6,98941.999,26202.398,13725.892,346.724,3205.201,4544.575,1637.558,10869.729,5730,21412.562,43713.825,3015016,59775.742,23962.822,69584.551,480.797,55689.743,7445.714,1117102.008,7529.515,5696.517,43204.173,20501.976,8905.523,146602.378,21293.002,41555.671,2518.284,56812.097,445905.231,3568.695,95147.086,82301.007,2880.296,168245.382,4412.206,265757.589,172538.004,5930.805,467220.732,58817.109,11808.3,6694.655,7602.569,6371.738,2878.114,118464.605,112781,65253.782,6380.596,111736.206,87924.717,5364.687,2081995.467,22089.121,62075.624,846569.354,1509581.791,9521.616,1605940.495,85875.658,572.059,14869.299
"Gran_15_UT",360585.56,52066.081,74387.33,98174.918,1067024.956,18410.986,11956.445,14781.093,2755336.56,1144909.926,39693.488,23440.187,13981.785,48750.556,4929.775,56232.385,244879.379,1477.557,245865.748,385654.431,1049709.59,25020.075,452.859,5049.81,1644.663,77062.337,15285.647,349530.274,198588.158,2163.636,480499.174,83036.637,12395.794,364687.119,59967.697,5135.697,7948.421,340.302,927675.488,10406.729,38690.118,3110.531,863.365,177500.644,22788.008,264564.187,330144.058,16671.013,819531.38,26234.752,5652.505,24647.634,53094.045,52078.068,14553.041,1597486.472,84772.33,110653.443,7647.142,36870.22,66134.996,31127.686,2235983.808,115474.43,170852.975,301406.051,29486.099,2853.447,2197873.374,43403.303,5507.97,205340.331
"Moth_19_UT",310423.788,121903.631,69270.768,16284.089,1020760.401,23520.818,5224.086,11137.292,41789.127,935684.706,9692.496,19619.631,45792.09,292611.362,17168.821,46167.192,726951.938,1251.06,1234905.865,224455.422,92551.009,33857.367,0,1619.906,1712.704,46695.822,14252.071,619073.828,137133.049,4980.099,129064.534,18086.825,84317.16,11848.022,12546.076,4133.832,6755.889,833.297,611079.133,11440.496,4963.514,3265.92,5439.699,271095.404,3236.736,67548.216,626337.283,18520.932,477260.793,204831.432,4287.14,50620.105,31056.796,21930.374,9940.847,1605852.975,272790.514,107019.574,11233.9,37487.072,56796.463,27377.641,1803349.077,91490.324,374597.516,5496.355,13214.394,1853.437,597198.909,13302.045,2696.375,866873.336
"Moth_09_UT",240207.178,21987.84,54639.812,10085.857,1123245.662,9891.845,16760.068,9112.954,303797.706,812545.313,19409.332,9538,190743.031,197086.374,36509.183,115730.941,138885.717,1246.971,973531.265,67830.542,397233.27,22312.789,157.437,2128.186,3240.382,32681.82,11185.197,530809.967,190088.232,3937.031,168849.688,60011.931,51338.609,31093.098,15668.831,8551.733,8670.139,598.013,302613.841,7783.601,26631.578,1292.852,707.937,229894.218,16772.372,73224.67,600238.076,2670.213,442608.999,352486.32,10495.695,28315.007,24209.353,17763.48,6263.047,1438995.004,383737.686,90017.024,10747.889,38650.545,57285.7,37365.59,1609766.609,82967.986,292683.669,6006.847,10282.888,1618.271,258099.994,12436.717,2433.203,369274.307
"Gran_13_UT",273635.193,27302.385,41502.284,10880.295,953604.118,20716.51,24189.777,12138.685,221961.598,304126.422,49822.125,21327.231,11868.797,231426.188,6503.321,61572.517,491522.907,964.739,150544.859,115417.752,109598.482,26520.885,480.369,1926.315,1542.435,29091.981,7079.795,529664.4,33354.276,7928.394,150668.689,12345.323,51842.769,16224.312,18233.791,9176.083,6253.293,1613.825,330675.346,7135.085,4874.544,1319.349,2804.608,173574.573,30077.115,61180.364,377835.362,6528.669,474586.677,258672.111,2915.392,13121.704,39417.736,27740.398,6701.548,737406.668,84842.763,56033.737,9335.15,33742.069,101786.418,10657.269,1791628.556,57763.815,176993.371,10007.248,12240.636,1777.835,588213.627,22859.051,1641.215,424055.964
"Gran_10_UT",571306.922,129133.548,92732.063,51587.673,2353830.523,50143.897,10531.604,24775.071,1332928.046,649490.773,26399.167,85576.244,52122.252,402805.031,20936.713,73056.808,496487.274,2858.16,831815.603,91529.001,283440.084,62777.796,479.311,4692.142,1947.337,81846.362,40908.718,1077762.182,139921.39,23630.147,152395.762,165016.21,62013.649,72225.503,20937.626,12028.671,9989.814,135.703,892527.143,10548.76,20027.032,3848.019,2759.401,100942.769,26964.855,144644.76,620986.306,35397.67,701044.892,33180.224,7540.169,25685.75,91126.308,81841.096,14678.49,1743902.381,387908.031,103200.037,19948.463,107625.506,134343.351,29641.085,2418927.456,115327.636,324774.566,11277.914,16821.638,8876.448,1278150.764,39529.907,5435.081,1209951.76
"Moth_18_UT",346667.261,77080.605,36085,14302.091,1295471.921,17594.107,30574.931,6658.586,1476419.473,512196.834,77022.533,53012.785,1352.891,209838.042,19213.792,79850.223,287733.587,3250.303,325667.482,102506.354,116391.48,49034.903,0,7174.209,2490.541,48443.151,10734.061,848115.137,90158.135,6903.736,330655.949,443259.576,746076.83,63996.185,365145.523,4327.037,4253.239,311.345,603029.026,7645.331,134521.398,2700.75,3640.168,177204.094,4102.965,97478.936,706127.098,3498.407,616379.405,313132.891,3615.282,6418.6,66183.256,53038.629,6067.449,898394.536,589957.728,172001.002,10664.811,67965.742,216069.541,22691.575,1858196.394,71568.976,192505.843,46548.993,18617.323,1228.333,1097071.335,22634.936,3040.933,409966.791
"Moth_49_UT",281995.127,23817.973,41815.065,62851.611,1828801.645,18920.162,43891.675,4277.416,25098.586,112212.644,77300.182,30004.921,13662.994,11653.798,5091.332,3060.998,589109.97,1000.303,39125.582,114124.703,347446.337,13440.906,418.692,4780.418,1765.046,12789.153,8268.7,329477.22,26359.072,3692.429,132133.853,1851.197,8956.933,3086.654,17969.174,3552.303,2647.802,1806.885,121629.906,5373.427,2407.741,6510.521,1351.019,369520.367,21.459,82062.875,678660.045,0,369096.879,54119.233,1730.157,12215.664,13255.988,15675.723,3808.572,206016.75,69382.458,98733.894,13359.052,84631.366,141593.014,8052.375,2082120.033,45143.136,73072.011,60074.463,16502.27,2298.612,2471281.859,3362.168,1394.965,450541.185
"Inf_19_UT",551296.812,114772.526,72485.742,12597.342,1754492.884,19981.503,68758.166,4171.275,235847.034,664731.805,140214.556,40444.639,1568.956,109489.991,8890.647,2014.593,7316.725,598,3943.534,225701.587,209665,96721.033,7802.412,1329.412,1860.612,39400.028,5211.319,604521.595,9552.564,9076.296,273884.634,39056.029,33543.022,7052.066,979934.543,16235.576,2799.99,642.721,334046.072,12791.219,19066.107,13040.416,4401.456,127024.648,7888.2,90602.297,536248.761,20461.217,522001.528,80600.089,2272.344,4834.319,29695.554,10263.105,10169.261,1665352.389,62198,37242.053,9138.973,36588.937,98680.338,21580.925,2092967.359,98787.368,414876.767,614925.006,10064.671,3122.4,207027.074,53221.838,1099.891,629052.22
"Inf_14_UT",3802.553,89380.165,3702.514,5212.884,2094056.496,8293.375,51742.104,3008.518,1357261.581,241698.843,18013.125,12967.766,649.383,2314.478,9147.248,1368.538,2383.621,355,215662.446,83145.3,1205803,77599.458,5236.572,11354.645,557.629,38405.089,2674.917,1327729.015,27984.679,1675.446,412907.991,9237.493,4772.458,26162.008,11518.502,18001.22,3227.885,2654.289,549760.889,2668.777,18631.193,49065.714,1633.647,99930.647,4912.724,95481.833,82603.517,4520.937,646957.393,12906.247,3683.07,4599.745,2590.483,3609.835,1650.618,426017.058,198020,419372.028,4047.803,548760.988,131676.395,6195.693,1328487.997,9394.932,154447.074,326118.697,1693346.824,5817.651,1274549.054,64321.503,817.227,17316.965
"Inf_16_UT",328685.701,105531.07,58087.407,60740.35,980585.405,21038.631,16475.62,2349.149,284193.555,175166.363,139101.978,21920.194,569.37,2703.731,3660.997,1058.757,1187.116,14263,2066.098,64470.842,2605173,24733.539,35429.566,25895.175,1141.397,50756.95,8227.98,1011375.971,3498.461,4421.155,99992.304,72683.131,19080.428,124150.619,41336.023,35262.008,1069.203,6108.3,510989.293,6579.832,122290.008,194689.579,3364.301,191319.61,3702.343,233434.313,144558.959,2886.426,469044.923,1825793.332,2009.126,7473.859,45348.02,11322.465,11773.6,447552.172,141879,70491.797,6260.207,86685.992,112664.937,3795.569,2029197.025,24790.38,99401.847,1837985.204,83540.938,16509.415,5637647.139,31009.236,640.321,8965.788
"Moth_36_UT",216540.283,38126.364,57196.395,22181.096,798812.917,9432.213,11285.299,7655.125,14249.925,560875.855,113816.518,17014.079,502978.677,266453.637,11823.108,31033.752,131952.74,1463.658,1264343.564,473689.938,69266,11894.393,0,4794.271,4503.912,16171.634,8185.392,406124.941,75782.45,33741.481,234504.82,267064.325,129101.826,3120.555,44995.197,6140.491,2557.204,892.118,168373.652,4257.337,15959.583,2740.171,5626.047,295338.484,1265.367,72432.791,778589.771,13593.81,373470.645,104098.707,2333.357,35225.071,21028.933,18007.288,5000.043,1280535.905,132727.281,75009.912,11788.034,32893.222,38920.909,16556.276,1997473.152,64726.437,282293.219,17566.579,11013.282,2308.456,236672.493,10766.571,1493.845,457660.372
"Moth_13_UT",355045.732,58537.174,75300.983,51545.337,1638218.621,36569.28,40614.606,13093.771,130485.445,820002.866,39995.971,43903.044,3879.678,27313.03,9991.569,3221.42,1034780.954,2350.848,839350.966,824753.588,120103.222,23331.123,9854.674,13296.507,1993.894,34527.177,7947.469,634439.366,40279.715,7264.045,324543.99,18236.561,12405.941,6850.503,31812.527,27379.702,3825.577,10930.554,440247.019,8865.315,10101.468,17095.498,2973.337,219242.057,1303.278,120806.582,749030.605,0,605814.306,126480.49,3299.46,11257.863,25335.857,7557.421,9024.89,1543599.485,275794.613,87033.837,16275.945,32844.99,329732.066,8242.778,2149175.82,60573.273,348537.1,35932.301,17477.6,6493.867,500169.886,11557.889,1938.804,824776.192
"Moth_14_UT",174175.026,63281.807,24770.296,6939.732,529213.365,12685.824,11656.778,6368.851,91152.152,390678.351,100256.759,17228.209,1953.754,7379.075,16106.627,1753.513,7050.062,791.793,383219.991,322787.037,302760.341,12701.179,815.138,2933.123,1544.72,25932.017,3267.379,531587.842,33499.792,1337.867,137231.986,15500.319,33546.18,6355.216,10785.978,4224.696,2009.719,700.781,239600.232,3575.155,1838.813,7407.151,3031.799,232356.013,0,20958.494,393312.521,0,333089.778,116414.042,2388.283,5009.243,5896.498,3476.722,2972.53,683211.228,598486.643,88453.724,5175.802,26909.504,29082.958,10457.97,1339431.986,11972.648,147368.172,4898.497,4289.685,2536.513,184025.436,1072.933,1751.693,27806.383
"Moth_53_UT",240597.509,53288.873,59128.108,35130.718,2385259.818,32839.39,22366.674,18747.432,44767.135,1464897.679,29111.745,48612.051,242040.292,1017328.459,39597.734,9455.618,1058751.164,3176.711,1374210.642,154108.798,125115.373,27810.964,0,3564.652,3082.136,16243.387,6053.265,505533.016,231966.304,16632.094,172456.08,277968.293,501507.294,4131.8,21491.091,2214.211,5612.21,428.649,160170.376,10023.42,75519.353,1155.683,1020.343,362091.468,7521.387,100437.494,903387.546,18520.139,326878.775,727793.282,3150.376,16023.96,28631.408,20394.263,14610.05,2739350.807,270726.842,159023.522,12606.359,139890.443,113335.003,41863.431,1843112.625,81149.182,539493.482,8310.913,9102.342,964.728,258472.467,20996.909,3644.1,1389624.812
"Inf_18_UT",38469.972,58723.328,7926.872,120.489,1433224.814,8607.527,11875.302,3441.007,595736.752,200558.277,52209.301,20517.388,587.923,7222.807,7800.498,3694.95,82928.101,299,2517.865,244304.156,832220,33788.87,1810.842,5089.393,1173.872,32718.033,853.793,1146465.5,85050.317,6927.103,477611.904,50666.559,61691.956,24281.803,739274.799,17475.392,2264.321,1937.975,248114.101,7652.559,29327.794,6507.264,1280.705,75394.602,735.368,56832.872,275510.31,5634.791,463617.391,100406.575,3286.765,1235.579,5223.185,2944.397,2049.499,513677.082,244242,321289.116,3029.78,440084.539,255842.521,14731.937,1418938.84,9118.102,145762.777,528315.422,11048.647,1625.373,245836.436,7635.933,1634.453,25695.098
"Moth_33_UT",335907.906,34331.504,71416.306,61403.907,710341.937,4865.577,8654.422,9114.479,74054.525,259572.004,78244.912,5612.597,113405.63,12114.225,40550.73,39009.409,102370.5,496.063,355323.376,27887.138,225292.344,44078.733,0,2815.13,2848.42,21621.805,12305.622,516684.23,275838.75,7506.095,109784.429,9770.255,7774.758,4735.405,17146.763,5222.287,7266.356,595.309,285652.777,5802.751,2723.811,714.81,2709.345,383387.422,5942.719,36406.979,1001155.865,5211.119,420705.745,8914.707,7149.156,18027.509,25882.889,37896.081,10354.397,552008.863,194614.209,107989.276,8788.063,20472.997,85706.449,25377.876,1723582.239,67597.236,129798.867,7720.764,31948.668,538.148,321081.432,15179.33,1948.692,158659.846
"Moth_16_UT",213378.737,96151.405,39509.492,13889.2,1614449.118,27944.859,66348.621,11390.43,75195.889,945705.853,181257.434,47055.919,7221.742,311051.989,20235.036,1335.304,711211.637,2225.469,1508782.447,355631.738,79545.836,54010.43,780.913,5378.507,2546.536,45493.207,5008.381,732604.641,63339.262,18103.11,498212.254,0,42140.641,27010.91,53632.238,8044.808,6633.144,774.814,520354.504,8202.994,4020.102,2669.776,2755.018,256488.639,489.981,70266.832,904010.244,2920.099,606359.183,131654.401,3839.888,9640.095,13739.412,4908.784,5507.48,1621585.675,520105.83,258858.184,10477.884,65832.708,186571.039,27763.886,1960992.701,70564.62,386346.814,24304.903,26880.043,1468.968,807405.179,8126.364,4327.892,792705.223
"Moth_34_UT",99856.527,35932.236,31295.226,16878.932,1007914.068,23993.478,22762.182,9856.355,119921.173,684915.97,91624.38,28936.118,64333.46,468338.247,18053.569,24338.688,503084.205,1771.653,384672.55,158099.457,444005.767,23009.653,0,3327.232,2628.093,28580.802,3226.431,947975.139,115298.686,5145.578,680402.925,255085.468,142496.746,7083.677,88023.833,6037.193,6538.649,721.402,393336.532,6251.174,14456.845,905.479,2982.472,240817.494,75668.804,53541.541,573616.791,13988.869,498153.96,22731.401,6787.236,4600.551,9591.509,7272.979,3848.809,1395635.331,237588.789,84622.404,5155.032,61378.633,164885.991,21606.827,1430424.436,35977.332,257055.398,48103.596,14517.408,1950.785,644470.122,22430.59,3171.759,765023.146
"Inf_20_UT",153490.226,97648.322,18847.9,9004.828,3804268.613,9885.636,10427.126,3062.874,399335.388,99972.601,15460.438,17304.899,529.943,1670.398,5871.152,1002.711,9908.978,1133,40513.257,93052.661,1436278,86837.842,2950.831,16944.815,1573.876,29540.888,1382.873,786395.292,6572.653,4364.826,77966.785,138094.149,30636.504,11288.15,246951.055,78463.308,4380.319,2305.945,700086.749,6509.729,191998.785,34412.014,497.421,107039.946,1182.752,255070.101,122124.128,7496.284,335406.006,24957.616,2176.718,861.654,9677.367,2613.904,4917.696,197240.567,145289,1265837.439,2994.931,130741.096,61506.694,4183.305,2279634.155,8820.726,78824.665,277460.399,10498.164,3580.633,4046056.764,12517.621,1126.811,14488.671
"Moth_44_UT",188491.034,64284.063,44602.736,2689.116,843688.912,13658.65,3976.514,4716.594,128409.114,387880.549,68300.909,16380.92,123925.793,19946.195,28542.731,77078.541,125634.203,1458.207,1057784.678,651341.589,145462.822,26368.151,0,2365.129,2221.524,33677.262,5250.54,439310.625,74154.583,12273.071,233083.839,39213.82,29084.273,44428.634,41444.032,10712.383,5232.283,175.449,392319.605,8833.994,24165.425,1627.932,607.456,96284.489,2293.254,83747.509,632688.612,17367.489,503548.632,256383.657,4791.278,10350.316,12095.135,8533.267,5538.775,788651.418,415589.817,110807.205,7001.041,24241.981,98671.215,40622.009,1865039.764,46212.752,183769.902,11471.51,14817.509,2705.504,747588.032,7934.121,3377.885,301737.924
"Inf_12_UT",3260.955,36761.951,1393.899,1182.732,961702.834,6333.21,43716.798,3713.971,123421.101,125677.394,26490.01,7255.099,1168.889,2002.374,2895.23,2246.929,40439.146,391,12730.057,118855.154,2364117,56383.497,1149.21,13187.601,586.936,25552.535,927.592,840004.091,7993.903,3867.969,149626.23,24849.636,12413.823,93129.829,23456.874,20002.824,2167.218,4426.678,156315.667,4165.379,12645.466,10165.688,2333.339,80424,2897.901,80929.838,208536.698,5198.375,539516.518,98796.301,6865.336,2097.233,1730.004,2377.996,1811.493,238249.109,88039,219237.095,5644.536,140780.291,80755.031,5701.936,1415834.551,9241.378,67114.374,1060081.624,499646.779,2545.849,487916.338,46786.421,666.28,4981.593
"Inf_06_UT",160138.234,123710.962,10100.562,24977.25,1371487.701,15631.155,38919.717,3677.34,327392.887,608505.343,10649.842,31127.875,1025.097,5460.063,6535.247,1234.028,26056.054,1700,61645.376,129608.589,198915,39804.869,18982.142,282343.039,2453.885,38488.896,951.435,916607.952,20986.754,14683.263,190669.091,885508.553,68826.613,42812.288,1774859.47,34864.332,2355.022,73866.274,554999.545,28335.989,10460.594,72308.297,1711.047,152783.481,2268.801,64898.606,238667.028,11273.092,369955.542,47545.187,3957.131,1653.632,25857.579,5639.533,2470.418,466300.062,94469,81254.289,6919.177,201495.444,55362.028,10328.512,2443175.645,18827.713,302725.005,749922.023,613633.845,7228.447,3879805.86,6778.421,1699.831,45799.382
"Gran_07_UT",165831.974,38623.616,74351.68,43928.991,2244471.129,30053.33,14983.492,14066.524,964220.63,1284697.17,48749.538,30382.317,194893.375,45956.453,18539.694,23422.482,171974.619,767.625,2352504.57,250255.813,134447.261,29195.875,918.415,1008.264,1464.261,38027.652,6456.998,665247.638,166474.843,7233.02,77118.028,20689.681,15455.186,10647.266,26928.925,4769.9,7880.929,1460.376,449982.451,2823.852,9418.678,2968.783,4068.632,226304.168,10233.274,77746.858,533664.89,21509.444,408742.997,24295.925,5344.186,17157.354,18659.283,16498.172,17664.368,2675837.108,125468.488,66397.33,8974.923,71697.031,28351.468,24567.466,2092616.294,85828.013,578737.288,3863.826,49068.243,4922.992,420475.996,23304.825,6261.156,886089.037
"Moth_12_UT",152270.08,32856.054,26726.58,22789.631,1455020.893,15253.245,35896.433,10136.941,30449.679,473037.365,81737.168,19368.583,2886.673,21710.695,12400.118,3040.597,584801.877,1233.343,575714.614,567232.569,93592.636,20555.419,17488.11,3224.047,6575.711,21107.409,4301.673,656145.889,45074.784,16577.218,129074.974,72204.696,113249.637,4580.783,26692.241,12250.375,2693.588,1734.204,186489.301,6212.977,62935.728,16004.579,3343.291,288908.696,796.13,57348.18,418378.96,0,511470.981,141294.59,2901.249,5012.199,17742.924,7214.49,3865.016,880174.144,218022.635,100350.38,5493.993,81426.4,137950.352,11822.336,1628154.184,23891.783,236243.154,40970.412,17352.925,8776.072,158058.43,11033.292,1797.33,479460.995
"Gran_14_UT",170165.38,184256.641,44254.503,52889.879,460578.056,17268.79,28133.217,7077.735,220580.505,593979.941,90778.785,36837.944,1806.142,17216.036,14856.691,1035.827,7687.457,1095.348,640379.653,302956.209,36100.139,57467.236,3091.715,7832.619,1367.045,65912.51,8309.317,870647.695,32361.898,6823.776,198772.431,64427.339,20594.271,29412.605,21379.906,17334.795,4000.621,875.808,739521.688,12388.259,20324.198,12275.596,4021.652,146102.003,3945.082,195235.394,409349.402,11187.151,646452.313,130787.189,2041.823,15780.987,12212.372,7804.376,4153.745,972899.239,224753.417,60880.188,13341.316,208297.495,164991.929,12574.826,2492761.343,55802.297,263880.97,8842.831,73152.371,5959.355,779788.647,13507.475,2701.748,409896.579
"Gran_05_UT",582333.373,22034.257,91255.113,128249.282,471936.45,11624.23,17592.745,8134.098,549031.521,595724.887,104645.965,11928.009,64452.734,237795.915,19712.062,104005.521,412766.082,402.242,281478.756,112471.823,103337.908,47161.485,1095.115,3326.21,2203.908,42108.483,26800.358,417973.811,183430.415,1758.952,117361.881,28604.265,44241.431,33275.912,19406.517,1866.392,7377.184,739.061,394935.875,4014.348,15702.498,2165.873,4518.929,260060.236,7280.192,141812.018,517880.432,7189.707,481075.725,12617.735,4326.945,49105.319,107236.062,74909.612,19614.796,953075.214,153154.635,83255.147,22109.828,85113.307,81902.897,20086.906,2296117.736,215981.813,245950.01,5393.635,2646.596,9748.394,347977.359,46205.768,4185.037,354472.523
"Inf_29_UT",5071.793,83957.895,2139.958,11123.774,718496.19,874.37,9638.762,1607.064,300757.461,3072.779,2707.24,1349.355,1281.372,2220.963,2435.285,889.6,1527.186,2173,2825.842,5007.874,127,40960.904,2554.313,26307.417,1876.453,34757.336,3676.307,875526.872,4485.412,27403.653,13703.363,860810.89,256364.976,105601.106,1055733.623,34175.772,1198.319,11494.153,789925.538,23751.627,148850.64,12814.486,334.366,116341.524,3940.381,161615.407,555762.869,10264.539,311587.671,3432.629,894.15,7398.377,7873.981,4179.575,1085.353,14268.131,72456,66786.958,9542.381,178815.924,40244.339,3354.318,2339036.789,9366.817,4653.508,73123.486,42020.771,3029.149,1216144.009,9437.727,714.352,2874.659
"Moth_29_UT",384672.683,55144.401,56496.489,9088.773,1079052.433,15517.442,12419.219,9128.966,159504.615,536254.808,229590.106,29877.55,99776.791,79318.704,28893.9,40300.202,264901.194,2831.92,613353.973,235980.762,267626.559,23160.364,0,4723.093,2747.386,31374.103,12777.938,1200227.73,209671.188,13417.809,133285.718,4668.545,12999.329,10599.469,52938.866,6129.97,6621.454,726.134,333586.977,5973.87,5437.221,1052.303,2606.123,241742.969,3210.27,51722.885,862229.682,6506.561,683720.847,275948.557,4889.36,30577.96,78305.107,38006.903,8567.191,962442.855,468655.011,127869.591,18406.082,57795.686,134334.301,26648.673,1850963.544,74913.564,218948.33,8682.647,13384.304,1079.03,479120.031,28404.105,4419.926,397059.38
"Inf_53_UT",110547.939,65211.06,16495.633,6144.944,2124531.891,14914.458,10234.298,2249.889,1041897.596,288601.266,23741.829,12423.443,96.248,1023.981,5601.64,449.386,0,407,791.358,127317.001,94473,34417.186,1899.597,5010.541,2031.702,27609.03,1144.446,844328.234,8873.534,1016.822,61110.756,400374.866,14795.873,25131.095,1508422.011,18432.46,1891.914,715.088,347530.76,1548.771,308118.588,10155.098,664.604,200713.053,3089.182,288052.222,42314.59,3228.071,319947.923,25774.231,1640.425,1037.004,7701.081,1937.338,4026.274,536376.539,153815,26474.519,1591.453,136996.624,78138.445,9695.412,1862568.262,7604.186,164009.511,90330.012,1112.755,2680.211,555007.187,11350.793,670.126,222101.394
"Gran_44_UT",214822.851,27335.342,77842.374,70227.357,514829.189,7428.8,15959.991,10118.902,45147.77,271196.626,45812.111,7477.794,63279.166,23897.995,17935.412,59309.799,147960.808,898.233,432342.513,50082.794,207094.66,21582.947,991.423,2484.575,2159.81,24774.007,8418.808,300403.811,121549.674,6346.135,231382.838,40537.68,17056.95,28512.35,14690.991,4226.402,4034.856,607.533,288829.727,6609.373,10499.56,4361.484,1014.056,269920.556,4034.222,105693.251,683791.025,19922.953,546979.534,122308.235,4593.316,18677.96,18056.296,20688.052,9446.484,595196.126,83923.886,99336.984,9747.973,58675.899,111470.736,27980.52,2064964.054,86239.823,155380.186,11848.029,16583.558,2262.603,395336.551,18171.447,2252.267,209306.651
"Gran_27_UT",485736.218,75416.621,121517.301,33661.909,1056767.375,24647.273,30028.078,8539.854,217617.382,340556.702,29027.449,29791.345,51515.169,348549.97,19313.899,67906.771,645913.207,1081.726,194533.574,325901.022,259130.324,23828.062,3153.084,25824.293,1666.712,40669.158,8995.398,864011.33,82192.195,13153.952,405078.566,12891.225,28149.008,27781.694,23294.021,4444.633,4441.765,5608.72,501211.415,6054.071,9409.612,13704.973,2628.212,114501.95,9686.973,129784.575,435381.484,13318.081,702793.574,76107.491,4044.844,19332.115,54461.246,38949.569,20350.562,767982.79,105136.601,195520.564,9842.247,78158.944,206503.185,25400.714,2034704.168,152861.506,180184.363,24290.36,39213.546,4350.181,740821.434,49206.952,3467.081,438931.914
"Moth_30_UT",196760.322,124489.688,45922.198,5111.084,5613653.113,84420.156,198741.924,18633.825,311504.764,1211387.742,58278.478,158790.998,119149.881,2450783.288,13204.208,21137.669,966335.811,4241.066,574671.016,468842.823,453102.134,42113.272,0,10996.824,3401.062,34635.312,11118.832,1021309.392,96433.515,7201.512,723412.837,221879.793,184738.585,11876.962,80401.903,9245.169,4743.248,286.33,456174.676,7778.254,40366.662,3924.816,3488.533,177995.685,33933.152,192370.395,778923.902,6303.479,417562.377,54178.027,6077.126,17195.345,14162.408,25615.194,6717.952,2320519.886,515259.609,109109.99,14285.38,256999.646,239614.301,13518.547,2283390.938,63331.172,482855.579,135161.331,181616.543,1014.496,542191.137,25917.972,2748.097,1977779.935
"Inf_58_UT",4778.256,124786.199,1396.876,9449.391,499460.809,3901.219,1879.742,1573.977,274124.719,3192.223,4043.972,13578.63,534.581,2219.795,958.621,1363.443,1379.058,1532,2620.864,4126.408,4109,33648.695,1929.567,37298.238,480.005,50460.402,2413.783,743865.171,1866.581,6349.363,40534.139,7487.75,5523.639,109364.976,112567.571,49596.671,866.46,7452.617,764964.313,10479.474,20760.414,38392.859,321.982,140925.731,3462.179,163685.366,373983.761,5461.629,51617.863,2465.152,1222.432,5272.113,1570.172,3735.579,826.411,13592.51,29670,11258.756,8583.496,72633.817,46715.396,3558.283,2133664.496,16218.37,4378.034,579941.074,399739.189,4516.15,963223.28,90697.117,418.228,3613.272
"Inf_66b_UT",3595.836,19625.179,1552.635,19107.908,1677734.312,7428.561,7030.997,940.605,30313.908,67124.415,56104.86,11443.879,634.308,2119.267,4181.461,1110.727,13586.118,708,2893.148,5132.849,1043702,19298.031,285.862,3910.768,1436.053,20156.655,879.907,583828.221,6934.736,8294.902,94083.312,6318.174,3496.807,79636.287,75806.784,6564.205,1030.789,3461.37,94979.046,1710.169,22061.031,2513.475,2331.275,112784.644,3479.182,72601.344,391752.613,0,448540.911,96401.113,3501.677,2492.061,2107.971,2149.877,1280.386,130650.153,35247,774403.118,9612.08,131192.977,143362.066,3173.576,2689468.405,10364.92,29058.831,186498.777,1165539.281,2402.463,286064.662,73148.763,997.016,23058.735
"Inf_31_UT",3641.314,35894.779,1813.557,11903.491,857151.851,8668.446,3354.153,1056.408,811740.126,28586.251,6088.987,15482.125,993.788,1207.503,3136.499,0,49947.55,15836,3210.304,10436.019,1130022,41488.623,1656.384,20627.328,2080.02,40322.98,1689.421,427909.722,3688.028,3801.529,13847.851,160742.23,230811.223,183364.107,514872.505,9504.571,862.192,6134.058,366761.339,3901.273,39286.486,8238.22,187.823,94862.896,1013.787,114648.657,153512.926,35.1,136849.394,3889.584,1961.806,2559.414,2534.19,2019.683,1138.243,45655.464,13987,53242.559,3870.388,57750.944,31490.729,2432.436,1842705.702,5577.7,6753.867,141422.439,51180.365,3160.503,1713519.064,28344.827,403.806,3083.843
"Gran_66_UT",117214.14,33190.703,28472.532,14343.204,353580.797,6630.773,2400.354,5529.668,74999.749,350675.979,9702.04,4847.61,10684.844,9860.709,4758.847,682.792,252455.287,273.236,213878.348,268449.902,26612.52,16742.623,960.738,547.647,1349.004,24344.186,4932.15,556976.362,31894.091,4521.065,57651.167,6409.88,1898.709,8117.086,46640.934,6666.43,3521.329,1313.19,280331.091,6226.678,7906.653,1960.685,1113.334,158553.907,1604.52,53044.428,724700.645,2791.05,353585.596,647677.425,1962.122,7411.05,32083.004,17827.653,5114.522,591787.358,150425.528,61196.055,6789.742,13451.813,21664.883,10335.04,1710753.24,55229.9,174756.656,4902.99,2937.014,729.804,342032.771,13697.6,2945.926,195035.64
"Inf_67a_UT",15291.865,85069.44,7738.374,7108.856,3537473.668,11454.007,4297.303,846.072,189655.244,9826.127,5325.433,44554.88,491.676,6508.592,3067.911,0,1511.539,17439,0,3365.495,44181,54391.357,4886.161,27667.263,2544.182,39138.937,2607.93,322729.517,8051.074,16792.014,22970.717,43424.225,15157.359,276775.88,1372610.391,6679.135,964.631,16190.675,563859.525,4882.705,113676.25,15013.777,1539.736,126125.617,722.616,275501.09,202427.183,3051.398,253348.668,4334.514,1165.254,3588.288,3432.867,3910.284,1615.358,44831.254,93200,62471.875,5530.483,90236.974,28714.768,9420.766,2213942.119,9485.767,12707.697,137380.132,22773.834,1823.907,2461999.505,21201.963,808.574,849.674
"Gran_25_UT",334189.384,25863.262,80383.746,11060.769,989663.885,23740.561,59059.949,7245.634,52659.82,575837.617,8834.441,23950.246,25652.313,378135.859,7643.514,1499.427,55878.183,672.273,585024.785,512200.247,34877.185,20010.804,1783.926,5817.152,1255.797,17500.806,5514.766,225103.42,167315.526,19871.712,97806.061,17417.247,25322.619,3928.386,13971.488,5027.621,2506.012,584.568,150120.952,4036.047,7520.84,5534.129,2285.171,249245.435,9215.804,60328.772,948143.88,3602.657,343949.118,56004.108,2513.739,24083.882,36795.118,11658.529,10057.797,941845.751,106961.402,49174.16,13766.047,75959.846,80691.709,10332.075,2032133.83,134903.414,243749.533,7268.968,9491.419,1406.569,274229.263,35477.127,2023.881,743549.073
"Gran_34_UT",125052.957,30489.227,31267.532,10344.855,871647.444,13162.924,40364.579,7751.329,116444.794,393421.429,177392.429,13984.633,27065.692,449954.926,9501.606,46077.794,925690.32,993.585,226050.093,146040.198,212223.294,14196.22,1638.969,4004.4,2636.873,31592.684,9240.498,531247.752,37778.873,3102.96,205280.854,160773.063,129992.19,6577.877,30479.02,2641.631,4868.237,20.877,263197.337,6470.301,16382.456,2831.991,2706.216,205981.272,21020.489,145024.749,545336.436,4694.288,538446.086,174063.479,3194.347,12684.923,23823.906,43135.317,6004.611,680702.921,136188.187,73967.607,10780.03,63992.995,118313.688,11637.793,2295664.147,62478.947,179628.707,16641.315,8307.172,2786.619,434279.075,15474.249,2576.622,435647.953
"Gran_03_UT",434028.452,22724.357,141310.463,40784.155,195044.149,6555.297,10306.94,10883.442,117367.409,497804.884,14730.347,4369.302,133148.438,173474.184,13640.083,28140.925,428882.463,565.703,611289.576,409858.495,65661.359,17764.751,1510.941,3581.99,1943.328,27933.44,10086.297,197726.353,77324.258,15737.092,190409.337,18105.084,42440.259,7323.324,5185.163,2331.951,1930.862,2914.488,221466.905,11180.009,7966.087,3109.54,1184.247,289671.954,11175.611,117599.93,1005494.561,7077.698,399885.245,12837.902,4237.806,44650.157,53505.71,27875.722,19163.778,859533.255,118783.755,52745.562,16678.63,50447.261,60745.988,18561.756,2512207.745,164170.532,257914.721,6031.991,6965.915,2414.292,274959.187,26268.413,1219.674,351842.113
"Gran_02_UT",344931.612,56025.915,92781.973,11466.586,1073622.689,16426.484,28104.641,5171.883,937394.98,385704.653,30741.594,22656.662,110507.935,462631.368,31880.15,67810.754,326287.116,1636.21,284176.658,176169.153,405322.899,20745.722,1164.948,5252.525,2191.882,47631.933,10924.059,565670.912,161127.354,16083.638,313740.492,24253.924,95195.535,92646.404,31533.196,6701.762,10056.328,1047.003,584139.906,5212.735,10362.561,3965.977,4350.511,191495.392,6601.455,119894.441,674949.032,12215.433,727228.787,287300.529,5890.56,18978.627,39605.834,27918.076,12252.153,830065.057,220613.205,67431.268,14342.61,31783.272,140908.126,34709.762,2139340.873,127514.469,183191.143,17704.666,6415.866,1971.955,981311.029,22603.403,6377.778,432589.943
"Moth_03_UT",234826.477,21911.655,41649.053,33642.85,878800.905,13791.834,12033.452,9357.704,114528.23,666113.024,29829.307,8735.014,174278.118,247616.61,41127.739,83176.427,300559.796,963.507,645463.632,62340.116,357814.96,30641.975,0,2329.779,3020.055,19636.985,7982.063,291222.348,258785.176,7478.87,588138.905,64193.836,62183.342,6543.74,12647.587,7337.982,11830.356,611.197,213763.111,8495.576,13398.208,1046.671,5860.808,321017.472,55620.355,52031.278,829791.487,13715.184,477688.629,16327.006,7491.46,11794.409,32772.95,13010.462,6610.652,1222514.405,111802.388,136779.262,12718.516,33212.144,135511.334,48691.793,1729530.364,79059.549,282426.224,19406.406,15464.051,887.615,392443.495,23526.797,4913.564,498078.495
"Gran_33_UT",326256.814,13812.981,106287.404,95301.292,475029.645,11931.164,5356.456,13266.006,69133.879,331074.679,106240.442,7785.059,51059.149,247759.134,6018.689,15662.512,130409.297,474.357,626927.041,154217.328,56612.908,31892.453,7954.659,11744.683,1875.176,19896.112,11490.603,187789.6,21627.774,13074.155,84273.429,20186.459,63962.209,11870.943,14441.126,3378.42,3555.564,11720.586,147141.59,6439.725,6182.078,9424.771,2599.847,307326.868,3894.145,110520.677,662005.68,3787.197,374175.484,71408.907,2515.837,18790.71,21710.764,18244.988,8719.678,773757.632,40285.7,43597.004,11301.02,22982.649,59560.717,9345.62,2634490.242,95216.899,221900.799,4957.41,3793.899,4981.334,414344.634,17025.326,1677.659,318794.547
"Gran_55_UT",308102.103,14441.162,94825.257,174705.907,321388.173,3428.6,4997.782,9938.011,79250.571,271102.185,76150.378,4095.836,74769.363,22569.127,49608.437,57931.607,74472.06,481.568,519107.601,37376.161,378849.11,9226.37,1718.325,4190.133,1428.181,19144.337,15760.78,260003.148,292154.532,2510.183,131271.018,38566.478,10179.55,7595.471,5164.189,4963.191,9014.601,986.458,163108.959,5786.777,54066.236,1886.342,370.52,280795.88,38460.097,175803.885,424293.371,11508.489,343433.582,11873.608,10484.925,19958.844,60949.001,37696.53,11821.048,602999.031,59510.077,58998.674,8924.313,12619.219,22333.541,49189.296,2520180.898,118890.093,167865.321,5662.28,13861.022,2011.203,228327.771,32885.196,4683.111,152431.458
"Inf_27_UT",289137.702,92533.264,50525.627,9845.482,1242036.073,20472.441,50826.5,4148.824,3686146.999,358680.072,23906.617,29671.619,975.234,5901.918,6005.907,940.551,2534.879,948,118873.015,228785.057,1260736,73639.915,5379.503,13114.283,1451.103,48565.075,1072.919,1190236.673,6439.255,950.382,143927.951,219756.008,30959.334,21173.497,122909.28,46168.109,4607.605,1246.191,1230226.239,9967.565,256057.811,67106.015,2571.73,120740.352,2519.591,287177.331,198781.888,10131.157,538324.163,35398.71,2371.913,1417.897,11423.455,2896.548,4976.095,750493.689,228956,186609.699,4565.263,249449.995,126279.481,5099.128,2939395.066,12156.748,140118.196,133550.386,25488.157,8965.119,2669574.523,32541.527,1480.622,25375.931
"Moth_27_UT",204753.921,65905.111,62865.367,62365.392,2077439.6,39792.49,9503.239,14365.559,143753.797,598503.217,131144.38,127837.262,3111.206,30058.645,11919.897,11298.151,1141471.556,2506.208,586378.767,622348.033,501555.092,23162.438,5085.345,25727.408,2964.061,31865.255,4632.082,675836.735,51315.893,41619.372,446342.379,49260.373,40912.466,10515.13,49986.443,38369.459,3246.918,10995.122,315163.051,8636.138,8344.273,25172.808,1708.184,177157.235,2391.25,88289.825,579875.095,0,763934.753,109024.841,3947.778,7874.518,17028.602,8445.842,7717.737,1407679.253,135715.887,1330581.137,9988.55,140321.578,284732.547,12035.587,2248299.55,52822.964,326590.505,234152.246,57217.872,2959.812,1389941.442,16412.388,1649.771,968734.18
"Inf_50_UT",64125.577,21570.381,9032.071,21476.141,2903527.415,19813.08,26745.336,1571.614,300184.208,8236.358,4988.691,62195.754,649.383,1140.874,2167.388,513.584,2324.161,51755,0,3414.158,2668,57419.146,2930.083,44040.75,2952.899,40060.814,1939.201,505278.898,3077.201,2634.494,25839.423,53774.817,10010.878,385782.804,1305970.45,7498.898,535.669,8527.089,1150543.236,4202.876,201389.616,8462.974,637.772,148609.411,1282.643,326656.416,54950.866,3154.36,349525.348,3728.884,2079.12,2017.106,4955.793,2489.273,2311.747,36942.049,26593,66022.388,2251.478,193834.811,62457.485,8840.172,1728395.752,12932.09,8584.028,91081.871,25696.742,1745.696,667663.148,50145.006,478.799,0
"Moth_25_UT",264678.619,64433.047,57634.666,13216.769,1166632.084,12216.059,8828.472,6510.669,66384.562,926468.647,13688.668,19538.41,503267.091,180983.663,47850.829,174584.444,83246.77,2314.052,1474979.589,331030.911,299112.483,30378.577,0,3665.926,2377.335,35879.361,13767.047,794933.656,313600.508,6173.758,76998.622,35372.386,52977.094,10528.359,32154.911,3943.496,8372.042,273.146,350750.651,6664.455,28254.343,3059.161,4783.83,218770.115,6976.328,126080.251,854621.566,6562.885,402705.145,369805.482,6863.739,25163.721,44095.879,51804.814,7412.604,1647459.603,258510.584,155763.956,12328.046,154634.663,45754.867,50812.328,2303143.682,100041.377,330078.274,21183.706,12413.388,638.23,405551.587,20981.083,5147.833,458652.157
"Inf_24_UT",184454.315,114402.477,33229.37,1667.458,2454410.187,5335.807,6800.128,673.549,308866.23,14606.006,1784.015,13301.56,272.509,3745.246,1898.683,3859.011,0,1608,0,3713.878,17829,6481.051,1957.231,38558.482,2673.293,51645.519,2898.583,34112.81,2687.035,1912.319,47838.853,6180.577,2826.072,18829.727,28460.647,25043.45,769.357,10444.212,813215.382,9142.64,7243.059,6084.822,3452.021,108763.088,880.954,42717.836,217487.301,6027.916,42353.022,4627.49,755.148,3475.646,10965.069,5159.928,3527.122,33670.745,89325,19833.446,5833.567,1696499.173,50296.964,3449.232,1256778.807,8405.48,5868.339,28524.5,47727.833,1419.82,5532412.924,2581.721,403.806,5460.343
"Inf_44_UT",90927.426,65764.039,9791.027,7103.317,5068670.12,39179.419,23601.063,2398.779,561313.417,150690.892,39463.267,100586.363,545.018,4794.943,8115.197,4771.03,19838.819,38212,20023.606,20428.541,2513724,37321.291,2802.137,10574.428,2959.236,36186.353,1327.24,358791.236,13411.102,2108.751,505585.547,127843.161,14741.545,212641.34,242101.362,15609.058,1860.969,2998.955,406629.172,4419.704,160229.499,9638.517,1550.055,143480.12,2969.1,182565.102,135149.61,3879.769,204110.512,10112.043,4896.629,1556.086,5929.863,1880.586,2389.98,101112.07,103760,943565.88,4035.13,121408.95,87019.773,32331.503,2443170.328,12333.011,74862.481,325378.984,34868.125,1829.923,452918.082,35961.363,1327.753,71333.818
"Gran_51_UT",371778.794,50181.539,97982.873,116662.047,1059887.863,22178.722,30084.244,24279.369,143112.902,627026.243,53961.781,39465.056,1919.439,16522.918,7839.579,1757.414,7505.605,1729.159,1396567.909,746606.301,377441.475,21804.455,11861.098,12872.877,2690.993,30652.347,12156.594,627182.941,25111.862,7527.129,246445.753,23433.086,4293.769,16002.453,50850.345,45236.115,1858.479,1536.578,266844.588,7680.523,17907.577,28007.668,2949.98,203002.737,4898.881,281640.803,424894.133,7184.198,431158.454,136048.988,2853.519,17261.978,25357.708,14298.898,12385.567,1384691.016,103662.348,57200.339,13800.78,33112.546,55905.556,8971.993,2712149.2,72685.543,365861.863,2221757.683,28492.727,14146.309,297962.53,21840.754,1471.141,417912.939
"Moth_24_UT",381092.828,49805.525,89711.475,42754.139,1935068.468,22661.633,9898.097,10043.158,112554.622,960010.067,19473.336,34208.139,15809.656,286042.978,46600.022,90954.57,505296.794,3197.153,797969.865,141380.156,209975.453,50793.655,570.426,3776.755,2884.938,22204.921,7350.191,364422.621,272469.732,15912.751,282127.99,67786.601,69885.422,7643.458,22091.554,3408.833,11662.799,927.613,309450.228,8432.935,17120.643,3234.544,2517.517,245816.395,8027.82,128714.564,772483.345,1197.867,463987.047,15944.842,7843.573,21407.898,36231.338,22663.644,14401.598,1650304.899,139082.524,128055.743,15006.503,185752.161,150794.344,61177.817,2030534.308,123668.856,351413.217,7160.593,11744.779,2977.86,751247.227,21668.598,8418.472,713672.303
"Moth_21_UT",529042.652,27040.599,56950.697,34305.24,789286.016,15717.219,44167.686,7494.246,133979.92,910137.564,170097.361,10715.713,393799.96,140170.418,54070.122,161039.459,273138.108,1554.967,811506.718,158873.561,369446.096,31273.162,182.536,4898.889,2714.52,27273.085,42681.377,600715.769,311395.747,8999.657,193805.598,9196.268,18820.047,13894.491,16917.933,5143.857,12144.04,1339.022,306353.884,14655.079,11836.257,7522.196,3164.252,202555.066,16536.323,107235.116,633564.755,3190.611,410643.231,20307.18,7743.53,76696.546,122307.482,79077.408,14839.738,1593437.843,92615.813,131239.329,35275.209,38563.924,117070.804,65018.498,2127642.143,166104.996,375749.657,20531.887,14346.394,1595.848,312472.322,82852.328,7711.101,483025.028
"Inf_25_UT",6875.396,103147.394,2039.756,4175.57,1816526.902,26404.3,30420.868,2095.091,1777239.425,38614.27,8878.109,73963.609,897.54,3230.917,6265.736,1672.204,5046.809,6999,2120.147,7830.332,1295047,206663.081,2487.458,52701.987,2008.732,70766.405,2958.757,1141145.07,6804.346,1467.46,115796.775,33187.613,17939.551,180958.067,34948.411,102194.731,1310.361,4301.568,548684.054,11048.444,17484.135,51319.133,2621.266,95644.197,3324.032,59063.405,339010.235,6633.983,619270.471,28826.429,3258.176,4481.296,1556.099,2964.427,960.84,31155.162,233885,50727.949,7810.475,357518.315,178676.7,4317.599,1308898.751,8728.809,9520.218,214664.959,121425.381,3688.924,4251345.34,55011.382,934.523,9620.296
"Inf_35_UT",8609.749,21013.213,1797.684,2146.645,1203983.517,2047.364,12756.8,651.097,83309.545,771.63,3172.947,1866.407,412.822,4647.658,5012.588,215.012,16585.203,5110,0,3403.098,214234,7980.104,1747.445,18564.734,914.068,29708.502,2768.016,96639.937,71756.566,2458.284,13895.011,13650.87,16150.925,61097.153,77167.51,15278.508,1374.385,6053.105,292364.112,6369.525,8449.892,12899.21,1060.89,131330.719,822.507,53814.06,306809.378,2811.545,30484.517,4292.972,857.674,5331.337,2122.044,4406.581,836.328,1182.916,38720,79777.598,8850.674,35201.817,37865.724,8344.395,1667732.899,8437.921,2061.307,54722.973,50185.506,2280.134,919647.249,13785.513,721.082,0
"Moth_06_UT",157883.479,44387.078,53197.501,35588.336,639142.101,10491.899,5834.559,8644.802,58511.055,553268.02,13839.212,19189.526,88135.227,28460.803,46365.496,62991.089,322187.325,2049.667,536754.86,95144.126,283222.805,27758.423,335.41,3091.722,2662.177,16669.861,9497.851,477445.516,224599.967,13791.306,95986.411,128068.592,38867.349,3046.138,30018.018,5903.288,6865.971,424.593,255014.093,4486.514,79436.232,1257.856,6111.098,310338.534,1203.136,112286.137,944918.46,3144.6,257985.32,319393.449,11570.668,19654.885,28210.956,18068.855,7099.088,1050096.056,279887.873,80333.301,9766.73,89246.87,37258.734,53345.22,1886082.808,57620.246,241249.038,5205.134,17110.196,1089.968,306003.203,8052.818,3349.742,399620.086
"Gran_53_UT",140434.525,30152.667,42846.817,17884.883,1274121.518,20701.415,12072.718,8865.658,135932.918,599657.857,181063.381,25438.43,108317.528,564406.865,26425.524,103546.77,526977.446,823.714,523748.765,111362.721,82380.67,46529.812,1364.926,1964.523,1626.623,28983.291,5362.081,327521.327,105346.704,2620.759,106281.478,57347.488,225383.882,14170.39,28557.609,6532.374,5113.752,0,350288.997,7153.825,16302.876,4134.489,3437.507,152674.227,10843.246,111543.005,569763.596,11407.497,362017.514,189765.246,3619.071,11144.001,13658.036,9816.676,6049.414,1151173.139,168187.797,76712.491,9336.143,49263.522,73440.997,30816.33,1862540.623,63680.882,255260.258,14049.019,9237.945,4596.277,477665.549,19986.766,3322.519,763685.844
"Gran_11_UT",3406.722,145585.088,2101.343,2077.945,151012.256,571.601,8395.328,2228.657,16511.794,13224.346,52061.484,2989.684,198.27,1693.766,1354.356,653.696,1370.45,1061.694,242.469,5431.4,9018.408,17441.875,300.495,25238.439,3541.888,19130.339,1234.544,382975.991,12708.115,4176.799,10072.196,2837.697,3177.519,2594.273,121839.477,23143.89,659.271,4507.436,442808.944,10889.043,1304.512,6113.017,544.257,84808.873,80.226,4551.543,117378.799,10741.869,198480.295,26462.598,1828.937,1911.677,1314.534,2314.971,567.506,149826.653,246586.273,199139.346,3344.26,90067.412,45354.747,4288.804,898780.77,3217.639,3623.84,5334.032,33963.454,1352.47,255823.368,2119.304,481.067,0
"Moth_56_UT",167120.405,169340.649,22732.999,6406.655,2163694.332,23399.938,10113.062,2561.875,574606.199,475388.221,117825.31,40902.46,62925.543,10431.642,689.929,1619.983,407327.454,52023.921,193777.613,170394.058,79086.741,28581.11,0,2990.448,1816.172,90784.294,9103.901,684871.287,35377.075,4401.137,119027.186,48968.032,6629.382,800801.905,26274.153,9461.329,3016.039,765.686,799265.898,20253.1,13487.828,2816.6,1707.271,207893.698,445.632,117106.583,598383.272,0,569487.557,176170.192,1541.84,15662.567,18242.25,17191.517,4139.971,936505.764,221231.243,141593.58,9357.152,58042.752,117581.534,12215.109,1797308.56,36815.274,237544.396,116191.755,8467.936,1198.8,1615976.058,5744.964,3334.53,267857.413
"Moth_04_UT",225717.841,90795.599,60248.356,20369.792,1157747.335,27577.878,37605.107,9347.792,1239456.216,955780.673,99895.274,32319.736,44150.153,29911.76,24393.227,9025.354,567248.274,2109.63,322691.294,129864.504,160827.355,39434.354,281.79,3223.092,4964.041,41157.729,5862.644,962986.735,109119.455,19803.839,518218.509,109745.576,17287.359,29581.605,35325.841,7618.226,10446.057,1267.355,572118.903,6462.78,14151.977,2347.971,2256.265,288579.006,76896.26,82134.209,801380.895,957.501,703892.101,288661.805,4834.434,8922.483,23826.43,28159.167,14104.289,1714415.411,489618.636,181190.851,11747.326,70602.752,150041.043,34874.043,1792642.771,71555.271,305330.959,12222.687,22269.293,774.408,606450.361,35326.736,6195.959,507182.14
"Gran_17_UT",285103.767,44809.547,55182.911,14185.663,2850111.589,22202.874,43582.788,8928.62,315955.145,390975.68,46548.961,94430.584,13166.991,748579.707,9430.218,55500.13,285624.492,2494.38,214143.657,495898.038,565946.162,64205.396,2383.858,9713.296,2236.982,28041.307,6621.738,643344.596,80060.637,19250.436,398388.63,13888.736,76880.365,9972.815,27534.438,24121.771,4292.108,1396.7,278583.934,11441.386,5410.452,9102.616,1962.517,271115.145,5156.113,75243.092,608064.134,8767.935,428126.355,144265.108,6272.288,6425.754,23324.104,20693.217,5139.413,569668.419,177808.891,132586.188,7619.356,182308.538,220100.97,13747.106,1769854.319,80526.691,169923.863,134104.037,55792.999,3601.284,3022818.56,18055.439,3665.096,798183.646
"Gran_06_UT",158507.324,16368.647,49808.852,22744.722,706427.285,10957.027,18181.009,6221.251,35221.638,274494.99,29530.501,9758.721,21547.187,189789.261,12426.492,38453.606,191276.218,560.895,139079.435,114315.656,231147.282,23132.564,970.261,2511.108,2002.46,15992.314,9655.362,323303.394,105601.16,5990.468,166472.933,117503.889,116120.346,8006.65,25914.872,3136.288,4307.759,1336.155,181273.583,2038.737,24751.481,5896.925,4491.451,309341.993,10829.239,127279.768,585130.216,8373.149,320908.71,26706.658,8404.299,13798.206,34385.319,45564.952,8557.391,520986,83464.042,111565.245,8402.33,88681.447,76336.79,18046.783,1884567.181,71555.527,131039.055,16194.725,10705.425,1670.699,431814.508,20825.68,3374.756,452961.669
"Gran_19_UT",307153.708,174823.946,79331.546,58710.916,450365.313,12690.951,31407.592,10958.397,2618831.96,631587.64,141325.571,20551.9,63568.074,13341.347,117928.502,2054.195,290179.223,731.567,476363.733,272204.635,57128.068,31031.763,875.034,7664.929,1554.462,94190.137,9970.778,419257.681,82105.093,12814.245,385008.757,22580.486,11087.722,216023.749,16112.671,10963.497,8075.58,543.857,1136903.582,17895.905,12533.39,5206.026,7394.451,195882.828,5268.175,135641.616,562761.438,7882.879,833309.888,249902.162,2726.626,22569.371,63263.139,26508.02,12741.005,1061087.387,407406.047,69272.772,10233.238,42068.858,80715.899,28125.82,2249006.33,108476.607,258721.025,36775.881,8214.813,3512.18,1082377.607,29451.129,10657.57,342390.821
"Gran_31_UT",385491.542,16503.472,81901.439,31142.251,420829.198,13839.184,30042.858,13583.815,36947.06,663317.068,21302.161,17047.036,167652.073,20869.718,17476.922,32282.291,819814.143,1078.521,661332.977,384226.01,194663.643,11734.29,845.407,3389.89,2764.156,17411.054,9321.864,256156.748,112279.649,5881.033,153970.076,11440.118,4803.126,4523.954,33883.208,3240.207,4549.361,1693.159,164978.078,6782.966,6621.281,5388.416,2342.787,256985.459,4737.155,96758.817,726004.222,11473.601,511714.125,12874.596,4286.046,24316.493,46102.188,30042.973,9453.453,1057463.163,78768.456,95063.305,14831.844,54852.227,116923.673,20917.188,2151255.93,125332.268,325647.307,11355.657,16657.445,2384.591,266680.989,37857.45,2327.585,604266.965
"Gran_21_UT",298672.43,28514.803,85664.095,77927.918,726040.481,9236.186,8082.966,12946.199,294128.409,308937.602,36805.923,9306.018,49303.99,38053.779,25438.162,57105.273,237508.757,495.991,336662.314,51979.68,101056.355,58739.03,1795.565,4204.991,1930.299,30831.028,14078.224,529099.289,132612.634,28971.98,113454.851,40867.206,9893.443,14519.448,25614.851,3164.346,6672.918,614.84,356188.677,7663.756,20657.63,3994.723,4530.453,237960.34,34560.858,203711.759,370939.109,9967.903,391874.232,14763.075,5192.125,17050.698,28676.825,36024.09,13051.64,733750.817,86382.592,161445.895,7718.593,34571.279,80770.324,27502.119,2625820.016,126644.544,186355.963,12807.723,6090.558,3706.299,652455.535,44178.841,4913.926,231023.288
"Gran_30_UT",119934.978,70235.38,41363.756,28803.068,1065674.607,24313.168,12991.08,6601.022,2442982.256,721692.896,97366.111,38610.861,15435.762,1040445.412,18854.403,63229.064,293490.051,1472.75,402209.646,307852.077,504659.694,30398.213,2064.318,5659.014,2697.007,45082.649,11620.185,840931.189,97790.342,2320.95,278009.313,41895.487,108559.107,26425.888,57048.649,17743.198,10427.045,1203.583,559918.793,4425.646,17028.165,2311.587,4908.951,146161.534,3122.447,130655.947,488314.056,10892.438,531866.351,207688.302,5410.255,17949.653,24534.378,34411.564,4711.295,1345367.141,294738.698,71392.239,10988.426,133431.699,144933.9,31960.934,2088804.968,94121.365,290516.193,23720.245,20074.725,8185.893,1020791.335,14728.787,4746.281,872646.219
"Gran_01_UT",126202.676,27749.801,61681.489,28212.788,1068698.27,19968.8,41243.526,10490.678,878214.591,613276.736,50863.688,30198.982,10102.309,545743.463,14154.879,37304.304,163513.823,1316.5,422436.443,296545.836,137000.974,81449.227,2244.192,9045.72,2581.75,35932.891,5722.7,515998.435,76628.419,7567.027,285429.796,16215.271,161119.31,24916.26,44739.586,6238.282,6960.493,3001.13,424871.788,5258.106,8305.562,3573.443,2070.659,212513.809,5052.965,79712.392,792091.955,9688.798,469220.373,249808.293,4072.111,10203.399,17208.245,15755.439,4308.067,1001814.957,130506.528,76124.978,14891.386,82223.764,192674.738,25103.196,2032552.074,64747.846,245975.175,23578.58,32110.119,3233.2,654657.115,28917.274,5477.6,596919.461
"Moth_01_UT",155173.68,46345.88,50715.956,20717.874,814621.93,12515,20215.083,12656.88,101398.744,536254.808,132423.551,9455.856,140329.988,727263.099,8890.908,1933.408,145968.803,1584.948,670189.554,205232.635,110086.5,53882.533,1869.285,4612.265,1645.754,25612.667,5705.912,347336.359,27170.149,14844.159,243348.543,7031.339,337711.152,12841.903,37787.914,4356.688,3870.389,5352.03,290672.461,8544.467,5547.645,709.178,2195.063,277198.85,874.098,77317.365,644483.801,0,379618.702,129646.991,4429.358,8710.377,17739.107,34741.973,6786.131,1014972.972,136521.525,81945.988,10698.042,48007.548,135668.954,14375.9,2021255.297,50748.993,211084.119,54648.343,13655.719,2305.175,308935.56,8479.199,2638.569,648153.23
"Gran_04_UT",130061.391,19078.113,56655.786,33260.08,670129.679,7907.818,5865.89,7077.735,39739.433,486005.092,288944.837,8150.704,63335.815,120750.191,59432.796,194160.256,169850.515,410.255,485603.894,70816.408,123067.773,53314.901,390.432,1605.793,2205.913,19532.987,6888.938,302937.696,259730.977,18141.259,301675.244,12594.452,22784.505,13490.022,20164.32,3557.161,9266.963,1251.602,180143.013,5569.785,13401.722,1592.933,3928.579,210322.075,9029.884,121650.721,1124764.222,8859.746,310725.153,12776.46,8088.64,19796.321,31932.526,19208.785,7983.912,897019.815,104641.945,103578.024,16304.51,77175.738,56282.217,50920.04,2708062.972,125720.434,207815.135,5934.38,7207.075,1391.718,902548.999,21335.902,6692.415,264257.197
"Gran_24_UT",415322.073,88233.901,100703.516,219840.385,637183.902,11484.349,44503.121,9565.236,195171.796,359819.075,27685.607,12747.381,35831.097,159623.109,6561.638,49129.99,118196.168,475.959,530225.135,124535.818,72094.242,42311.774,1187.168,1435.98,1008.246,45885.476,20702.976,647612.876,48159.696,19573.043,272382.398,25643.492,27749.108,26390.391,443567.629,6517.825,1211.924,0,647599.937,3686.888,19728.857,1975.554,1594.656,258041.143,7727.166,209829.066,742075.584,5225.873,448132.692,55885.492,2395.236,57389.931,58814.362,33530.408,13958.654,812308.629,119305.127,68357.811,14180.855,38273.954,40951.449,11623.955,2571896.92,129169.593,217001.569,8505.945,21563.756,1181.688,1032134.141,39079.837,584.326,375002.685
"Inf_03_UT",75174.583,62876.258,8070.727,580.287,1111952.676,11952.112,5319.159,541.202,1044856.492,7026.062,12746.033,14977.072,294.542,381.071,3026.758,344.427,0,387,0,1268.558,262838,23015.153,349.259,10835.884,1187.338,45784.402,2248.02,541025.758,2841.497,801.614,29328.226,5091.095,8018.523,112430.039,16860.29,8503.768,993.442,2391.804,670243.042,2072.093,12613.518,3514.864,654.284,78321.803,5590.707,68577.235,281673.663,1203.945,312517.283,4411.037,922.739,3313.07,5609.194,3758.947,1346.499,17303.78,98496,73146.612,10693.465,122398.144,54434.161,3742.053,1378885.107,25140.744,1858.659,35164.912,33548.6,1647.432,52465.643,133767.656,576.866,0
"Moth_28_UT",286623.826,96364.723,66728.131,11185.175,1447479.723,38166.77,17645.253,10351.956,114803.109,783770.013,205518.423,106839.632,10739.637,286091.94,21664.531,2347.909,316810.464,3184.888,933505.47,967796.276,191140.637,11473.371,3642.738,8042.681,2641.483,31353.891,3795.469,801406.619,77575.96,13955.083,322589.415,5567.851,14040.747,10912.847,30307.066,22774.334,4882.555,1162.559,357986.441,8639.194,11722.632,13972.379,3137.761,156396.818,6595.073,49239.166,590624.228,0,697630.937,129006.552,3629.994,7673.498,17355.549,4280.179,9146.719,1348943.514,543534.398,135431.557,8213.159,53458.745,121808.619,28772.473,1728486.177,44391.338,274943.237,29338.731,18221.233,2044.305,787571.894,13362.092,3800.026,1502438.799
"Inf_51_UT",505717.854,36914.16,43267.429,29125.121,1267614.581,35064.385,25227.637,4008.206,234521.975,366345.636,210574.135,35209.754,897.54,4702.598,7805.339,2270.366,29193.88,1821,25806.844,99841.161,425320,26877.398,665.09,4020.053,2451.508,21576.001,8671.907,473951.558,34357.736,3129.907,677530.288,35563.731,8940,24323.316,26000.17,2666.772,2643.131,539.689,159194.156,3035.591,135281.756,3434.847,1342.625,181354.462,1419.727,264206.336,139299.639,511.296,211229.613,34119.673,3200.998,11542.908,86552.474,14550.619,19408.535,700170.407,97108,461513.183,7223.316,83682.44,108248.288,8322.181,2304491.866,38799.514,163474.394,431380.222,5080.401,2373.385,5287697.991,21873.68,1572.921,43609.422
"Gran_56_UT",347241.907,19775.204,159084.787,34062.741,585027.173,10966.084,10966.151,17396.517,85155.12,410969.748,32486.765,12874.384,63490.654,99002.084,28010.131,112715.969,117917.766,854.964,609360.37,29303.134,175723.75,17351.77,2300.27,3111.821,3274.292,24035.406,31527.588,494970.403,158112.052,11013.114,117205.528,78030.221,41645.879,3701.596,21621.565,3147.719,8400.325,420.68,244434.517,4770.861,24220.61,2377.009,2068.886,139075.359,11264.751,252336.859,826507.755,15733.624,405717.798,345764.866,5939.849,63417.504,40188.399,91890.199,15073.753,1077548.108,64184.613,109996.44,23333.41,22386.972,43036.039,28687.249,2661771.364,142134.728,242324.156,3850.869,15178.676,3238.503,508734.554,30298.635,3262.993,316931.115
"Inf_28_UT",1584.483,17423.037,220.246,11091.921,4086005.029,13190.802,11645.745,2030.1,41259.403,12151.588,11367.337,58118.238,351.363,267.685,8550.934,4765.935,660.32,9666,0,4098.759,706865,5852.736,1164.195,5908.344,1878.83,20662.72,1596.321,228583.173,3764.256,14.444,64561.431,16850.517,825233.991,60543.643,70636.411,4842.297,308.383,569.127,158043.869,1586.268,7566.668,1982.774,601.653,20004.324,4541.852,33198.167,14440.978,3885.619,166576.959,13377.413,2439.935,647.982,433.255,557.499,1141.549,24001.942,19932,548431.145,1592.509,71613.149,126922.439,2480.903,342280.065,4966.727,13565.784,69658.131,71650.697,839.258,308754.224,74377.863,757.617,4964.34
"Gran_36_UT",547033.533,20795.872,58624.713,14049.061,1310495.154,28583.068,25436.267,5639.602,99826.4,433133.303,235019.622,46504.486,75630.42,44481.814,18501.487,5686.377,244636.597,1753.197,392032.117,338582.63,336432.727,34245.506,1969.09,14993.416,1944.33,21888.77,17430.278,363976.629,36256.052,6229.859,204495.494,11027.218,5939.967,12426.084,18354.164,8043.362,4598.268,2766.259,237807.904,2878.1,14689.109,5920.715,4925.793,185409.339,7375.7,128329.163,647519.986,3308.863,426027.739,155099.328,4325.897,44004.128,135235.736,41953.556,17490.133,837511.173,111712.85,71772.332,24173.941,75475.858,130085.188,14717.746,2162521.04,123485.031,199646.396,73093.079,23497.136,1952.861,691085.694,83600.258,1563.467,846597.776
"Inf_05_UT",122591.252,86102.785,13161.188,4473.331,909331.086,4739.754,6901.133,1617.699,194696.374,6446.811,3253.806,12437.624,359.48,2146.152,2210.961,0,1770.243,8532,1647.983,2303.755,6720,41284.132,1015.501,17394.408,1747.343,42659.905,1481.649,200726.179,2851.527,4074.511,32263.156,26066.446,12829.637,74753.289,1749095.237,59648.428,951.826,6380.598,537681.491,4488.176,15538.362,6102.472,2343.659,67935.68,1942.561,68215.212,139152.705,4085.691,217698.111,3524.457,1217.503,1744.21,10788.148,3870.224,1578.996,27563.461,84721,26973.809,3555.688,261941.942,33999.246,3550.205,1073251.395,12876.94,5717.408,30877.249,35342.429,1236.326,3133498.262,31876.956,915.294,3059.043
"Gran_26_UT",377621.145,52970.901,31908.223,12416.817,1287230.557,29658.845,37913.971,7345.574,90290.823,280048.456,100111.846,41063.856,20076.216,794072.514,7672.672,4342.131,376555.077,1642.621,186141.175,296389.681,148778.099,81724.235,1452.746,4522.329,1186.643,31207.327,9272.643,821565.503,64788.389,1174.155,198832.636,17692.183,146797.714,35247.994,19550.6,12170.001,2700.663,1568.938,242612.828,11438.427,13855.027,8344.312,1953.653,223606.421,3677.662,95401.266,302070.924,3526.454,380698.047,89366.951,1858.3,11124.702,72231.634,24888.263,6582.073,442114.885,120457.164,113111.94,7894.241,147883.64,168850.97,27465.547,2295074.088,73352.518,107027.09,135978.506,19844.854,1592.202,513131.273,22946.058,3224.119,1018227.988
"Inf_04_UT",2393.779,80705.651,1063.53,1488.802,1414469.681,1657.958,1543.933,1460.537,344617.309,2824.377,7289.589,4464.76,488.197,2354.221,3330.967,2656.573,1720.171,1397,3213.363,2883.288,375985,30833.643,21.901,4270.442,1805.166,36535.549,1255.712,1271447.361,3471.38,2949.363,39320.031,8661.433,5779.605,310311.682,593992.988,77964.941,1199.386,3810.941,781755.729,4770.215,4708.813,4440.943,1529.416,55746.144,601.471,9096.335,184054.894,3409.423,158638.348,33761.106,1289.469,2079.814,856.458,1035.992,537.718,12231.982,146287,13774.375,3428.963,1312165.832,61087.516,6870.192,939267.121,1943.22,3244.474,85705.895,1189333.367,1535.13,2698238.011,4597.893,997.016,2786.241
"Inf_54_UT",158077.268,89148.36,21760.703,1969.373,891360.92,5891.247,5294.236,2102.181,49190.961,30084.059,121653.842,19051.315,516.028,66223.285,2204.506,1166.773,0,1397,0,4172.859,291466,45250.271,661.632,11407.213,1226.15,27078.252,2123.13,413612.357,4207.581,3545.879,51321.636,49997.056,10701.463,13583.487,706013.572,25779.813,635.973,4014.551,515108.151,11094.092,63058.313,4964.584,1971.109,81177.652,58546.748,108344.383,205898.626,8998.583,202669.176,60017.435,1523.111,2486.254,11226.429,5498.211,3329.885,82360.698,84342,32755.496,3646.507,215657.78,90476.898,8958.31,1612710.727,14992.097,30087.901,158003.428,500458.446,883.377,5929322.659,6312.915,1223.917,363647.632
"Gran_12_UT",78690.152,99312.449,14674.767,4948.58,775681.714,9444.499,15461.395,5494.689,5408859.985,222921.54,27159.286,17445.456,3031.637,120724.798,10032.489,51630.328,336303.026,2157.843,62775.635,100301.723,237597.838,48896.943,143.899,1092.109,1094.438,76751.087,3249.594,711904.453,44494.552,1894.607,410140.274,10516.055,7309.812,332844.91,20540.942,4642.08,4252.983,2003.189,941372.037,17093.036,3796.684,719.645,2410.155,99772.985,2914.879,72961.074,446917.28,5505.896,698510.585,156141.277,3280.34,3941.184,10470.051,9021.259,2513.952,371731.593,415343.207,51491.571,5741.807,340988.828,212505.561,12522.439,1039589.728,27867.159,70694.069,21714.476,29917.107,2151.223,1731730.965,8914.396,3160.948,187078.695
"Gran_58_UT",360230.282,226850.079,63563.836,13749.933,665044.103,18693.767,5583.09,3970.607,132587.73,179642.985,111849.364,57807.724,572.149,71908.41,7868.737,1264.717,417710.763,1244.385,89859.197,143888.058,226106.128,23909.719,5276.654,29629.163,996.219,61816.857,10606.634,1129495.447,27939.259,2939.946,150036.088,447324.895,169991.872,44207.159,15583.759,16842.217,2284.951,8776.869,811031.224,15911.417,34770.537,11803.762,650.627,125268.133,10198.891,210811.833,471789.235,5337.882,670582.937,231225.592,2296.658,18815.089,104637.091,15610.818,18321.48,333292.277,562255.141,133670.665,10977.51,154051.1,159028.428,14889.733,2204074.508,80801.56,98712.39,84840.906,32482.633,3363.673,5433945.699,26236.188,1003.437,470829.013
"Inf_30_UT",99360.433,86302.472,29714.362,11668.053,545235.588,5493.48,8316.515,2503.947,1289639.282,104460.739,5696.974,3615.005,456.887,1719.493,3184.107,1312.492,5626.806,218,3138.918,113116.228,282096,219481.71,3816.485,47495.008,1266.547,26603.346,608.555,653398.312,10589.665,1578.675,66357.507,122733.583,107158.809,9843.834,986321.191,53413.755,2044.505,8731.925,410275.443,14475.304,217006.303,20073.675,856.555,116312.091,924.523,262052.684,47584.005,9790.683,373771.581,9941.505,1740.98,876.75,10379.019,1833.85,9217.236,220493.754,133026,38004.607,1498.521,61537.983,37836.25,3478.514,1886075.357,6452.528,49534.689,280685.256,27267.476,7350.776,2655472.76,7997.312,2956.437,7151.065
"Inf_32_UT",6700.721,50156.338,1684.584,8574.114,445022.932,12609.084,2597.271,1646.059,974134.333,21453.429,13227.093,32185.978,516.028,1063.725,1830.902,1570.303,3884.728,1291,2327.164,45288.74,362194,26113.854,2538.176,41908.987,745.354,39288.286,3795.52,511178.486,2495.462,1842.991,32309.312,11935.013,10217.74,287519.168,39392.679,65967.518,215.548,8734.378,845456.675,8378.036,19239.247,9786.784,1440.664,128340.194,317.738,86977.193,270673.844,1246.066,363350.668,4786.003,452.497,5049.152,1432.455,2830.894,338.278,30332.112,27196,15249.048,7829.483,34564.461,30977.673,2229.48,1645031.919,8251.926,8472.15,1236424.833,47983.576,4161.195,464325.787,14593.002,786.46,15839.739
"Moth_35_UT",241567.877,51054.113,67153.785,49316.883,2098157.508,16096.505,27106.928,5673.485,84846.118,320250.249,158180.964,23808.082,653.36,107583.661,14179.54,2723.463,483862.404,1639.461,206974.081,283571.233,79054.258,86658.655,315.445,3970.226,7056.534,20091.755,5190.53,522959.225,74511.571,13423.765,760784.063,80166.535,106564.136,7561.599,39508.44,3931.062,3051.11,995.223,284694.016,4327.618,64024.773,5717.271,3569.831,275234.099,3114.419,99118.897,901549.828,0,523295.984,154464.544,2055.787,8187.872,16146.353,7837.554,7512.079,733712.322,73647.691,284026.746,16321.638,472827.888,285595.364,16343.026,2449937.633,58310.7,168987.762,90771.651,27070.916,1517.095,559039.471,9340.338,3263.793,602822.353
"Moth_23_UT",199086.613,26056.119,117169.835,45551.269,1001158.848,20599.445,975648.078,8724.098,228271.773,487125.913,64372.347,19959.285,110805.474,55142.04,13649.684,9553.911,1809709.338,1225.166,434017.166,477683.503,327908.801,67811.521,1214.436,18335.364,1461.945,25015.402,7096.03,547464.299,72780.891,26428.941,610026.656,53687.38,22529.41,9586.57,29331.528,4623.541,3948.323,1018.887,417807.733,9363.392,113212.615,9010.143,3827.429,138044.642,19612.116,352348.688,717436.279,0,494806.018,243169.607,3271.997,11599.301,21966.521,11293.342,13328.045,1118609.586,46840.092,79241.08,12425.248,82863.516,206681.933,20495.967,1867281.86,76022.989,278069.267,115527.088,76538.006,1328.415,521445.64,23534.245,247.199,868663.343
"Gran_50_UT",256809.814,24387.187,61111.081,25086.897,1094887.756,23440.672,13669.013,14518.251,184595.682,929570.121,96364.438,24764.497,11347.631,1014558.347,15451.924,64895.309,499255.358,1193.104,503102.919,148945.086,137847.499,46063.331,1508.825,1193.997,3196.118,26423.302,12827.608,305002.825,95938.686,4332.973,336656.108,62617.922,453623.413,7035.4,27861.816,7449.982,7853.541,447.821,191799.115,4741.271,54026.95,1820.92,4275.166,259378.606,6759.36,113461.69,837118.338,6030.136,454679.898,233511.736,4113.01,9513.692,46698.726,74497.442,11231.639,1343517.966,155738.827,81588.423,10302.703,74091.586,91308.176,29328.741,1968906.268,113587.786,284124.142,67464.488,6981.308,1520.071,405392.329,43424.786,4979.526,880117.051
"Moth_51_UT",336070.317,46071.614,81304.635,54860.635,1551945.227,18536.532,10516.363,13727.378,147571.658,530663.107,284398.865,29727.106,50412.411,134725.326,27402.362,79034.204,97150.752,3685.039,661706.11,122818.119,666288.006,30191.917,635.454,10393.479,8276.242,37006.181,8731.132,967916.945,101532.261,7062.408,395586.09,151728.616,79884.693,14326.11,59014.044,15869.63,6728.613,2050.958,337104.052,5472.737,48494.886,3060.367,6964.277,256199.114,9203.775,155355.996,717273.96,14414.865,791554.294,613017.085,9648.271,21214.268,40692.831,30219.834,12876.493,1019693.754,271501.493,136273.991,11532.152,407307.211,189843.192,33235.497,2480430.932,102225.638,192671.04,42291.181,21418.638,2521.2,680036.911,27745.45,4866.406,250540.687
"Inf_23_UT",227833.808,83709.334,38119.427,873.892,3512383.222,31396.093,6843.416,4100.376,315225.706,398738.242,28419.366,37393.592,713.162,8529.669,8606.611,1562.151,25893.321,4493,115115.084,89652.881,1678648,29647.924,1830.437,4125.189,3079.633,42637.342,817.462,1155695.241,13036.983,1775.106,856715.525,33267.706,6390.789,8311.302,23627.326,16791.917,1451.214,878.221,624967.474,2101.438,65866.699,18820.467,1907.125,67110.676,1570.626,157120.278,200578.738,1776.082,507889.692,56996.941,1642.397,1625.762,16753.194,3974.825,3843.362,419236.475,242525,453318.761,4927.484,228633.082,112812.304,3250.316,2296262.681,20139.413,158971.817,440964.911,4493.642,2701.267,672309.535,9928.754,1309.485,191091.519
"Inf_08_UT",3220.646,63331.489,825.427,488.881,275796.975,2963.541,92634.698,2175.444,492382.169,150956.206,14619.095,2408.549,568.21,3025.186,1897.069,235.393,685.356,86,0,5463.537,1952476,510510.598,530.227,11118.09,661.392,27303.887,577.9,1126716.705,6604.749,4549.703,65250.763,186480.086,33069.747,6936.175,50056.996,32222.987,2247.248,5875.252,572982.824,8616.058,210431.073,5887.133,223.943,133906.513,2473.896,293262.639,111150.106,10579.273,592207.877,61301.938,2699.209,170.705,2699.048,423.966,2109.001,370127.452,103046,19949.443,2776.33,46790,47662.912,2638.42,2369480.944,4892.113,85232.342,50042.982,479586.362,2213.956,468855.235,23091.55,2728.575,860.457
"Gran_29_UT",193272.273,108236.808,77112.048,162272.139,379030.775,7283.887,19610.776,9679.167,2724868.561,310306.551,176077.18,12377.639,219037.894,13876.468,2898.744,1929.081,70611.927,1241.981,409794.695,139636.832,103299.912,24035.491,1321.544,4383.295,2185.868,59153.118,7283.711,817569.795,49456.442,18639.419,222177.773,14748.283,23708.933,216153.906,61609.148,2802.706,4486.76,812.132,961860.719,7655.865,25464.681,1473.983,4253.892,213083.322,4383.142,219031.055,716082.013,7016.185,719103.431,309802.698,3667.312,23394.175,21672.07,15642.841,8464.798,587738.149,269771.134,92220.503,13909.94,29018.958,107341.295,16915.029,2443577.369,124430.816,160324.714,14702.924,212562.007,2106.671,862160.581,21361.682,2435.704,219113.525
"Gran_18_UT",208588.707,52023.137,62913.978,18250.817,1554072.574,19652.809,25602.794,5412.738,127675.606,154711.522,73432.344,59280.546,342.723,1120611.049,13746.662,75802.524,1124666.181,1898.228,83903.783,90356.836,2104956.938,10212.831,924.764,33145.351,1563.482,30689.401,6360.565,638709.123,36231.586,8084.567,213758.967,20290.676,327144.701,5266.443,22344.715,9604.231,3467.531,891.466,388662.565,5808.476,5823.463,6620.535,2874.635,241365.514,6579.807,81118.873,757143.748,11529.606,476615.305,74286.427,6433.788,12682.891,22017.094,17990.868,8471.768,384363.503,150244.991,233601.479,10228.276,147701.722,231959.724,16795.429,1741462.788,71798.87,122882.396,191659.751,30497.942,2941.49,3143473.94,15142.336,1610.844,552031.449
"Moth_05_UT",260867.431,115151.099,19870.29,4619.997,3075153.879,61360.417,24583.209,5688.734,207793.807,644839.19,159449.318,383603.159,3810.104,670388.572,11053.762,6172.997,962983.404,9572.38,230551.67,292225.896,273305.698,54311.16,0,5622.138,2891.024,37068.838,8863.861,783634.466,44295.121,21889.976,540054.061,2815.566,35466.18,23826.687,54246.466,5923.374,2826.076,1428.267,391408.345,12739.927,12642.838,1862.045,2741.316,206092.956,1683.103,56536.126,356897.982,0,414236.073,211319.818,3636.86,10804.829,36651.154,16525.972,4528.931,1053199.839,576835.127,104270.977,9933.718,245806.875,216860.712,10803.957,1399746.353,45558.191,284655.109,177360.864,49531.082,1175.831,1570907.778,11534.615,2687.248,968249.386
"Moth_20_UT",474565.53,36847.302,93398.267,73553.914,1374200.852,18835.474,33543.516,9618.467,66969.51,304728.157,82022.029,22945.102,140761.977,62834.658,30567.847,24732.788,573295.616,1668.08,263896.94,200410.71,221580.602,59723.61,0,7406.853,2581.837,21542.978,22852.593,486647.042,148127.34,6101.866,607863.284,10895.055,14606.535,5487.017,27700.469,3666.122,5895.695,1331.584,225273.096,6808.837,13270.979,3577.669,4532.626,210675.142,2533.595,105858.155,671600.587,112.647,458379.932,350972.363,4583.346,15211.75,35473.126,38373.23,7585.289,668404.609,94478.076,130717.912,15128.628,96831.102,203545.907,26829.283,2264780.348,114595.721,149891.869,23513.469,116249.593,1716.166,418649.332,16686.556,2722.997,570116.534
"Inf_09_UT",37749.564,58717.742,3871.171,1256.133,1696305.066,30874.099,6473.502,1045.773,1366373.206,14834.323,5734.845,49475.606,330.49,1700.79,2634.595,1368.538,0,12043,0,5265.567,4536,181621.156,1618.346,20101.65,1626.154,39579.461,2228.719,790258.638,4762.24,3067.799,43064.701,51277.531,4155.005,166158.587,97981.898,70557.58,1066.002,4126.169,1172204.662,7166.734,181305.276,6986.189,1584.111,158265.963,4038.146,248181.917,35092.418,3967.52,477151.19,2984.419,996.677,1057.906,5097.531,2105.366,1930.496,40617.332,77242,53715.625,2269.431,121809.124,85981.653,3143.284,1537579.269,15786.904,4052.953,173848.348,149301.381,1744.694,395153.419,56734.571,640.321,0
"Inf_17_UT",302848.185,98230.626,42922.179,105631.538,2623847.638,34962.853,46197.323,4405.245,1246656.094,289631.867,28147.107,82886.584,352.522,4590.381,21917.567,1305.359,0,2742,537.43,152503.463,645658,37377.361,3813.027,62316.361,762.779,57188.599,5553.063,1234438.766,12187.443,6007.052,298443.724,16223.115,29522.791,173681.137,308060.458,11131.892,1330.635,17871.071,2097496.787,6001.08,27026.464,29221.5,1615.071,149825.956,5937.138,147106.233,524425.666,6334.46,611504.52,23925.641,2048.56,10896.088,12379.43,6603.195,5514.915,878124.445,190258,471863.129,11647.069,362841.977,352449.894,3539.098,2377621.861,51092.514,210014.753,290701.14,97485.286,2358.345,948593.619,147305.102,1704.639,3507.602
"Inf_11_UT",50360.314,41927.28,14628.502,71423.716,2436088.887,4730.198,5337.524,822.438,294747.037,12367.221,2702.122,4064.426,913.775,1332.578,1671.132,651.151,0,7376,0,2962.918,384,45509.184,22211.918,139856.633,1218.229,42785.616,15769.064,30499.973,7278.765,52200.255,18764.486,144995.571,9087.311,169796.187,695534.153,16646.475,914.478,91185.39,457423.345,3493.701,336832.145,79876.963,1112.49,128979.683,4172.043,434322.491,573956.819,2194.948,193015.224,1855.15,583.613,16798.764,10294.579,16834.029,3033.479,40220.318,11391,31832.565,15843.774,18188.805,31834.585,5820.074,2856754.397,44947.095,5580.199,107922.792,28595.164,15709.262,980095.947,33619.541,1047.973,0
"Inf_22_UT",3071.81,30846.749,1647.877,4188.035,1394084.965,5998.751,4444.22,1702.778,171168.862,14992.878,8280.367,12528.162,1080.759,0,3677.942,818.269,3279.695,428,0,3160.888,608057,16146.558,740.013,6825.514,644.759,19950.361,3560.5,657577.666,5869.551,4052.846,45674.531,5308.786,12943.515,16845.738,20890.466,9062.143,754.418,4615.569,163242.334,3498.592,11739.569,3920.833,2219.82,122471.521,2299.618,81899.128,434004.392,9089.844,149155.805,12597.966,1591.133,7757.206,1482.717,3697.744,1143.753,31475.559,50283,105914.213,11698.815,99650.054,35689.056,3595.643,1648098.987,9901.013,10086.999,86573.144,361498.338,1878.052,306777.393,36274.763,1050.857,3234.8
"Moth_17_UT",187058.683,159523.787,41400.699,3851.721,1298717.807,23567.867,19781.258,8819.406,162861.175,752726.805,12082.266,42435.517,83459.88,29362.826,17348.749,1289.866,293140.47,2224.106,890856.342,331836.987,63560.875,42947.711,224.177,4332.806,3711.467,54533.031,5170.762,1581521.649,104122.569,7963.82,477516.967,13813.119,3632.084,27320.981,37841.25,9077.788,3071.567,951.615,607785.996,17198.94,4072.114,1279.176,2459.968,116752.035,536.476,55221.852,546270.291,3124.768,806611.183,200021.837,2432.42,9147.891,9087.731,7051.336,3958.903,1296782.663,1118061.062,147742.307,7847.612,107936.268,204256.221,13971.16,1745745.137,54229.323,303431.621,9500.634,13230.943,1404.981,657637.706,5181.267,2092.448,411051.806
"Gran_09_UT",511755.405,20875.768,83447.652,70244.308,348803.89,11163.327,34826.816,11147.283,735149.801,437027.438,232945.362,12122.61,7024.41,58280.224,30953.115,126581.302,180668.822,967.944,273231.311,43825.573,219022.887,23298.695,1349.054,10107.05,2072.616,33969.876,15454.405,683826.857,219048.37,974.662,136670.592,35957.067,22336.921,12475.386,26825.878,2801.667,13160.966,1127.381,397746.814,4636.72,21598.49,5187.193,4886.791,247342.427,16254.045,195531.057,358771.741,9449.172,534429.244,16870.013,6321.577,18406.749,78915.011,40765.597,21628.944,676623.074,140246.631,122957.512,11284.15,58040.454,109203.863,37747.212,2256275.536,184904.897,188985.261,16124.756,9048.096,2872.541,778881.608,63902.44,6906.222,274131.587
"Moth_11_UT",202902.578,73346.693,64347.521,10174.399,1076737.393,28924.2,21509.414,9854.068,911519.62,662037.816,72201.526,19516.258,2640.003,19644.893,11869.021,2494.421,175068.696,1463.658,802820.041,374349.759,105298.482,65093.889,0,4793.794,2010.936,37664.082,9367.946,743970.82,39925.583,6397.516,515509.945,131680.966,10381.983,17852.651,27900.05,16680.71,2851.404,443.861,424785.656,6985.303,34677.385,708.776,5535.614,120534.264,44666.24,170154.551,532881.336,745.692,718709.992,493942.594,2288.24,14503.007,21918.815,16594.312,12174.017,1228905.632,295786.826,70972.495,10428.036,56373.335,218719.401,10324.144,1921911.738,67618.772,261412.355,23407.259,9570.147,667.762,751615.388,20058.965,2301.617,539499.946
"Inf_07_UT",81599.337,92675.698,14960.856,9470.165,685028.704,12601.917,9165.219,2615.023,357871.924,314429.732,35501.178,38614.229,1052.928,3061.423,5112.647,1851.551,24383.868,6099,98483.304,29857.013,111450,25637.258,3558.287,2552.305,5882.828,60205.65,801.567,470198.529,8132.317,7825.489,46335.768,1119054.055,135428.934,155939.404,2193050.133,15874.515,1224.996,626.775,1047746.397,131956.926,157820.986,8518.28,1169.25,156198.549,2127.466,219478.879,174221.569,13313.597,421135.499,85041.736,3420.838,1074.164,6603.368,1763.745,2804.288,553359.921,167077,38240.635,3627.499,166274.518,106607.6,7688.072,2178691.047,7476.584,105487.609,199021.668,62121.091,3329.959,677909.256,16558.132,1777.708,12205.98
