"sample_id","(+/-)-Tryptophan","(<U+00B1>)-Myristoylcarnitine","(2S)-2-hydroxypentanedioic acid","(N(1) + N(8))-acetylspermidine","(S)-(+)-2-Hydroxy-3-methylbutyric acid","(S)-3-Hydroxybutyric acid","1-Methyl-L-histidine","10-heptadecenoate (17:1n7)","10-nonadecenoate (19:1n9)","10-trans-heptadecenoic acid","12-dehydrocholate","12-keto Lithocholic Acid","13.36_acetic acid","16.89_propanoic acid","19.04_2-methylpropanoic acid","1H-Imidazole-4-propionic acid","1H-Indole-3-carboxaldehyde","1H-Indole-3-propanoic acid","2-(1H-indol-3-yl)acetic acid","2-Butenoic acid","2-Furancarboxylic acid","2-hydroxybutanoic acid","2-hydroxybutyrate/2-hydroxyisobutyrate","2-hydroxyphenylacetate","2-ketoisocaproic acid","2-Methylbutanoic Acid","2-Methylbutyroylcarnitine","2-Methylsuccinic Acid","2-Oxoglutarate","2-phenylglycine","2-phenylpropionate","2,2-dimethyladipic acid","2,2-Dimethylsuccinic acid","20.13_butanoic acid","25.95_4-methylpentanoic acid","26.93_hexanoic acid","3- 3-hydroxyphenyl -3-hydroxypropanoic acid","3-(3,4-dihydroxyphenyl)propanoic acid","3-(4-hydroxyphenyl)lactate","3-hydroxyisovaleric acid","3-hydroxyphenylacetate","3-Methyl-2-oxopentanoic acid","3-methyladipate/pimelate","3-methyladipic acid","3-methylglutarate/2-methylglutarate","3-Phenyllactate","3-Phenylpropionate","3,4-dihydroxybenzoate","30.08_Heptanoic acid","4-Aminobutyrate","4-aminohippuric acid","4-hydroxy-benzoate","4-hydroxycinnamate","4-Hydroxymandelate","4-hydroxyphenylacetic acid","4-hydroxyproline","4-Methylhexanoic acid","5-Aminolevulinate","5-dodecenoate","5-L-Glutamyl-L-alanine","5'-adenylic acid","7-dhca","7-KetoLCA","7Z, 10Z, 13Z, 16Z, 19Z-docosapentaenoic acid","8,11,14-eicosatrienoic acid","9-pentadecenoic acid","9-Tetradecenoic acid","9E-tetradecenoic acid","9Z,12Z-Linoleic acid","a-L-Rhamnose","AA","ACar 18:0","acetylalanine","Acetylglycine","aconitate [cis or trans]","adipate","Adipoyl-L-carnitine","Ala","alpha-Aminobutyric acid","alpha-linolenate","Alpha-n-phenylacetyl-l-glutamine","anhydroretinol","anserine","Asp","azelaic acid","b-D-Glucopyranosiduronic acid, (3a,5b)-24-[(carboxymethyl)amino]-24-oxocholan-3-yl","bDCA","Benzenebutanoic acid","Beta Hydroxypropionic acid","beta-Ala","beta-D-Fucose","beta-N-Acetylglucosamine","bHDCA","C12 carnitine","C3 carnitine","C5-DC carnitine","CA","caprate","carnitine","carnosine","CDCA","chenodeoxycholate/deoxycholate","Cinnamic acid","cis-5,8,11,14,17-Eicosapentaenoic acid","cis-9-Hexadecenoic acid.1","Citraconate","citraconate/glutaconate","Citramalate","citrate","citrate/isocitrate","citrulline","creatine","D-(-)-Fructose","D-(-)-Quinic acid","D-(+)-Maltose","D-Glucarate","D-gluconolactone","D-Glucose 6-phosphate","D-xylose","D-xylulose","DCA-3S","Decanedioic acid","Deoxycholic acid glycine conjugate","DHA","dimethylglycine","DL-Leucine","DL-Lysine","DL-METHIONINE","DL-Ornithine","Dl-Proline","docosapentaenoate (n6 DPA; 22:5n6)","dodecanoate","erythronate","FA 18:1","FFA C11:0","FFA C14:0","FFA C9:0","fumarate","fumarate/maleate","galactonate","gamma-linolenate","GCA","GCDCA","GCDCA-3S","GDCA-3S","GLCA-3S","Gln","Glu","Glutarate","Gly","Gly-Leu","Gly-Pro","glyceraldehyde","glycerate","glycolate","glycoursodeoxycholate","Guanidineacetic Acid","HDCA","hippurate","His","homoserine","Homovanillic acid","hyodeoxycholate/ursodeoxycholate","I(-)","indole-3-lactate","isoLCA","Isovaleric acid","L-(-)-Phenylalanine.1","L-lactic acid","L-malic acid","L-serine","L-threonine","L-tyrosine","L-valine","LCA","LCA-3S","linoleylcarnitine","malonate","mandelate","Methylcysteine","methylmalonate (MMA)","N-Acetyaspartic acid","N-Acetyl-DL-tryptophan","N-Acetyl-L-glutamine","N-acetylhistidine","N-acetylneuraminate","N-acetylserine","N-Acetytyrosine","N-Phenylacetylphenylalanine","niacin","Norca","Nordca","Octanedioic acid","Octanoic acid","Oleylcarnitine","oxalate","Pentadecanoic acid","phenylpyruvate","Phthalate","Pipecolic acid","pyrrole-2-carboxylic acid","pyruvate","Ribulose","Ricinoleic acid","sarcosine","succinate","tartarate","taurochenodeoxycholate","taurocholate","taurodeoxycholate","Tridecanoic acid","UCA","Valeric acid"
"A11",195.1062,0.8443,165.087,32.3143,8.1718,242.1788,8.0594,50.0794,15.354,53.6337,3.9144,2116.4618,162378.7937,58116.167,11137.6826,17.2712,42.5241,62.8999,25.2276,74.2712,2.0465,15.5635,16.2679,1.2835,313.7895,4121.4313,0.0188,453.7312,81.1225,1.0691,353.2258,2.8793,31.1153,23857.309,27.4885,1242.8038,3.2172,0.5238,18.1785,5.2343,134.3591,338.4292,11.7172,5.1892,29.8623,12.0708,871.8305,106.6217,27.0332,512.6903,35.0578,6.5252,4.156,1.1976,19.1575,9.197,3.6818,412.4157,2.0492,17.064,5.7678,6.86,69.7135,39.0815,77.9176,4.3499,52.3786,19.6379,7831.7812,99.9143,150.2186,30.5875,195.2231,88.182,7.5457,93.5883,0.00163,3500.3538,54.9618,1175.9634,0.8877,30.3341,6.4974,1126.9934,27.6479,1.0459,298.9553,1.8557,580.9263,87.3503,114.9638,178.8292,5.4262,0.0217,0.1983,0.1153,15.1966,41.7642,103.8755,13.479,50.0288,902.2412,0.221,7.5887,686.4211,4.1785,85.6104,57.4754,88.4302,6.7374,1347.3056,17.1364,542.3779,3.0912,316.2892,12.6162,58.3772,6.9426,4480.9749,23.713,0.46978,11.5101,1.8893,43.2828,9.4493,2000.1764,1016.3639,843.847,541.5174,614.5749,5.9987,274.201,2.2619,25300.6373,7.1518,464.3321,16.7537,115.123,3.2592,10.7173,424.2174,5.9507,5.6285,0.00091,0.13405,0.4726,772.5227,1674.4677,763.3914,990.4371,130.7472,58.1173,325.3782,58.1454,109.9549,2.0025,4.5541,30.5258,0.6085,354.7361,29.2496,11.291,56.6364,1115.5754,4.0786,412.6165,5430.6007,806.1977,428.9699,874.5254,1124.8739,718.3996,502.0378,1396.7336,3699.277,0.2998,1.9112,11.772,0.705,4.2131,123.5441,99.922,9.9768,26.8189,9.993,50.9971,72.1495,25.9591,1.0407,501.7632,0.8891,0.1878,13.8721,33.9473,24.9398,100.9516,175.1758,28.1909,2.5047,341.5943,0.3229,3533.9643,31.2821,14.0344,17.1702,206.6566,0.2126,1.2391,0.679,0.1123,31.4203,4.8527,12699.5616
"A10",553.8689,19.6001,478.8189,131.3284,286.6101,1225.9421,65.6903,78.8712,7.7469,26.1586,3683.387,293.6775,224401.2647,113635.4817,5961.4799,3469.9595,7.2415,143.9119,6.0719,31.415,2.8861,197.0549,30.89,3.5146,478.0479,2454.1522,0.3089,349.9256,53.5603,7.1927,168.7684,32.3485,32.2349,30284.7937,641.2989,44.2916,60.7662,322.5735,472.8094,7.698,69.9769,380.1572,2.7595,15.6211,30.9099,137.1866,407.747,609.3334,8.5446,1307.1137,40.3903,57.2329,14.0765,3.9968,373.1554,11.4107,3.5325,1987.0654,3.6333,43.2695,6.1434,793.4227,246.6767,87.6249,322.8882,85.3309,29.4854,15.7967,5801.8294,1386.1831,815.5153,55.4998,283.9481,510.0915,56.6247,172.4188,0.5241,23990.7808,4008.0417,375.4444,0.1183,52.2128,10.0457,2505.7316,51.4665,0.0077,39.8076,0.2252,1461.747,12263.5383,100.2823,1643.6958,77.4612,9.0235,0.156,0.479,2598.7946,83.5887,382.0718,11.6157,2133.6939,500.9689,1.4302,53.6284,470.1004,1.1042,305.4347,24.6977,144.358,52.8707,3143.7705,151.03,226.1914,91.5215,121.8799,28.2998,87.8967,9.8786,8608.5854,296.3072,6.5683,5.0734,0.2716,505.2175,17.7123,4258.8477,4697.1173,3398.9294,10723.5488,834.911,52.772,1530.5031,32.3781,10853.0792,31.9535,274.7845,20.337,140.6646,5.1811,188.2207,51.6952,4.2798,4.9019,0.5953,0.13405,0.1472,1055.2302,2284.6403,711.4542,2692.5833,229.8907,48.2119,1612.1903,164.165,170.5175,1.0224,59.9949,14.6918,0.1282,4968.2342,169.1048,31.4127,674.9503,2264.5137,18.6173,5.2064,3208.6237,4890.9426,1103.7493,748.6495,2038.4784,2127.9769,7196.1116,11300.8476,71.6282,0.8695,23.3052,68.7783,2.6377,8.8164,58.7631,191.0591,6.0148,42.4124,108.4516,393.1523,134.0757,153.8498,1.2787,1126.964,13.2542,0.1485,24.214,67.1481,51.5751,92.7621,324.0388,81.174,11.7141,108.1266,1.0774,36172.6482,301.2137,108.2004,33.9944,83.6591,2.0425,5.2248,11.9882,0.0651,56.2507,462.1805,2600.2817
"A8",2743.1885,2.1468,109.2255,1404.6007,37.8605,21.1106,46.7205,36.8456,6.5056,27.1946,2609.8204,799.873,124689.6019,86274.4305,10987.6366,17.8627,50.0982,21.6423,26.7667,90.9403,3.4247,635.915,17.9352,3.5123,3392.472,4118.4383,0.151,190.7812,916.3529,1.0825,23.1319,2.3825,4.1053,21562.0942,113.5054,53.3691,7.2798,0.05238,258.4767,4.8814,50.0511,4356.9383,9.8611,7.2047,4.0365,39.1983,55.587,484.4443,3.8645,296.8722,75.1449,49.852,7.0023,4.1032,282.5161,69.4546,2.2445,2985.4037,1.5083,216.997,4.2114,2673.8518,1826.6646,165.466,373.6957,8.0334,31.4798,11.7755,6482.8991,1826.7828,338.9854,11.0986,387.0661,2855.0854,62.4899,96.9591,0.8878,29446.7344,5680.172,208.2641,7.4103,18.4058,33.3527,14849.0437,36.512,3.1389,64.3911,0.1752,319.0679,1905.9825,91.5679,1078.7169,356.9451,1.3495,0.1695,3.9215,1894.9283,25.1085,165.5137,31.6294,1568.301,900.1689,0.0974,16.3175,551.7803,0.0449,125.286,4.8376,227.1399,2.4493,12434.5351,50.4293,340.4188,12.7815,15108.9113,55.7549,13.8366,6.6862,8868.2953,174.4547,0.46978,3.9709,7.229,114.9708,16.9972,20870.6265,34364.4744,7520.781,877.6275,9749.2964,29.8384,139.5227,1.6268,12779.6978,2.1501,197.1014,9.9989,530.7194,29.7594,6.0567,39.9238,35.4989,27.9662,0.0091,0.13405,0.2152,17983.3991,6234.4928,343.7878,15925.1993,224.9976,550.5732,1235.7223,113.0958,62.3813,9.2937,5.4839,0.55508,0.6024,3430.7245,60.9871,3.7585,1420.1246,13343.2808,14.3205,127.1095,5708.8822,3777.1375,324.7848,156.3,12921.7036,5899.0945,8287.5397,11641.0841,624.6015,0.5775,3.3852,16.8625,2.2074,4.4845,406.2684,490.2563,5.9915,491.6565,112.2012,434.8439,1214.117,28.3776,8.7866,1596.8366,18.9861,0.1694,10.5633,169.2651,11.057,73.313,203.7925,288.9624,4.9613,349.0347,0.8864,32697.8026,165.1204,15.8726,37.8386,1765.2639,0.3411,1.3222,1.0149,0.0775,13.642,1667.2844,1152.2372
"A5",3102.9069,36.5129,3647.724,1185.5224,4249.8667,91.4878,80.7534,524.4081,9.6563,349.6889,1485.3543,28.9036,110622.6828,141521.3771,3840.1001,4857.0623,14.1463,13.2557,25.2938,45.0298,1.2168,4080.5692,0.06769,2.4684,702.6595,2411.1229,0.4196,328.4122,103.3681,1.703,35.3474,0.23825,4.6473,14736.1298,3.8004,20.8381,19.7872,117.7771,4122.7833,2.9398,0.20981,571.831,7.4659,8.2117,4.3154,1188.5003,84.6033,657.0478,7.1074,13665.7882,26.8804,25.559,11.7283,2.3193,3880.795,39.7412,0.5894,1791.7465,4.1639,323.3911,3.8419,9816.8501,656.1071,213.6973,581.9615,149.5782,32.4411,26.7551,13132.6374,1719.1321,917.929,171.5203,231.0626,1348.4131,22.1475,20.8621,1.2431,28631.436,8311.0221,2719.3549,41.2006,218.8863,45.2488,9097.5831,16.9614,0.6429,119.2531,0.0936,2772.0764,1163.9906,92.5617,2998.4776,121.3809,14.2032,0.2766,1.6069,3408.2428,29.8516,266.5413,30.4502,1873.7585,1172.1943,0.00282,51.6181,804.6875,2.3397,1270.3112,32.9973,67.5887,24.694,18386.3837,245.8802,99.2502,14.7453,324.6031,48.4324,12.8786,9.6364,14327.898,194.1849,0.46978,2.6149,6.1039,548.4596,12.474,30247.5354,23317.4113,7305.1511,4771.0964,4236.1244,41.6797,75.9151,11.0065,11781.1152,13.1156,208.7771,18.7989,1222.7716,47.9828,13.4835,224.0465,54.9221,29.6481,5.9009,8.4831,5.9831,19125.8776,13521.1985,372.9231,10222.5108,1194.0142,295.2751,1018.8414,31.9172,77.709,6.9464,18.9322,51.9086,0.2435,4882.1178,141.2272,148.6321,2228.788,15786.6351,197.5046,17.2739,2914.5749,8642.807,10597.6005,2091.5405,10662.6836,6809.7158,14460.0646,25253.3577,167.8168,104.584,102.8244,16.7146,0.01708,15.8236,608.5615,36.9651,2.0992,181.803,88.8565,1716.032,413.5093,14.1181,3.8868,1346.3711,9.794,0.1536,23.7148,40.4233,142.4636,54.3754,481.8045,71.1067,3.3152,175.2072,0.3241,23915.561,210.5924,20.1072,130.4634,1288.3981,0.1841,4.049,4.4905,0.2909,34.5925,4901.9402,567.6047
"C14",392.0435,0.0361,101.0025,76.4357,22.1573,46.2802,5.2128,13.0723,0.03379,41.1218,1.7315,1416.1308,95619.4267,25478.9639,7866.3249,49.6998,43.4966,13.8466,8.4203,98.4407,1.3525,17.1521,19.4928,2.9636,1227.2215,4782.0478,0.0517,665.6145,353.3428,0.4865,40.7851,51.3795,124.0799,2490.9812,80.4225,121.4265,3.3584,0.05238,31.9753,1.8801,38.4294,1344.2883,51.2284,354.8633,122.3563,65.1858,96.9423,33.8094,11.2114,125.2519,76.751,12.1311,3.9655,1.2968,27.8333,10.4177,3.602,816.5519,0.2772,96.5522,13.1921,3.6233,0.75877,1.6396,3.6724,12.9501,16.0572,0.23209,339.0049,57.5078,20.6194,1.0541,208.3237,243.5192,120.7383,403.7568,0.1143,7997.1814,271.9937,28.1868,0.5625,0.0951,32.3133,2526.4906,145.507,2.1503,128.7111,1.9232,170.4067,212.0235,57.0601,115.5788,0.3052,0.0061,0.1298,0.00203,1.8899,10.83,113.7686,11.0205,3.2335,484.4961,0.2204,4.2187,109.2566,14.8828,99.9443,28.2322,120.4678,3.858,2194.6864,191.3765,43.6917,19.628,20.3999,0.46884,65.755,41.1184,3536.5569,17.8493,0.46978,45.0244,1.032,5.2167,21.3004,5502.9031,7464.8467,2029.5519,825.4873,2263.0203,0.5369,71.8265,0.01156,1647.2909,2.5002,126.864,13.4587,406.4631,16.0534,1.7724,3.0334,0.2163,0.5544,0.00091,0.13405,0.0357,1987.49,3887.7481,1044.8966,3168.8857,75.2078,119.1548,235.9758,9.1224,134.9305,0.4249,0.24992,11.2191,0.7203,425.0467,23.4467,6.0012,13.9917,3684.2821,4.7624,362.4571,5634.4412,1619.4334,390.2601,1575.3261,3094.7914,1922.2424,2005.6577,4491.9916,3378.8405,0.0869,0.055,10.0934,1.4167,2.9712,62.4112,29.2076,6.0088,47.5064,13.9074,20.5906,126.5647,54.5177,1.94,398.4906,2.6391,0.4676,88.5827,56.5339,0.1866,174.3409,550.7969,89.9269,13.8107,927.7254,0.5847,9913.8254,1.0909,3.5172,36.1877,107.8535,0.4871,0.831,0.76,0.0379,37.5232,1.6787,4345.1578
"C10",333.6872,0.052,233.3961,47.2405,0.23362,511.1303,8.169,15.0572,2.2321,18.3437,0.2253,961.4078,114203.4628,42713.4671,8392.3143,38.0238,25.3653,21.75,38.8269,68.4402,1.4075,41.9324,9.5385,0.8041,825.3837,3785.1506,0.0271,269.3676,321.4768,0.5896,184.3978,44.1056,126.9006,28918.5549,121.2125,182.8287,15.5957,3.1028,34.0427,1.6045,49.8323,817.9123,35.2675,23.8208,121.75,17.5197,449.8309,258.0751,7.1752,80.3384,18.5616,10.7565,5.3549,1.4699,50.4203,10.7383,2.2229,452.9702,0.3253,51.1349,13.9005,2.6132,0.75877,2.3376,6.0437,3.3228,3.2907,4.5219,700.7057,450.8745,11.5507,1.268,256.0573,111.348,57.3805,307.5867,0.00163,6834.2095,227.36,30.042,0.1888,0.258,29.1387,2267.6231,108.0973,0.6632,176.9481,2.3009,938.3327,596.3828,232.8092,449.598,0.8081,0.0296,0.00724,0.00203,2.6406,16.8985,104.4998,7.7244,2.4789,873.5406,0.9432,2.5834,69.0158,0.7974,249.5931,5.5513,120.0747,3.2927,2952.5113,16.3687,144.236,38.4045,128.3911,7.5573,60.1838,158.1779,7398.8038,93.0147,0.46978,33.2934,0.8435,11.385,10.5222,3458.7644,5095.8068,1340.0215,1016.723,1425.4693,1.2873,75.333,0.3098,2309.1863,1.7421,126.4992,14.835,313.5404,11.3401,10.0335,3.0768,0.28,0.2872,0.00091,0.13405,0.0214,1022.0529,3891.9248,795.8488,1798.7612,87.0694,78.2418,1546.4386,16.1213,157.3568,0.1664,0.24992,53.4639,0.6477,428.084,66.052,7.3887,12.1956,2265.831,7.1131,358.6558,4630.6988,1316.5644,1315.2216,1642.2887,2555.4187,1439.574,1314.7943,2602.8354,1967.5548,0.1757,0.1012,6.0906,0.5341,8.1836,340.558,210.2562,9.1443,21.6553,15.3904,216.3129,69.981,61.912,0.5422,670.8349,5.9271,0.5583,74.71,54.3484,0.339,177.6208,197.1949,80.619,10.5245,668.5569,0.8167,7055.1763,86.6208,4.8945,26.5104,537.3479,0.533,1.562,0.6872,0.0404,16.2574,0.09759,6666.7968
"A4",1645.936,3.0186,142.7175,1151.2597,233.6209,27.6295,185.1407,24.5751,0.3379,20.0144,666.7805,3.8086,133918.0049,82814.5952,5018.9447,916.6173,6.2466,14.02,7.966,167.0978,3.5603,606.6317,29.1443,2.9231,2587.3513,1501.3025,1.7367,140.4874,463.0615,4.4426,94.8369,12.3695,9.6597,37617.8807,336.8273,85.3457,94.9926,601.7788,36.4229,5.8377,3.7889,2464.9118,24.755,7.9965,8.7114,64.0684,229.5902,105.0695,4.7241,783.2551,29.708,38.559,8.3395,5.8367,158.2068,53.1694,1.0368,2118.0063,0.9116,211.1783,8.4462,846.2715,41.5699,7.7582,56.2844,2.8942,2.6765,13.7917,12911.8383,6488.2417,261.1388,13.4199,615.7197,1531.3621,164.1567,148.9276,2.7717,30232.6827,3685.3883,747.3701,62.1849,9.6175,9.3775,15680.4189,88.4048,0.0634,2.0667,0.4172,744.1799,3126.0015,396.9817,6895.7796,23.1692,5.0607,1.9536,8.1009,2964.7851,16.4599,461.2383,5.1141,2848.2679,12.07667,0.3987,15.1119,542.9166,0.8433,163.5852,44.8304,366.9762,16.1575,16327.4243,967.5247,425.5072,42.8006,171.1069,37.129,107.7095,12.8196,31831.9597,1292.2691,26.4847,10.9169,0.3148,62.9753,66.2774,24487.5474,16947.3359,7205.4568,4688.2339,6673.6945,6.7817,36.5461,26.6184,27684.9179,1.0697,68.7385,18.9436,583.725,25.8889,42.9612,43.7404,100.303,27.9155,4.75,0.13405,0.1504,13971.1788,7353.8603,226.5123,13805.5144,99.2093,296.6449,2270.2095,265.625,292.3526,1.7908,149.3469,8.8394,22.9849,1806.6158,280.1094,37.0924,306.3064,14299.3188,8.709,2.8641,2211.5308,8405.4347,2720.3441,1260.0438,10261.4794,7757.4889,7627.5708,18738.0034,8.3333,11.6529,9.0072,142.6523,2.2709,22.3757,1653.7235,673.7922,15.547,216.9703,22.82,1548.6224,513.8192,161.7537,1.3339,1776.7679,17.2347,0.3432,41.9834,97.2287,9.8135,385.1113,215.0503,209.0528,8.2932,46.3935,0.5387,27540.8805,1342.0627,45.0748,346.3798,5033.6157,1.5858,15.2255,136.7898,0.0683,6.7466,169.4786,2267.4342
"C4",328.7238,0.0111,121.692,39.3399,0.23362,71.9055,5.8193,44.8613,11.244,200.1509,4.9764,434.4986,77520.7236,68990.3104,6805.2644,145.6666,18.9109,18.7854,15.0181,135.9547,0.9117,38.9457,50.3119,0.7695,149.4448,3248.0538,0.00108,143.1419,24.1811,0.0867,15.3102,25.4064,87.3674,31248.3263,30.5452,252.6008,7.3382,22.4337,75.8537,3.9207,81.2897,154.9123,18.1497,12.0226,82.3026,9.1283,35.4923,689.4831,6.789,416.9505,9.767,5.4868,6.6457,1.1742,68.2674,14.7038,1.9767,321.6248,1.6856,39.3326,5.2051,12.4964,16.8635,112.5953,220.4739,8.0685,312.1024,10.6813,1377.1339,404.2553,231.3973,0.5271,38.3605,109.064,9.3415,235.7512,0.00163,6944.1323,243.9228,48.2221,0.3595,0.3388,9.6227,1973.7547,80.467,2.0275,451.0849,0.2192,116.3495,935.9683,37.6221,2593.4706,41.9378,0.0048,0.0724,0.00203,45.7623,63.2629,48.5897,3.3704,84.3196,1305.3708,0.00282,27.6562,740.4142,0.1451,37.4849,1.1107,70.0868,8.0685,2274.0057,31.496,119.1854,17.1012,65.023,10.3461,14.6783,9.6143,3882.9689,35.9829,0.46978,23.0361,2.4316,84.3422,14.694,3788.7865,4810.9633,1459.2605,871.4897,533.8108,20.4809,241.8188,0.1156,4442.5843,4.1629,430.9589,14.5484,213.1013,6.9724,1.4692,23.9521,0.8924,0.6963,0.00091,0.13405,0.0108,1399.6273,2320.7767,316.786,1709.065,243.1244,55.0569,632.0467,49.8196,76.5703,0.5759,2.4992,52.6001,0.2586,567.578,91.4336,3.3844,162.4187,2158.2063,2.5805,1397.2542,3449.2882,2000.8793,178.1423,1519.0866,2042.8389,1311.7551,1682.4385,2979.8953,4822.9867,0.2514,0.0191,7.6275,0.5878,1.1931,2253.1992,45.2806,0.02531,19.6326,10.2161,60.2663,62.7933,3.5382,0.8615,516.6095,5.992,0.4171,27.4958,25.5579,0.0786,79.7333,414.6004,14.2974,3.5936,363.0164,0.4247,2323.1154,42.9476,111.2562,14.0245,2189.7221,0.2039,0.8292,0.6837,0.0397,34.7328,56.5267,6950.738
"C2",565.5848,0.1079,131.2349,53.5464,9.5952,222.5501,5.6069,80.129,1.0388,29.7,0.02253,548.051,75450.8168,28250.4248,2376.0441,4.9397,9.801,8.3509,5.0912,45.8071,1.0859,23.364,4.5105,0.3698,1080.8922,1448.5903,0.00108,53.7221,254.4237,0.328,19.0959,20.1036,82.4784,510.786,73.8391,67.879,6.0015,5.5788,79.0575,2.0414,17.8836,1291.5266,10.2422,9.6882,78.9221,27.745,45.3137,265.959,4.4569,59.5491,54.3551,8.4451,7.6426,0.9599,68.9306,4.26,3.4283,636.3735,0.1944,145.8102,9.5087,3.5278,7.5877,64.0332,51.5026,20.0433,1.5175,4.3588,583.7158,841.357,34.2557,0.9577,37.8463,378.5667,133.3434,521.1288,0.0428,8661.8371,248.1104,42.5721,0.221,0.7544,3.2948,2838.5601,47.9343,2.1474,46.7164,1.2842,338.5438,214.0613,156.5849,1413.8881,1.3214,0.0142,0.1052,0.00203,1.7272,6.7109,42.216,2.5907,5.3106,253.3813,0.00282,8.5383,93.8406,0.194,112.8481,10.7223,279.0791,6.7793,4489.2799,17.596,200.9037,12.3958,110.9836,10.0792,43.3932,9.8611,5976.233,104.4256,0.46978,7.5127,0.4492,35.4775,12.0223,5946.9138,11418.9105,2230.0496,2108.816,976.4657,2.3415,20.2643,0.35,3416.3709,1.9567,47.8128,9.3254,320.6388,11.8952,9.9671,10.4107,0.2786,0.7016,0.00091,0.13405,0.0226,3208.0228,4457.6212,132.6058,3935.5527,135.1116,54.5412,705.1433,72.0167,132.9325,0.4366,0.24992,9.3539,0.1448,669.5255,82.7552,5.2103,8.8206,4205.2693,6.6794,323.1389,1511.771,2267.9047,226.9429,1345.6105,3818.7237,2386.3193,1283.5935,3621.4771,1616.6417,0.189,0.2739,6.9181,0.3152,1.6453,138.9556,260.2794,0.2531,53.2403,14.3227,1259.414,216.1485,6.7044,0.599,565.2595,1.6199,0.0131,26.8598,44.1908,0.7934,230.6439,185.2783,91.3736,5.5167,233.3111,0.4543,9725.9998,95.9841,8.9654,28.7769,332.4355,0.5837,0.61,0.5038,0.00379,11.89,0.9759,1615.5103
"A20",489.247,0.0458,179.9912,47.9159,16.4909,308.9835,6.497,27.5906,3.6077,34.2938,0.02253,970.8705,154683.693,59955.9584,11235.0261,31.5497,64.7555,56.6848,17.8967,78.2945,0.8791,24.0773,44.563,1.4232,804.3197,4464.5188,0.0108,286.01,265.5009,0.5481,756.8626,56.7595,99.7379,28420.6339,276.4155,242.4857,5.0207,18.5541,66.0728,1.4479,104.0255,772.9455,25.4497,25.0842,96.746,21.3904,2312.3326,107.9157,12.7195,446.8555,20.9216,9.5218,6.3246,1.294,32.7299,14.5281,4.3182,1362.9292,0.8816,93.0233,12.1676,8.076,0.75877,7.1822,13.6727,7.4729,13.1594,8.4336,1628.8329,647.8681,78.6416,0.6516,1134.2272,339.543,62.0437,115.4131,0.00163,11509.0785,294.4197,170.7087,0.2572,0.1289,6.3309,2892.918,54.425,1.2923,119.942,1.8144,187.3304,642.206,949.316,1348.4111,3.3271,0.0102,0.1408,0.0203,2.6405,41.2057,64.6784,4.3209,5.2828,663.2428,3.9122,4.5671,157.2713,0.8717,197.2864,17.0276,191.0554,4.4727,4114.5659,197.8775,149.0537,41.3466,141.2984,12.2929,54.3837,85.7222,17932.305,242.5467,4.6978,23.28,1.2709,16.6626,16.8521,6084.6774,7864.0651,2258.3362,1131.7708,2251.4642,2.3855,136.558,0.01156,7959.2117,5.1376,221.3665,14.4427,276.7695,9.9034,35.7923,21.3372,0.7181,0.927,0.00091,0.13405,0.1677,1308.2062,4802.4968,733.4377,3952.8206,107.5772,123.9619,1818.6861,33.3277,203.9707,1.7983,3.3221,42.8714,0.7242,566.5283,122.8015,11.5361,15.0571,4002.9208,7.563,361.647,5439.3738,2182.5507,469.2819,2387.0929,4097.222,2586.4889,2294.1955,4901.9525,1911.131,3.2696,0.0148,9.6287,1.4196,9.193,439.1059,482.6788,30.6669,27.9976,25.6939,846.7882,196.7247,223.7845,1.3156,982.763,3.8118,0.7917,35.3534,46.8342,0.043,129.0658,639.8782,70.0229,9.8543,430.4759,0.369,7316.2247,225.1829,8.7125,13.7473,667.0051,0.4319,1.109,0.7665,0.0758,44.792,0.09759,8512.3976
"A19",1477.8253,4.2182,109.8606,629.1386,127.0336,61.917,7.2146,19.944,5.9465,67.7504,116.2541,1593.3493,69759.3639,41228.4465,6752.184,1850.7774,15.7051,27.348,10.8798,30.365,1.0818,90.3669,64.6139,1.0745,1065.7848,2750.2362,0.0307,171.5099,323.4862,0.9197,16.6342,14.8507,6.7373,12925.0391,85.7419,19.3164,5.8612,39.9803,52.5198,3.0897,2.0981,1334.1664,15.7808,11.4268,6.2785,27.8121,39.1315,189.8623,3.46,2445.3923,24.9078,10.469,7.3205,1.5176,108.769,41.9621,0.5998,881.7328,1.0543,160.5385,3.7732,721.6283,455.947,371.5119,403.2358,4.8418,16.3682,10.9791,1709.1245,1549.9713,38.7184,50.443,209.7712,978.2594,71.4741,130.8913,0.7982,16017.4709,428.4641,121.6424,3.5271,40.5569,19.9935,9268.5713,85.1025,6.1364,732.3103,0.963,129.0955,199.7055,106.6277,1888.0967,271.5308,2.0505,0.1224,2.3564,756.3898,7.805,110.2209,26.1107,460.5074,1449.6826,0.0282,3.1643,426.589,0.7235,82.3033,26.679,138.049,4.7382,5630.7613,46.9989,246.7131,28.5952,20606.5794,28.9043,21.5609,0.45641,7803.1424,290.7841,6.6714,9.4624,28.46,32.6275,11.9183,12752.7233,20832.5608,4696.0349,812.1864,5360.5765,19.1808,38.56,3.5695,2857.0416,0.6573,59.4408,9.3998,625.1361,33.6422,4.4298,41.7594,6.3837,5.7428,0.00091,0.13405,0.022,10424.5736,4846.016,310.9337,8403.4438,262.8412,201.1272,1751.1241,96.2549,59.0459,4.5051,4.0416,35.5209,0.2199,1817.8567,38.4367,7.7608,1164.7907,8434.5365,4.9056,197.0866,3671.8002,3394.8568,235.332,1361.4028,9015.3156,5737.618,4731.2855,6811.1225,1960.3054,0.4437,21.1806,37.7098,1.0459,8.5972,409.4369,82.9915,5.2877,207.9556,25.9877,310.3353,790.8972,37.5621,4.2924,1024.7699,14.6051,0.1358,21.3579,46.7603,42.3204,205.0292,50.5422,73.688,4.4763,338.5109,0.1077,6828.4162,275.0859,41.7789,27.2887,1098.9065,6.6822,0.7926,0.8125,0.677,4.3262,1984.177,470.7988
"A15",668.1446,0.2889,78.694,85.0764,8.4687,99.5503,14.9847,34.7766,13.0992,29.3926,94.8824,709.8757,191567.1217,70306.9624,13666.1628,412.3994,35.5928,21.6101,73.5034,77.6483,1.4749,140.9822,13.9988,1.3762,795.2468,5446.5697,0.00108,348.5696,198.6722,1.3291,138.2006,38.6728,106.4334,34283.1489,299.4674,296.6158,3.8585,2.1069,23.5834,3.1796,27.9878,734.9938,29.7404,18.1846,105.2447,17.9121,327.5573,64.4707,13.9894,745.7519,18.0347,12.8496,11.2805,1.3652,43.1895,133.9165,2.2334,1678.8343,0.7593,84.9172,12.46,246.5763,472.4433,35.7112,56.138,6.419,8.2412,19.8689,1183.0811,533.5159,136.8066,9.5156,1715.9166,763.5118,57.6047,215.2701,0.00163,12586.127,760.115,81.9908,1.6912,7.8107,37.2224,5006.1993,47.2171,6.9698,509.804,2.5341,186.4658,1035.4357,232.6397,822.293,190.3152,0.0453,0.2423,0.0219,310.1631,21.1972,174.2685,21.5603,617.3958,1706.8591,0.1216,8.8288,216.842,0.9443,90.1925,17.8577,107.3992,8.9349,5669.3433,216.1153,272.9168,28.0548,532.7236,27.9894,70.825,22.7844,14138.726,173.6054,0.46978,8.9924,7.8113,39.3622,15.305,7535.5042,10104.7737,3166.6025,1332.2622,2073.2825,7.2876,54.044,0.8544,6340.2655,5.5219,104.1227,13.2193,309.7553,12.0921,10.6834,14.4498,1.2613,3.3513,0.00091,0.13405,1.2797,4258.0538,4753.3174,707.937,4310.1366,253.2749,175.0079,1201.026,63.2148,206.2269,4.9066,6.0491,93.5634,0.2766,800.7074,91.8468,8.2259,1017.3979,4866.5693,5.3047,800.593,7785.1664,2195.25,870.7637,2614.1471,4704.4668,3033.5131,2098.2032,5597.6688,7458.5416,2.2247,1.7727,31.2837,0.6896,6.5955,357.2175,67.3286,49.0306,204.8383,36.5876,320.9696,520.5786,403.2207,3.0195,1107.3223,15.2339,1.4237,31.5608,46.1358,9.0668,237.9781,464.5005,81.2493,9.0628,712.2836,1.9998,9377.4615,189.8279,14.522,116.7084,571.4383,0.5481,3.5292,1.9102,1.8764,31.2766,160.4816,12897.9537
"A14",369.2317,0.2806,142.0893,60.4964,2.3362,256.5163,7.9416,14.1461,0.5213,39.8978,10.5326,1455.6908,134408.598,62151.0367,12345.7312,73.088,57.6091,41.5949,57.3115,115.6496,1.0863,66.8872,8.8921,1.0332,373.8387,4909.9969,0.0215,437.2417,179.8218,1.6014,656.0109,59.2012,79.5639,34893.2332,77.9365,12384.0289,5.889,0.05238,15.5629,1.335,70.8869,519.6254,30.241,30.6119,77.2495,4.6784,1747.6804,194.625,2276.7269,204.8384,14.796,10.4095,11.3824,2.0356,168.8738,10.5536,6.1499,757.3758,0.4987,62.695,17.1838,12.885,20.389,5.2079,21.2151,4.0522,4.2984,3.7672,3912.3746,1306.1511,143.379,7.7939,459.1156,224.8467,34.6541,973.8352,0.0435,7559.0475,371.6877,1103.7492,0.4406,4.2258,22.8836,3826.228,84.1202,2.9888,676.9776,3.5873,460.4875,411.8529,191.6503,1642.8795,5.651,0.0319,0.1963,0.00203,25.335,20.294,190.4205,4.9726,56,1654.0104,0.7379,4.7931,176.7762,0.00449,157.5958,3.1011,57.0846,17.9421,2509.6042,38.3066,204.6786,65.5823,198.0911,0.46884,23.2831,12.0558,17198.7592,206.016,12.535,12.2887,4.0632,16.3042,16.539,4447.0449,1957.5825,1870.225,2289.0249,1872.4352,1.6766,53.205,1.0153,10230.5006,4.7832,106.4111,24.7374,331.2558,17.516,12.5225,49.0965,0.3915,0.7285,0.00091,0.13405,0.2876,1695.2714,4860.9345,1022.464,2399.2241,106.6125,113.682,1254.1971,148.5492,230.2933,0.314,3.6432,79.9761,0.4906,444.7863,147.3102,11.6296,50.0933,2971.945,3.0355,611.505,6530.9274,1394.9779,264.3895,2718.6509,3240.0187,2075.6749,1396.7196,3152.896,7380.8343,9.3814,1.1605,13.6707,0.4208,5.5219,288.5087,198.4683,13.2107,37.7521,13.939,499.2375,140.8827,58.763,1.49,1680.4399,6.03,0.7167,28.7764,459.6898,7.7952,207.9767,323.1521,26.3847,14.3334,437.0818,0.6279,4798.6597,228.9486,20.8933,32.2238,430.7932,0.3169,1.3787,0.7722,0.2236,34.2836,7.3578,16768.3684
"A13",980.6651,0.1914,356.1863,174.5592,288.8714,1450.8384,9.7205,72.0526,15.16,93.8733,21.3975,1119.3454,195052.6707,93623.7563,14027.344,1985.3055,205.4186,22.083,41.2663,219.0495,5.2064,160.1905,83.5964,2.2393,2653.3384,5266.206,0.0428,310.811,790.759,5.9833,198.073,26.0816,133.1175,31157.3704,641.483,476.3187,13.7702,11.6686,148.1485,3.701,110.8767,2842.2517,14.7525,14.263,135.6351,410.9155,485.9042,264.1555,24.2727,644.0599,28.432,36.4825,41.1417,11.6771,46.6761,48.1382,10.2763,3265.7308,0.9073,190.7923,13.9418,20.3214,308.0889,134.688,308.1487,6.3195,46.7459,17.3961,1034.1836,315.286,450.5262,5.6291,1639.8468,715.5162,114.4356,44.5432,0.0391,28943.4277,398.5895,83.8963,1.0833,3.0969,14.2607,4826.5737,49.713,0.8887,71.5301,1.1246,422.5812,803.5003,339.5338,480.4985,59.4102,0.0238,0.1584,0.00203,8.6081,15.643,78.1099,20.4041,71.3983,120.7667,13.7264,24.9768,476.6251,6.2581,392.0851,52.1278,392.3166,7.96,5158.7558,22.4746,151.9181,45.8035,40.3456,11.4906,88.8093,24.2315,18033.5292,391.7082,0.46978,6.0897,0.2489,265.0878,16.9801,9003.8087,13467.0036,3568.1166,1378.0972,2899.2387,76.2284,86.2303,3.7089,7750.4628,4.1052,273.2253,17.0773,520.8751,17.3744,40.4782,12.6388,0.2438,2.7267,0.00091,0.13405,0.0345,3297.0886,5717.5797,586.4315,7018.9581,207.1256,246.6654,1230.4493,256.3823,479.9534,1.9606,3.2067,6.6359,0.1414,956.3066,132.3471,5.3578,155.3111,5750.9311,9.9364,237.1278,7439.6827,3216.2506,2150.3488,1053.6481,6243.7796,4117.8299,2977.9088,7481.6009,660.2252,0.00168,0.1795,32.9368,3.1484,2.7141,137.9806,606.1879,47.6484,81.612,21.296,1277.8877,416.4828,227.008,5.5304,1186.751,1.363,0.0699,19.312,102.9322,5.1656,201.2467,435.82,309.2964,8.4884,324.9993,2.0941,66500.4291,388.2284,19.3686,41.871,304.6756,1.0898,1.8266,0.7047,0.0485,71.297,2.5979,12744.3257
"A1",811.9824,0.4843,110.6576,82.3397,10.6082,99.0724,7.8011,26.3086,3.8207,91.4552,4.3471,4280.1629,162242.4366,58820.8048,9791.0125,29.7829,31.7925,64.7426,60.0232,44.2829,2.9888,57.0478,19.3306,0.8185,810.477,4085.7859,0.00108,471.5683,211.1467,0.1977,25.4496,46.3235,73.3019,19089.8931,76.0079,6336.132,4.0833,0.05238,67.0336,5.8656,22.9743,1032.746,15.7919,14.4466,71.7697,57.9144,61.6168,1.00441,2918.5016,124.4171,14.3614,7.9708,73.4319,0.08507,26.5795,7.1332,12.1878,1395.3998,2.3822,62.2259,7.9816,13.4527,0.75877,44.7811,101.0596,17.1822,46.404,19.8883,2920.2993,476.2066,72.033,6.1282,754.3431,361.4348,35.2807,283.5897,0.00163,10817.918,478.6565,126.7997,2.7032,7.3453,20.3413,4050.9671,89.9987,8.7294,934.1426,4.0348,163.6364,537.2575,95.1162,308.021,15.0359,0.0758,0.1422,0.2565,45.8188,86.2947,256.0226,6.3896,67.6205,2054.8368,0.00282,4.23,249.6758,0.00449,101.1918,8.5744,99.2699,3.1999,8173.6894,21.7378,81.2343,23.1137,189.1994,20.5177,33.6219,36.3193,8265.792,81.6363,0.46978,18.5028,10.6535,83.089,27.514,7481.7107,11498.7335,3272.9597,805.2841,2942.2609,36.6653,291.9183,0.6877,9786.2055,10.7751,365.4802,36.9315,398.0281,11.567,4.2421,18.3992,0.5366,1.0189,0.00091,0.13405,0.2256,3068.6391,4591.6127,913.2303,3504.0405,262.1764,153.4307,623.9011,12.4474,121.5949,0.2186,0.24992,100.0255,1.2188,658.4951,41.1279,7.9499,100.2853,4946.8341,10.1822,1148.0264,4748.6417,2471.8955,471.6882,3369.596,4300.6164,3120.9951,3201.2072,5565.1365,10174.1747,4.5738,0.8325,19.9794,0.4949,10.8858,387.9419,193.2735,49.9249,72.6109,12.1448,73.1122,257.1349,177.355,1.7601,673.9769,5.008,1.0189,31.294,769.2698,4.2375,122.5053,396.7446,74.5997,6.6647,1013.5005,0.1259,5327.4928,81.2992,17.199,25.0295,665.4875,0.3556,1.2296,0.6704,0.1909,53.5327,8.8589,7617.9228
