"sample_id","(-)-Riboflavin","(+/-)-Tryptophan","(2S)-2-hydroxypentanedioic acid","(N(1) + N(8))-acetylspermidine","(R)-2-Hydroxy-4-methylpentanoic acid","(S)-3-Hydroxybutyric acid","1-Aminocyclopropane-1-carboxylate","1-Methyl-2-pyrrolidinone","1-methyladenosine","1-methylguanidine","1-methylhistamine","1-methylnicotinamide","1,3-Diaminopropane","1,5-Diaminopentane","10-Hydroxydecanoate","16.89_propanoic acid","2-(1H-indol-3-yl)acetic acid","2-Amino-1-phenylethanol","2-Amino-2-deoxy-D-mannose","2-aminoadipate","2-Aminobenzoic acid","2-Aminoethylphosphonate","2-aminophenol","2-Deoxyglucose 6-phosphate","2-Deoxystreptamine","2-hydroxybutanoic acid","2-hydroxybutyrate/2-hydroxyisobutyrate","2-Hydroxyethanesulfonate","2-hydroxyhippurate (salicylurate)","2-hydroxyoctanoate","2-Hydroxypentanoate","2-hydroxyphenylacetate","2-isopropylmalate","2-ketoisocaproic acid","2-Oxoglutarate","2-Oxoisopentanoate","2-Phenylethylamine","2,3-Pyridinedicarboxylate","2,4-Diaminobutyrate","2,5-Dihydroxybenzoate","2'-deoxyadenosine 5'-monophosphate","2'-deoxycytidine","2'-deoxyguanosine","20.13_butanoic acid","26.93_hexanoic acid","2AB","2PG","3-(4-hydroxyphenyl)propionate","3-Aminoisobutanoic acid","3-Aminopropane-1,2-diol","3-Carboxypropyl trimethylammonium","3-hydroxy-3-methyl-Glutaric acid","3-Hydroxyanthranilate","3-Hydroxypropionate","3-Indolebutyrate","3-indoxyl sulfate","3-methoxytyramine","3-Methyl-L-histidine","3-methyladipate/pimelate","3-Methylbutanoate","3-Methylguanine","3-Phenyllactate","3-Phenylpropionate","3-phosphoglycerate","3-sulfo-L-alanine","3-ureidopropionate","30.08_Heptanoic acid","4-(beta-Acetylaminoethyl)imidazole","4-Acetylbutyrate","4-Amino-3-hydroxybutyrate","4-Aminobenzoic acid","4-Aminobutyrate","4-guanidinobutanoate","4-Hydroxy-3-methoxymandelate","4-hydroxy-benzoate","4-Hydroxymandelate","4-Hydroxymethylimidazole","4-hydroxyphenylacetic acid","4-imidazoleacetate","4-Imidazoleacrylic acid","4-Methyl-5-thiazoleethanol","4-Oxopentanoate","4-pyridoxate","5-Aminolevulinate","5-Aminopentanoate","5-HIAA","5-hydroxylysine","5-Methoxyindoleacetate","5-Methoxytryptamine","5-Methyl-2'-deoxycytidine","5-methylcytosine","5-Methyltetrahydrofolate","5-Oxo-L-Proline","5-Thymidylic acid","5,6-dihydrouracil","5'-adenylic acid","5'-CMP","5'-Deoxy-5'-methylthioadenosine","5'-Deoxyadenosine","6-Aminohexanoate","6-Hydroxyhexanoate","6-hydroxynicotinate","6-Methylaminopurine","7-methylguanine","7,8-Dihydrobiopterin","7,8-Dihydroneopterin","Acetyl CoA","ACETYL-CARNITINE","acetylcholine","aconitate","aconitate [cis or trans]","adenine","adenosine","adenosine 5'-diphosphate (ADP)","adenosine 5'-diphosphoribose (ADP-ribose)","adipate","ADMA","ADMA/SDMA","agmatine","AICAR","Ala","ala-ala","allantoin","alpha-glycerophosphate","alpha-glycerophosphocholine","Alpha-Methylserine","anserine","Arg","argininosuccinate","Asp","azelaic acid","Benzamide","beta-Ala","beta-Ala-Lys","beta-D-Glucopyranuronic acid","beta-D-Glucosamine","beta-Imidazolelactate","beta-Leucine","beta-N-Acetylglucosamine","beta-Pseudouridine","betaine","betaine-aldehyde","betonicine","biotin","Bis(3-aminopropyl)amine","CA","caprate","Carbamoylaspartate","carnitine","carnosine","Castanospermine","chenodeoxycholate/deoxycholate","choline","choline phosphate","cIMP","Cinnamic acid","Citraconate","Citramalate","citrate","citrate/isocitrate","citrulline","CMP-N-acetylneuraminate","creatine","creatinine","cyclohexylamine","cysteine s-sulfate","cysteine-glutathione disulfide","cystine","cytidine","cytosin","D-(-)-Quinic acid","D-Glucarate","D-Gluconic acid","D-Glucose 6-phosphate","Decanedioic acid","diacetylspermidine*","diacetylspermine","Diazoxide","Diethanolamine","Digalacturonate","dihydroorotate","dihydroxyphenylalanine (L-DOPA)","dimethylglycine","DL-Leucine","DL-Lysine","DL-METHIONINE","DL-methionine-sulfoxide","DL-Ornithine","Dl-Proline","dodecanedioate","dodecanoate","dopamine","ectoine","erythronate/threonate","Ethanolamine phosphate","F1,6P","FFA C11:0","FFA C9:0","fumarate","Galacturonate 1-phosphate","gamma-Glu-2AB","GCA","Gln","Glu","Glu-Glu","Glucosamine 6-phosphate","Glutarate","Glutathione","glutathione oxidized","Gly","Gly-Gly","Gly-Leu","glycerate","glycerol","glycolate","GMP","Guanidineacetic Acid","guanidinosuccinate","guanine","guanosine","Harman","hexaric acid","Hexylamine","hippurate","His","histamine","histidinol","homoserine","Homovanillate","hydroxyproline","hypoxanthine","I(-)","IDP","Indole-3-acetaldehyde","indole-3-acetamide","Indole-3-ethanol","indole-3-lactate","inosine","Isoamylamine","Isobutylamine","Isobutyryl CoA","Isopropanolamine","Itaconate","kynurenine","L-(-)-Phenylalanine.1","L-lactic acid","L-malic acid","L-Saccharopine","L-serine","L-Theanine","L-threonine","L-tyrosine","L-valine","malonate","Malonyl CoA","Melatonin","Mesylate","metformin","Methyl sulfate","Muramate","N-.alpha.-Acetyl-L-ornithine","N-6-Trimethyllysine","N-Acetyaspartic acid","N-Acetyl-alpha-D-glucosamine 1-phosphate","N-Acetyl-b-glucosaminylamine","N-acetyl-beta-alanine","N-Acetyl-D-glucosamine 6-phosphate","N-acetyl-D-phenylalanine","N-Acetyl-DL-glutamic acid","N-Acetyl-DL-methionine","N-Acetyl-L-leucine","N-Acetyl-L-valine","N-acetylhistidine","N-acetylmuramate","N-acetylneuraminate","N-acetylputrescine","N-acetylspermidine","N-alpha,N-alpha-Dimethylhistidine","N-carbamoylglutamate","N-epsilon-acetyl-L-lysine","N-Formylaspartate","N-methylalanine","N-methylglutamate","N-Phenylacetylglycine","N(1)-acetylspermine","N1-Acetylspermine_div","N6-Methyl-2'-deoxyadenosine","N8-Acetylspermidine","NAD+","niacin","niacinamide","nicotinamide ribonucleotide (NMN)","Noradrenaline","Nornicotine","O-acetylserine","o-Hydroxybenzoate","O-Phosphoserine","O-Succinyl-L-homoserine","Octanoate","Octopine","ophthalmate","orotate","Pantothenate","Pentanoate","Phe-Phe","Phthalate","Pipecolate","porphobilinogen","proline-betaine","Purine","Purine riboside","putrescine","pyridoxal","pyridoxamine","Pyridoxamine-5'-Phosphate","pyridoxine","pyruvate","Ribulose 5-phosphate","S-Adenosyl-L-methionine","S-adenosylhomocysteine (SAH)","S-Lactoylglutathione","S-methylmethionine","S7P","sarcosine","Sepiapterin","serotonin","shikimate","sinapate","spermidine","spermine","succinate","synephrine","Syringate","tartarate","taurine","taurocholate","Taurocyamine","Terephthalate","Tetrahydropalmatine","thiamin (Vitamin B1)","Thiamine monophosphate","threo-beta-methylaspartate","thymidine","thymine","TMAO","trans-Zeatin","TRH","trigonelline","trimethylamine","Trimethylsulfonium","Tropine","Tropinone","tryptamine","tyramine","UDP","UDP-glucose","UDP-glucuronate","UDP-N-acetylglucosamine","UMP","uracil","urate","urea","uridine","xanthine","Xanthopterin","xanthosine","xanthurenate","XMP"
"10156",0,1468,4948,0,5145,784,11,4763,0,0,24,5.9,0,18762,0,7797,0,0,0,19,0,0,3.7,0,0,2499,0,0,0,0,0,0,32,1752,0,0,56,0,0,0,0,0,0,5723,0,2289,0,1094,55,5.9,591,64,0,0,0,0,0,20,0,887,0,2768,0,0,0,0,0,163,0,0,0,2266,9.7,0,0,0,0,1318,42,0,0,0,0,0,7630,177,27,0,0,0,0,0,756,0,0,0,0,0,0,0,0,0,0,66,0,0,0,0,0,0,0,0,0,0,0,0,38,13,0,0,45131,169,0,0,0,20,6.3,148,0,3441,65,1419,199,0,1841,401,0,0,14593,159,190,0,0,0,0,0,0,0,112,36,0,1217,1304,0,0,0,0,226,0,0,4358,0,4964,962,0,0,0,81,0,10,355,0,0,0,0,19,5.7,0,0,4656,0,7.6,0,11798,940,3962,544,5154,12741,0,0,0,0,2098,0,0,0,0,301,0,0,0,1327,24928,43,NA,641,0,2,26728,0,98,0,0,0,0,64,18,24,12,0,0,0,0,905,2806,0,74,1338,497,2133,8074,0,0,0,0,201,28,0,0,0,310,0,0,6233,287769,1902,0,3799,0,9793,1325,13392,736,0,0,0,0,0,0,69,91,127,128,0,0,0,0,294,72,0,NA,37,0,6819,789,95,0,0,16,0,12,0,0,1.6,0,0,0,0,833,0,0,0,0,0,0,0,0,0,0,0,587,262,658,NA,0,61,0,35,0,0,6033,0,4.7,0,0,0,0,0,0,0,0,0,692,0,0,0,0,425,0,186519,0,0,0,307,0,0,0,0,11,0,0,129,618,0,4.6,0,9.1,0,0,0,0,0,6947,0,0,0,0,0,2816,341,0,875,6939,0,0,0,0
"10342",67.08788809,142.3306946,0,321.9423058,0,0,0,0,0,0,23.85430046,1.808692447,6.60657005,7502.594954,14.53552157,68260.98493,79.76190835,0,0,52.04208028,0,0,0,0,0,21.37865736,18.38337516,0,0,0,112.4510663,6730.775165,0,0,0,0,0,0,73.18140996,73.0107263,0,0,0,39758.32823,268.268226,448.8871787,0,77.28641023,14.32983563,10.10830126,405.6476555,12.41404886,0,0,4656.092925,8.02203457,3.14732157,19.22021898,242.1562003,0,0,0,777.4145257,0,0,0,0,0,0,0,0,65.1681429,9.921920297,0,0,0,0,388.441314,0,29.89688598,0,127.6029669,48.30535473,6.43551241,1575.66618,781.2060418,11.89874206,333.4464985,0,0,0,0,245.8006333,44.46166704,36998.78487,64.22660063,21.38984435,11.70633584,0,8.825058682,142.824169,0,0,0,0,0,0,0,0,0,0,11.34689046,29.27810863,0,0,305.5176842,8.324057577,2.551930305,20.25645404,0,4244.251152,438.9417465,0,0,0,18.55519329,0,916.8563405,9.842305356,4220.058005,115.0679834,0,142.9246728,29.68446163,0,13.93028445,5.54643817,0,134.7652356,0,39.45559108,179.2070021,0,0,0,910.8921615,45.0598861,19.01692785,27.16593849,5.160001327,0,2918.578292,144.2071354,29.35104378,0,534.6806257,15.34583153,40.12364028,18.55648658,310.8973155,558.3575433,0,42.4165227,30.4690155,0,0,0,0,11.28157102,0,39.87395593,0,0,0,20.13148057,3.347404907,1.661355337,0,48.31446705,0,0,0,12.43366533,468.2714642,3245.121884,140.2667884,133.4395021,312.869924,1255.873297,258.747704,1214.048518,0,0,1645.233881,0,0,12.61265072,47.88427236,0,0,0,35.45488981,1067.586731,31664.7017,7.101301595,NA,3930.370436,0,0,1976.131647,9.921920297,0,0,0,0,0,0,4.365235564,5.890962032,10.84356662,0,0,0,0,437.9750413,17.76230612,0,46.96629023,138.4200253,33.96257772,NA,230.8139488,0,671.0291446,153.5214927,0,0,72.82608756,0,0,43.08485535,20.78551412,0,0,261.5281387,0,107.533005,25.68949153,443.8260816,7.976796707,716.0700977,338.8273221,982.4082792,35.328983,68.60474261,0,0,1.294956474,60.82901735,0,73.43415248,8.439684106,1844.052983,32.87050647,0,18.00943758,24.58018455,0,1091.845914,25.99246854,7.617286078,NA,14.77453643,32.27655868,41.78518458,12.46866095,52.18608258,0,0,31.32319758,0,12.67485922,39.97229855,0,0,4.660564924,7.312953411,6.45822861,694.8649319,100.3632949,77.03361956,0,0,13.5630177,0,0,0,0,0,29.40486202,0,0,90.42882157,8659.816587,NA,104.2137127,572.6160903,111.8193842,20.41355478,0,8.007045468,247.2820589,20.79078034,18.84134608,0,8.70080081,0,0,47.52011496,0,0,0,0,92.18518312,0,0,105.1694516,290.3508492,177.0486632,0,1883.011909,0,0,0,780.2163949,60.28427695,0,25.0368837,0,75.64527655,42.77000346,0,227.7339635,134.303177,4.868457294,0,0,0,0,10.98035321,0,0,0,7.62234728,0,25.84914938,0,86.54133916,45.25416585,0,0,400.2097375,233.955191,0,0,0,0,0
"10234",80.72025502,114.7478968,321.79338,237.0432016,7.754418266,0,0,1895.880858,0,0,130.0911208,0,10.01430865,1730.835455,0,22334.88699,0,0,0,33.8449205,0,0,0,0,0,0,0,0,0,40.22098051,0,0,0,0,0,0,0,0,0,0,0,0,0,29144.40664,1012.620458,103.3987536,0,656.1256036,11.77442073,0,571.2170092,0,0,0,118.7214705,0,93.03531384,23.60845431,17.97958103,4245.87745,87.5745887,0,0,0,0,0,37.17137121,309.4460965,0,0,10.38735231,3067.219304,0,0,0,193.6918862,0,0,47.94302511,20.12517192,1.882695354,0,11.54425415,8.521554553,5394.731876,227.7987493,8.858215188,62.18973404,13.2706523,0,0,0,79.59841683,18.42360242,809.9522429,64.87799382,0,13.71817856,0,74.52975824,0,0,0,70.61573089,0,0,0,0,0,0,0,14.1304341,16.84487708,0,0,0,12.41325986,25.74492792,9.13424037,0,1202.662761,145.242723,1846.528529,54.01513067,75.58463425,268.0795732,0,550.3194279,8.889503443,2547.063417,106.6102691,807.8854003,72.31152379,0,0,18.67543005,0,0,61.3485916,0,0,0,0,0,0,0,61.15312012,0,7.190608847,1.694508593,0,2765.682354,75.0137139,38.85068444,0,331.1355764,0,0,12.45405958,0,370.2826967,0,90.71616392,47.90508296,2.771199074,0,0,0,3.298433953,6.569788405,0,0,0,0,24.01291647,71.03654022,5.119430815,0,127.828338,0,0,0,0,311.9943985,2559.517831,157.6576722,81.41723126,192.5311537,780.5428198,60.10710539,578.5478974,0,0,95.02367686,0,0,0,54.94306376,0,0,0,0,485.5086751,13762.50489,0,NA,894.007764,0,0,1135.333835,0,50.97036885,0,0,0,0,0,0,23.81044002,3.508022025,0,0,0,0,236.1389371,240.8634864,0,25.6560354,0,16.89309379,13.73854621,121.412932,0,0,0,0,0,NA,0,0,0,19.10713749,0,0,170.9862056,777.0808086,51.47315654,0,378.1518246,0,305.3382076,193.1259194,418.1286476,36.97101739,0,0,0,0,0,0,32.18494254,17.89739456,2582.52328,0,0,0,0,0,380.2764435,0,0,NA,7.496625095,0,0,2208.888389,111.971451,2.661144511,0,16.53292189,0,27.50557286,26.14252995,0,0,0,0,11.117541,0,287.9965325,69.14727824,0,0,0,0,0,0,0,0,0,0,0,0,7936.103813,NA,10.13427799,249.0881913,0,52.9788552,0,3.657263019,5010.511748,0,10.89988683,7.526157982,0,0,0,31.63714343,0,0,0,0,61.87130852,0,0,43.21552191,0,58.54024738,0,1748.202923,0,0,0,0,0,0,0,0,2965.30265,148.8170919,0,222.3615204,0,0,0,0,66.37325862,0,0,0,0,0,14.19328277,0,0,0,0,32.29016337,0,0,315.7552576,137.8254828,0,0,0,0,0
"10197",111,2586,931,0,1649,1217,22,0,13,39,5.6,728,0,5503,0,25922,0,0,0,59,0,0,0,0,0,2430,584,2821,98,0,0,0,217,0,0,0,0,585,0,0,0,0,0,10311,0,2305,174,0,0,29,773,681,31,0,0,1462,0,2019,2077,1510,0,0,0,0,0,677,0,0,0,27,0,15352,0,0,571,0,0,0,48,0,0,0,62,0,32309,334,237,0,0,0,0,0,5065,0,0,0,0,0,0,0,0,0,0,342,0,0,0,3.5,0,757,2077,0,11,0,0,673,536,787,26,0,42718,279,0,191,0,38,28,13535,191,4083,57,0,94,1.4,529,0,731,0,291,0,1129,0,0,0,0,0,0,0,581,10,0,0,619,0,0,0,0,179,1637,0,4101,0,11360,57493,0,71,0,2214,0,0,0,632,4794,258,0,9,0,0,0,151,0,0,119,31052,33088,6933,165,6943,2181,0,0,0,21,12993,0,0,0,0,726,0,0,0,6504,45847,222,NA,770,0,17,51030,0,153,0,0,1978,0,3967,409,NA,12,0,688,0,3194,8841,3.8,0,0,0,965,907,15270,0,0,658,0,0,NA,0,0,0,164,0,0,16467,129209,2285,72,1523,0,1826,18349,27946,500,0,0,0,0,0,0,50,634,1090,0,0,0,0,0,669,0,0,63,88,0,2181,447,158,0,0,134,0,0,83,0,0,0,0,0,0,0,0,0,0,0,0,0,0,0,0,0,86,0,396,398,NA,0,15,0,841,0,0,3424,0,8.2,0,0,0,0,0,0,0,0,0,322,0,0,0,0,282,0,144164,0,0,32016,5603,0,0,0,0,4.4,0,0,0,1334,13,0,0,758,186,0,0,0,0,48,0,0,0,0,0,2795,14356,2937,1518,5620,0,147,0,0
"10680",97,908,2041,334,692,0,0,0,4.3,0,2.6,0,0,4990,0,54826,0,0,0,23,0,0,0,0,0,269,0,0,0,0,0,0,0,546,0,0,0,0,0,0,0,0,0,32343,822,5129,0,0,67,0,279,0,0,0,0,0,0,11,0,4128,0,781,890,0,0,0,206,18,0,0,0,867,0,0,0,0,0,0,32,468,32,0,54,0,963,0,0,0,0,0,0,0,2958,0,0,0,0,0,0,15,0,131,0,28,0,0,0,0,0,0,0,0,42,0,0,0,0,0,0,0,32236,20,0,0,0,0,5.4,320,13,2401,188,339,376,0,0,706,0,0,2586,0,100,0,0,0,0,1793,0,151,35,0,0,5674,1522,86,0,0,0,0,671,0,3644,0,71,52,0,0,0,0,10,0,69,0,0,0,26,17,0,0,0,0,0,0,24,10698,3958,1711,301,903,11832,71,0,0,0,3633,0,0,0,0,192,0,39,91,290,31043,0,NA,1277,0,0,21370,0,156,0,570,0,0,0,0,NA,105,0,0,0,0,148,53,0,118,1327,46,545,6871,0,697,0,51,76,NA,0,0,0,24,0,0,4302,1444,448,65,1434,0,592,5119,12041,0,0,0,0,0,0,0,60,39,240,0,0,0,0,77,949,80,322,257,12,881,230,39,446,0,0,39,0,57,0,0,0,0,0,0,0,981,0,0,0,0,0,51,0,0,0,0,0,338,386,4818,NA,0,492,0,61,0,0,188,0,16,0,8.2,0,0,0,0,0,0,0,410,0,93,0,0,114,0,18520,0,0,0,0,0,0,0,0,215,0,0,0,4122,0,0,0,0,0,0,0,0,0,7.5,0,0,0,0,0,5032,2353,0,825,8943,0,74,0,0
"10166",0,1107,5904,491,3187,688,0,1082,0,0,19,0,0,8552,0,74232,0,0,0,45,0,0,0,0,0,1129,0,0,0,0,0,0,17,549,0,0,0,0,0,0,0,0,0,26777,0,1905,0,0,55,9.7,417,51,0,0,0,0,0,39,95,2168,0,2238,1117,0,0,0,0,144,0,0,5,605,10,0,0,0,0,0,20,99,0,0,0,0,3978,160,21,0,0,0,0,0,1719,0,0,0,0,0,0,0,0,0,0,64,0,0,0,0,0,0,0,41,110,0,0,132,19,11,3.5,0,42371,331,0,0,0,20,3,682,0,2079,101,435,387,0,0,77,0,0,3310,0,76,0,0,0,0,242,0,0,23,3.7,0,4927,2434,0,0,0,0,71,189,0,2267,0,123,39,0,0,0,0,76,8.8,211,0,0,0,17,31,4.6,0,0,0,0,12,0,11667,14475,3365,519,7119,8053,46,0,0,0,2333,0,0,0,0,171,0,0,22,913,33187,49,NA,2507,0,7.2,18727,61,233,0,0,0,0,0,35,155,NA,0,0,0,0,520,290,1.9,105,2586,610,3783,8251,0,0,0,0,210,46,0,0,0,84,0,0,5079,64543,952,19,3603,0,8922,6799,12084,390,0,0,0,0,0,0,274,49,526,0,0,0,0,36,520,89,88,NA,9.2,1440,1454,197,223,0,0,35,0,37,0,0,1.8,0,0,14,0,1483,0,0,0,0,0,0,0,0,0,159,0,0,626,2944,NA,0,217,0,27,7.2,0,1313,0,14,0,0,0,0,0,0,0,0,0,644,0,60,0,0,572,0,39404,0,0,0,1467,0,0,0,0,37,0,0,452,3007,0,0,0,8,0,0,0,0,0,73,0,0,0,0,0,8018,339,0,485,10943,0,0,0,0
"10791",52,90,262,212,0,0,0,0,0,0,2.2,0,0,1199,0,41715,0,0,0,0,0,0,0,0,0,0,0,0,0,0,0,0,0,0,0,0,0,0,0,0,0,0,0,25583,185,148,0,5792,0,0,815,0,0,0,0,0,0,17,0,3363,0,0,0,0,0,0,0,25,0,0,0,57,6.4,0,0,0,0,0,36,0,0,0,21,0,1353,134,24,0,0,0,0,0,475,0,0,86,0,11,0,0,0,0,0,85,0,0,0,0,0,0,0,127,24,0,0,193,0,0,5.6,0,1675,250,0,0,0,19,11,304,0,5219,62,0,37,0,0,21,0,0,160,0,0,0,0,0,0,1457,0,0,8.2,0,13,3770,136,47,0,0,0,27,293,0,569,0,49,24,0,0,0,0,10,0,0,0,0,0,13,0,0,0,0,0,0,0,0,285,1589,67,111,321,1338,26,286,0,0,0,0,0,0,0,0,0,0,143,441,21152,0,NA,796,0,0,1248,0,52,0,0,0,0,0,0,NA,NA,0,0,0,0,343,110,0,33,0,29,38,169,0,462,0,0,0,NA,0,0,0,12,0,0,104,0,86,405,451,0,534,374,642,0,0,0,0,0,0,0,59,25,1223,48,0,0,0,0,1291,0,0,NA,14,44,0,36,7.3,0,0,32,0,47,0,0,0,0,0,0,552,196,53,52,0,0,0,0,0,0,0,0,0,0,49,3690,NA,0,347,0,11,0,0,61,0,4.2,0,0,0,0,15,0,0,0,0,124,0,0,0,264,33,0,3713,0,0,0,0,0,0,0,0,0,7,0,286,0,0,0,0,0,0,0,0,0,0,244,0,0,0,42,0,0,0,0,0,0,0,0,0,0
"10319",99,2651,500,0,385,0,0,4525,0,0,9.9,0,0,5826,0,102308,867,0,0,20,0,0,0,0,0,0,0,0,0,0,0,0,12,5883,0,1334,0,0,0,0,0,0,0,27103,0,7533,0,0,111,0,391,0,0,0,0,0,0,42,0,7664,0,492,1688,0,0,0,0,30,0,0,0,283,21,0,0,0,0,4825,29,2093,0,0,0,0,6000,0,56,0,0,0,0,0,1298,0,0,0,0,0,0,0,0,142,0,82,0,0,0,2.1,0,0,32,20,4.6,0,0,176,55,30,0,172,61507,96,0,248,0,0,0,138,0,8182,40,1973,189,0,0,368,0,0,14800,0,194,0,0,0,0,19440,0,1197,231,0,0,10931,2847,0,0,0,0,73,254,0,10902,0,2018,999,0,0,0,157,5.9,0,322,0,0,100,0,3.7,4.1,0,0,0,0,14,25,23625,18309,5907,927,2664,18569,14,0,0,0,3424,0,0,0,0,710,0,0,1890,2066,38371,113,NA,581,0,0,67855,180,326,0,0,0,0,134,72,127,11,0,0,0,0,950,103,0,0,475,222,92,12129,0,0,0,52,0,NA,0,0,0,58,0,0,10695,1142,3941,0,4196,24,6107,11783,26251,0,0,0,0,0,0,0,131,99,337,0,0,0,0,46,621,685,1084,584,185,384,3336,411,320,0,0,38,0,33,11,0,0,0,0,0,0,714,0,0,0,0,0,0,0,0,0,0,0,549,261,3504,4.5,0,112,0,60,0,0,3443,0,5.1,0,0,0,0,0,0,0,0,0,1081,0,0,0,0,132,0,16547,0,0,0,3605,1245,386,0,0,10,0,0,315,1904,0,0,0,12,0,0,0,0,0,184,0,0,0,0,0,5264,17567,0,684,5167,0,0,0,0
"10554",0,155,75,47,0,1049,0,0,0,0,0,0,0,1449,0,19260,0,0,0,11,0,0,0,0,0,0,0,0,0,0,0,0,0,0,0,0,0,0,0,0,0,0,0,14758,334,333,0,0,22,0,265,0,0,0,0,0,0,49,0,1892,0,0,409,379,0,0,0,0,0,0,0,26,0,0,0,0,0,0,0,445,0,0,0,0,1710,66,17,0,0,0,0,0,147,0,0,0,0,2.7,0,8.5,0,0,0,9.3,0,0,0,13,0,0,0,0,14,0,0,0,16,0,5.1,0,4194,23,0,0,0,0,0,67,0,3081,0,0,14,0,0,0,0,0,1323,0,102,0,0,0,0,2753,0,0,68,0,0,2793,407,0,0,0,0,0,138,0,1029,0,630,372,0,0,0,0,8.2,0,0,0,0,0,0,0,2.4,0,0,0,0,0,0,2783,2032,245,111,442,1481,0,0,0,0,36606,0,0,0,0,180,0,0,118,258,5647,0,NA,0,0,0,3506,0,29,0,1060,0,0,0,7.9,NA,NA,0,2923,0,0,71,0,0,39,0,12,245,1242,0,0,0,0,0,NA,0,0,0,0,0,0,1433,2667,617,0,1248,0,522,964,3533,0,0,0,0,0,0,0,13,26,290,0,0,0,0,0,409,0,0,36,0,0,0,40,9.7,0,0,12,0,0,0,0,0,0,0,0,0,0,0,0,0,0,0,0,0,0,0,0,0,0,0,1966,NA,0,58,0,9.2,0,0,552,0,0,0,0,0,0,7.4,0,0,0,0,321,0,0,0,0,145,0,22027,0,0,0,1183,328,0,0,0,4.7,0,0,136,0,0,0,0,0,0,0,0,0,0,17,0,0,0,0,0,0,377,10541,275,470,0,0,0,0
"10558",117,323,7851,0,1848,0,0,4822,0,0,52,0,0,16090,0,42634,881,0,0,26,0,0,0,0,0,3278,0,0,0,0,0,0,0,0,0,0,0,0,0,0,0,0,0,30996,556,4650,0,1285,326,32,941,0,0,0,0,0,0,145,0,3207,0,1208,1131,0,0,0,0,232,0,0,23,1076,22,0,0,0,0,1525,67,0,0,0,0,0,6257,296,33,0,0,0,0,0,4360,0,0,0,0,0,0,0,0,80,0,0,0,0,0,0,0,0,0,0,19,0,0,0,16,23,1.9,0,34636,184,0,0,87,0,34,101,0,1032,41,1992,1452,0,0,30,0,0,547,0,0,0,0,0,0,0,0,0,8,11,0,6000,116,0,0,0,0,61,0,0,863,0,35,53,0,0,0,0,0,0,377,0,0,0,0,4.8,0,0,0,0,0,0,34,9777,2138,430,520,2434,654,25,0,0,0,5146,0,0,0,0,0,0,14,0,351,26370,27,NA,1038,0,0,11700,0,134,0,1762,0,0,0,24,NA,NA,0,0,0,0,214,1052,3.1,0,1130,105,392,6304,0,1030,0,0,0,NA,0,0,0,90,0,0,3057,25448,431,0,483,0,1718,2291,11247,0,0,0,0,0,0,0,131,5.4,135,0,0,0,0,0,700,0,87,50,26,85,0,663,370,0,0,24,0,36,0,0,0,0,0,0,0,1173,0,0,0,0,0,0,0,0,0,0,0,0,344,3353,NA,0,348,0,56,0,0,4216,0,22,0,7.2,0,0,0,0,0,0,0,161,0,0,0,0,441,0,44539,0,0,0,0,0,0,0,0,8,0,0,375,1149,0,0,0,30,0,0,0,0,0,632,0,0,0,0,0,5020,777,0,471,5341,0,0,0,0
"10423",124,800,827,460,96,757,0,2537,0,0,16,5.3,40,7343,0,9980,0,0,161,45,0,0,0,0,0,0,0,0,0,0,0,0,48,0,0,0,0,0,0,133,0,7.7,114,5252,0,519,0,611,32,0,2212,163,0,0,0,0,0,38,0,494,15,0,0,0,0,0,0,59,0,0,0,970,0,0,0,0,0,600,18,385,0,0,0,0,11010,265,225,0,0,0,0,0,1461,0,0,0,0,11,0,0,0,0,0,71,0,0,0,443,0,0,0,51,29,0,0,0,58,28,29,0,19170,332,0,0,0,23,36,540,40,8273,0,1201,426,0,872,198,0,0,7883,0,235,0,0,0,0,6744,0,0,3369,172,0,638,1738,0,0,0,0,229,0,1335,3001,0,2070,2061,0,0,0,37,0,21,5356,0,0,0,0,80,17,0,264,59,0,13,0,6200,5683,2024,576,831,9344,0,0,0,0,1665,0,0,0,0,0,0,0,246,1182,14265,133,NA,876,0,0,28067,273,278,0,0,0,0,55,0,97,127,0,517,0,0,1334,585,8.3,153,10859,3970,1439,3481,0,0,617,213,0,165,0,0,0,41,0,0,2487,1762,4579,217,7942,32,4683,3200,5803,1250,0,0,0,0,0,0,89,414,265,0,0,0,0,0,303,0,0,30,32,0,3081,388,249,0,136,39,0,0,0,0,0,0,0,20,0,645,0,0,0,0,0,0,0,0,0,0,696,816,204,384,NA,0,50,0,7.2,0,0,2706,0,8.3,0,3.2,0,0,0,0,0,0,0,155,0,0,0,0,79,0,116425,0,0,653,4491,145,0,0,0,11,0,0,735,2810,0,0,0,18,0,0,0,0,19,45,0,0,0,0,0,928,0,0,1362,1980,31,0,0,0
"10112",0,324,5633,0,1461,0,0,2282,0,0,0,0,0,2271,0,19761,391,0,0,18,0,0,0,0,0,4279,0,0,0,0,0,0,0,0,0,0,98,0,0,0,0,0,0,13344,332,1715,0,233,848,22,698,111,0,0,0,0,0,8.6,100,1609,0,823,598,0,0,0,0,16,0,0,23,2195,0,0,0,0,0,0,63,0,11,0,34,6.2,7033,270,18,0,0,0,0,0,532,0,0,0,0,0,0,0,0,0,0,78,0,0,0,0,0,0,0,0,9.1,0,0,662,0,0,3.7,0,26895,96,0,0,0,11,5.9,87,0,2025,154,919,1607,0,0,0,0,0,289,0,0,126,0,0,0,0,0,0,7,5,0,4638,28,0,0,0,0,92,0,0,127,0,0,8.7,0,0,0,0,0,0,114,0,0,0,0,0,0,0,27,0,0,0,17,7683,9258,378,291,2403,159,25,0,0,0,0,0,0,0,0,0,0,0,0,158,19902,15,NA,3276,0,0,12899,0,108,0,0,0,0,0,24,NA,NA,2.5,0,0,0,153,82,0,69,303,17,167,5342,0,0,0,0,67,NA,0,0,0,199,0,0,1049,40224,106,0,541,0,999,132,8890,0,0,0,0,0,0,0,97,29,121,0,0,0,0,0,287,12,69,NA,7.9,0,0,12,50,0,0,26,0,52,0,0,0,0,0,2.8,0,656,0,0,0,0,0,0,0,0,0,0,0,0,167,2094,NA,14,866,0,25,0,0,46,0,24,0,0,0,0,0,0,0,0,0,0,0,0,0,0,37,0,17721,4.8,0,0,0,0,0,0,0,48,0,0,325,583,0,0,0,31,0,0,0,0,0,3302,0,0,0,0,0,1472,938,0,362,3830,0,0,0,0
"10205",51.76735694,108.8944101,124.9856946,276.2499467,0,0,0,62.89921453,2.244145695,19.19173664,4.742650549,0,0,50.88444067,0,18893.57295,147.5901044,0,0,59.38553393,0,0,0,0,0,0,0,0,0,0,86.05445863,0,0,0,0,0,0,0,0,0,0,0,0,27965.14139,1502.072676,75.81816973,0,0,7.889454832,14.03633264,849.7097367,0,0,0,0,0,0,10.34570768,0,4258.629988,0,0,918.2291988,0,0,0,338.3316959,13.90167833,0,9.120732388,53.46764425,190.7519363,8.759629941,0,0,0,0,0,14.7224555,15.85217896,1.597387785,0,19.40525056,9.262211902,1303.175176,358.2877033,14.70724792,0,15.5991462,0,0,78.67929107,118.6606012,0,0,23.39955524,0,5.565130147,0,23.02429647,1663.196084,0,0,1.116935896,0,0,0,1.622887174,0,0,0,8.790794945,15.56588948,0,0,302.3632417,0,0,0,0,1601.618188,99.88345806,2060.974076,0,0,10.40076173,0,489.4922309,16.30694834,1204.951563,101.3140725,82.30913906,82.74455838,19.01551173,0,14.35116806,0,3.316298407,112.2303197,0,0,234.0054894,4.972349793,0,0,434.7483225,22.84881535,0,26.27629739,1.94581398,13.48385098,5047.807775,421.4093505,0,0,224.3191789,9.582416703,23.19463903,3956.938688,26.50999512,293.6803906,0,31.04167769,31.38918737,2.9204969,0,0,0,8.496949917,0,0,0,0,0,32.15327281,7.348947043,0,115.3538431,96.79509982,0,0,0,12.29033469,842.2217769,1044.294817,132.4830906,84.01589812,76.57301953,1185.7464,93.63353848,161.2868736,0,0,0,0,0,0,0,0,0,0,0,494.1424813,9672.954124,8.343736318,NA,1254.413276,0,0,726.308771,0,45.34345141,0,0,0,0,0,0,27.3656816,63.93152085,2.921163509,0,2.399281509,0,177.6269528,43.34366594,0,29.1152787,0,27.87589923,7.711742826,338.0447615,0,0,0,0,0,65.56055229,0,16.23676887,6.145112457,16.41052929,0,0,239.0066159,494.4329334,38.0204362,149.900931,471.5881348,26.81557239,424.4186244,161.5081256,714.1575023,0,0,0,0,274.0127078,0,3.241469111,59.8024473,7.079309822,691.6559032,64.37950388,0,0,40.91052539,0,385.4238523,0,0,NA,9.671796507,0,0,23.93313549,7.803766963,5.940706076,0,13.81709716,0,5.704889099,11.53674272,0,0,0,0,2.08719031,66.65677547,0,16.75514312,0,0,0,0,0,0,0,0,0,0,0,0,5760.915283,NA,14.96255218,1402.586251,0,41.24900867,0,15.23300719,59.50579316,0,15.26777639,8.523183003,13.9593355,0,0,5.730376589,4.612832995,0,2.097094468,0,45.92152838,0,12.61241974,0,0,5.628745422,0,628.6659695,0,0,0,0,0,97.88971052,0,0,104.2445087,0,0,294.2171504,173.5300564,0,0,4.255280449,14.74610782,0,0,0,0,0,46.30770222,0,0,0,35.8834642,0,0,0,541.4740199,95.45345143,54.26412264,0,0,0,0
"10696",108,726,4239,0,1105,0,0,1251,0,0,0,0,0,493,0,32498,0,0,0,55,0,0,0,0,0,797,0,0,0,0,0,0,0,0,0,0,0,0,0,0,0,0,0,26712,964,1111,0,0,91,31,679,0,0,4217,0,0,0,28,0,2333,0,692,170,0,0,0,176,21,0,0,0,3414,13,0,0,0,0,0,24,263,0,0,0,0,1229,305,64,0,0,0,0,0,3886,0,0,0,0,0,0,0,0,52,0,25,0,0,0,0,0,0,0,0,14,0,0,154,31,0,0,0,29484,217,0,0,113,13,20,80,0,2369,100,528,485,0,0,42,0,0,352,0,55,0,0,0,0,0,0,0,31,13,0,2355,194,0,0,0,0,0,0,0,2108,0,9.5,21,0,0,0,0,0,12,2646,0,0,0,16,13,3.4,0,0,0,0,0,0,8159,11064,1715,1070,1406,6699,18,0,0,0,2936,0,0,0,0,0,0,0,0,61,25105,0,NA,1778,0,0,17907,0,202,0,240,0,0,0,0,NA,NA,0,0,0,0,143,30,0,0,1061,232,217,6198,0,0,0,0,60,NA,0,0,0,38,0,0,3387,15370,126,0,1032,0,189,4987,9652,0,0,0,0,0,0,0,81,22,203,0,0,0,0,40,566,0,109,71,21,1088,0,225,124,0,0,51,0,49,39,0,0,0,0,0,0,1410,0,0,0,0,0,0,0,0,0,0,0,401,506,3364,NA,0,557,0,135,0,0,1177,0,22,0,0,0,0,0,0,0,0,0,76,0,0,0,0,119,0,16605,0,0,0,0,0,0,0,0,20,0,0,478,1497,0,0,0,0,0,0,0,0,0,8.5,0,0,0,0,0,3605,939,0,465,4694,0,0,0,0
"10538",98,767,2920,0,686,0,0,0,0,0,0,0,0,742,0,85782,0,0,0,28,0,0,0,0,0,525,0,0,0,0,0,0,0,0,0,0,0,0,0,0,0,0,130,40498,3337,6791,0,0,162,18,652,0,0,0,0,0,0,14,556,8505,0,614,278,0,0,0,805,0,0,0,15,166,0,0,0,0,0,0,0,320,0,0,0,0,1548,233,14,0,0,0,0,0,5450,0,0,0,0,0,0,61,0,0,0,9.4,0,0,0,0,0,0,159,0,9.1,0,0,2334,0,0,0,0,29100,0,0,0,0,0,7.5,68,0,2929,397,0,822,0,0,135,0,0,1362,0,0,0,0,0,0,0,0,0,73,0,0,6775,270,0,0,0,0,90,35674,678,7055,0,30,32,0,0,0,0,0,0,135,0,0,0,55,20,0,0,0,0,0,0,0,9528,10075,817,910,216,9351,210,0,0,0,4496,0,0,0,0,0,0,29,0,74,29366,20,NA,1836,0,0,14536,0,187,0,0,0,0,0,0,31,22,0,0,0,0,64,4,0,0,899,88,52,7039,0,438,0,93,0,NA,0,0,0,35,0,0,3896,1537,1160,297,992,0,401,5184,11514,346,0,0,0,0,0,0,24,24,310,0,0,0,0,78,1172,0,245,157,18,476,193,20,608,0,0,268,0,26,16,0,0,0,0,60,0,664,0,0,0,0,0,0,0,0,0,0,0,0,280,8011,NA,33,182,0,16,0,0,93,24,16,0,0,0,0,0,0,0,0,0,91,0,0,0,0,236,0,18688,0,0,0,0,0,0,0,0,15,0,0,840,1179,0,0,0,0,0,0,0,0,0,34,0,0,0,0,0,3108,9360,0,544,1194,0,0,0,0
"10623",90,252,2318,324,2184,0,0,0,0,0,16,21,20,2530,0,184485,93,0,0,0,19,0,0,0,0,0,0,306,0,0,0,0,46,0,0,0,0,0,0,0,0,0,0,77103,282,848,0,0,131,0,1086,0,0,0,0,0,0,90,0,6171,0,0,937,0,177,0,0,184,0,0,0,1893,0,0,0,0,0,1597,34,30,0,0,44,0,6590,0,47,0,0,0,0,0,218,111,0,354,64,20,0,0,0,0,0,44,0,0,0,0,0,0,0,0,55,0,0,495,0,20,52,0,5284,1019,0,0,0,50,14,579,21,9123,65,0,529,0,0,31,0,0,455,0,0,200,0,0,0,598,0,0,25,0,0,724,282,34,0,0,0,37,193,0,1172,0,146,115,0,0,0,0,19,0,185,0,0,285,0,84,25,0,278,0,0,0,0,4127,2166,115,259,874,1453,12,0,0,0,1734,0,0,0,0,93,0,0,31,2442,15931,0,NA,2474,0,0,2913,0,89,0,0,0,0,0,0,NA,30,0,0,0,0,401,240,0,197,0,32,85,1552,0,0,0,0,0,314,0,0,28,108,0,0,2109,0,540,0,902,0,1574,1840,6234,161,0,0,0,0,0,0,98,48,1455,89,0,0,213,0,525,0,0,NA,12,0,0,3439,378,0,0,19,0,0,32,0,0,0,0,26,804,401,138,65,0,0,0,43,0,0,0,19,0,0,417,10381,NA,0,389,0,368,0,0,10406,0,0,0,0,0,0,51,0,0,0,0,248,0,0,0,0,203,0,3015,0,0,0,757,45,0,0,0,98,0,0,371,0,0,0,0,91,0,0,0,0,0,18,41,0,0,103,260,0,0,0,442,0,0,0,0,0
"10360",96,1273,5861,0,2614,0,0,5451,0,0,5.9,0,50,21481,0,38472,293,0,0,77,0,0,0,0,0,2076,0,0,0,0,0,0,0,1126,0,258,35,0,23,0,0,0,0,20162,258,4609,0,0,78,0,370,0,0,1642,0,0,0,76,0,3104,0,2113,2790,0,0,0,0,40,0,0,0,712,7.6,0,0,0,0,0,68,0,0,0,0,0,8534,286,22,0,0,0,0,0,1432,0,0,0,0,0,0,0,0,0,0,75,0,0,0,11,0,0,0,0,8,0,0,241,41,0,2.6,0,50533,254,0,0,0,0,11,111,0,2523,164,2428,574,0,0,4671,0,0,1625,0,0,290,21,0,0,654,0,283,27,3.1,0,5857,751,0,0,0,0,0,0,0,2570,0,149,102,0,0,0,0,7.7,11,1698,0,0,84,32,5.3,0,0,218,0,344,0,0,10983,2335,2912,448,3298,1759,20,0,0,8.7,0,0,0,0,0,0,0,0,0,190,27773,38,NA,1729,0,0,19078,57,155,0,0,0,0,0,0,49,NA,0,0,0,0,305,125,3.2,0,558,107,1624,5520,0,0,257,0,268,71,0,0,0,72,0,0,3747,23466,280,30,607,0,2594,957,11102,224,0,0,0,0,0,0,179,98,167,0,0,0,0,0,610,111,113,81,26,1569,0,437,136,0,0,19,0,43,25,0,0,0,0,0,0,890,0,0,0,0,0,0,0,0,0,0,0,693,376,4401,NA,0,303,0,114,26,0,4527,0,19,0,9.9,0,0,0,0,0,0,0,54,0,0,0,0,110,0,41079,0,0,0,282,0,0,0,0,24,0,0,392,2241,0,0,0,39,0,0,0,0,0,5932,0,0,0,0,0,4255,379,0,569,8463,0,0,0,0
"10673",91,468,945,0,124,0,0,1662,0,0,0,0,0,912,0,47643,82,0,0,17,0,0,0,0,0,0,0,327,0,0,0,0,0,1591,0,243,0,0,0,0,0,0,0,45042,2048,3472,0,530,17,0,261,0,0,0,0,0,0,26,0,8798,0,135,0,0,0,0,0,50,0,0,0,691,0,0,0,0,0,1589,637,2325,0,0,121,0,7812,0,15,0,0,0,0,0,565,0,0,0,0,0,0,0,0,0,0,63,0,0,0,0,0,0,0,0,47,0,0,0,14,0,2.2,0,18320,69,0,0,0,0,0,157,0,3704,48,714,61,2.5,426,121,0,0,768,0,96,0,0,0,0,163,0,0,74,0,0,850,1889,0,0,0,0,0,0,0,2861,0,2184,255,0,0,0,0,0,0,743,0,0,0,18,0.14,6.4,0,0,0,0,0,0,4826,3591,272,50,508,4379,0,0,0,0,0,0,0,0,0,130,0,0,54,210,15630,0,NA,548,0,0,8880,0,63,0,1238,0,0,88,16,NA,NA,0,0,0,0,189,17,0,0,0,0,NA,2267,0,653,0,0,0,NA,0,0,0,0,0,0,1829,396,96,0,2267,0,266,2349,5606,0,0,0,0,0,0,0,38,40,613,0,0,0,0,0,341,36,198,157,35,97,0,1350,85,0,0,28,0,0,0,0,0,0,0,0,0,321,33,0,0,0,0,0,0,0,0,0,0,0,135,8527,NA,0,249,0,21,0,0,3294,0,7.9,0,9.9,0,0,8.1,0,0,0,0,225,0,0,0,0,130,0,5294,0,0,0,855,0,0,0,0,18,0,0,214,285,0,0,0,0,0,0,0,0,0,142,0,0,0,0,0,1134,2879,0,403,0,0,0,0,0
"10192",0,220.4080543,439.4057888,669.7729966,0,0,0,0,0.8734096075,0,1.908335178,9.391545018,9.807253607,120.5221216,0,43331.74375,54.43765149,0,0,51.92982114,0,0,0,0,0,0,63.5813686,0,0,53.9149711,0,0,24.90081296,0,0,0,0,0,97.87681018,70.33041688,0,0,0,79476.75959,323.6441119,80.59043276,0,0,0,11.79741083,373.9753557,0,0,0,0,0,0,147.9914785,0,4709.483747,0,0,1581.071717,0,0,0,0,8.78787793,0,12.35274414,8.594780063,179.7670038,23.21523278,0,0,0,5.985570261,0,0,19.16485439,2.696147041,0,43.40059901,12.25460714,1934.747905,302.3054072,40.5195934,58.2000593,0,40.40742187,0,58.61948774,118.1458876,117.2897996,0,152.3575102,65.27214189,21.59442616,0,0,0,0,0,7.668693178,0,0,95.50933786,0.9667025915,0.8791359585,0,0,14.72053995,31.85524502,38.48626198,0,176.0086418,17.54589991,0,44.70231449,0,2447.588593,606.6415215,1318.550685,117.6421393,55.27925236,6.717544495,0,2599.854844,20.1629843,6645.493731,169.0810743,23.08631587,151.3550171,25.79567472,0,11.79833286,0,0,97.98292399,0,16.1683165,232.2150306,103.8547066,0,6.616641045,312.5469494,115.8511953,0,31.79571223,3.640021965,0,3565.807012,211.0785718,107.4261114,0,674.5517271,0,33.84277377,33.61493986,0,291.0806241,0,42.51979792,34.7674521,0,0,0,0,11.54085558,6.577522409,51.07239184,0,0,0,29.27393408,30.2020046,16.19186052,121.0472342,63.09022025,0,0,0,16.36779775,389.9087081,5079.940896,145.7560393,100.2224993,285.5143166,1310.248372,188.9288489,625.0905186,0,5.50329665,0,0,0,0,0,0,0,0,39.08528493,1118.351062,26453.37488,0,NA,1435.124925,0,0,1144.107145,0,113.0710035,0,0,0,0,0,0,44.77118172,14.15023765,3.709598128,0,0,0,440.3459313,3.306705145,1.315472225,59.05050064,0,57.15306539,10.91540267,197.3067437,0,0,0,0,0,108.7643451,0,0,37.08978766,22.94977315,0,0,174.7444633,431.7223383,46.50526015,21.00531434,385.4405568,51.9308789,939.9580118,291.3774575,581.8644494,39.6442086,0,0,0,0,0,0,44.18722586,12.95195081,742.7145919,107.4532213,0,0,0,0,831.7104305,0,0,4.079474234,21.26870873,0,0,35.6098253,247.7937055,0,0,50.40125786,0,7.701182186,44.48209525,0,0,12.50474647,0,50.84785814,676.0575026,0,120.74738,0,9.885827241,0,9.801098217,0,0,0,148.6253732,23.98815044,0,0,33.32289182,6176.460357,NA,7.198080058,210.3389442,0,728.0783722,0,5.107026231,148.1431372,8.2902692,3.700998392,22.66406454,4.574669728,0,0,87.98517579,0,0,0,0,102.1451594,0,18.57867876,0,0,332.6687059,6.234739004,731.4103237,5.244749095,0,0,560.2708863,19.84417557,0,30.21949496,0,866.6356292,30.2290628,0,284.7370913,0,0,0,0,112.2266697,0,0,0.8132223976,0,0,16.05639268,34.50411882,0,0,103.7934732,98.45415031,0,0,0,106.358549,0,0,0,0,0
"10064",0,2128,4791,0,2939,479,0,2497,0,0,66,0,57,13652,0,37295,440,0,0,0,0,0,0,0,0,1039,0,0,0,0,0,0,0,0,0,0,29,0,0,157,0,0,0,19788,0,3071,0,5810,24,15,350,0,0,0,0,0,0,41,0,1952,0,1637,106,0,0,0,0,167,0,0,0,789,0,0,0,0,0,1901,35,0,0,0,0,0,15183,0,41,0,0,0,0,0,853,0,0,0,0,0,0,0,0,0,0,34,0,0,0,5.4,0.25,0,0,0,5.2,0,0,0,32,26,4.5,0,38961,215,0,0,0,19,4.6,101,0,4196,84,967,273,0,0,0,0,0,5587,0,157,0,0,0,0,0,0,158,141,5.7,0,1292,120,0,0,0,0,47,113,0,6079,0,1440,268,0,0,0,284,0,50,0,0,0,0,0,10,4.9,0,0,0,0,14,0,16894,15051,6004,1048,3834,10327,0,0,0,0,0,0,0,0,0,214,0,0,0,670,34821,46,NA,1188,0,0,24721,0,63,0,0,0,0,0,41,NA,NA,0,0,0,0,1854,2322,0,67,1378,330,390,11303,0,570,0,0,254,NA,0,0,0,273,0,0,6494,27184,413,60,142,55,2849,3686,18040,242,0,0,0,0,0,0,60,55,335,50,0,0,0,0,401,83,0,40,8.7,0,2519,1171,102,0,0,32,0,36,0,0,2.7,0,0,0,0,626,0,0,0,0,0,0,0,0,0,22,0,0,322,1365,NA,0,86,0,15,0,0,7203,0,9.5,0,0,0,0,0,0,0,0,0,304,0,0,0,0,556,3.8,52973,0,0,0,431,0,0,0,0,11,0,0,264,628,0,0,0,7.7,0,0,0,0,0,4599,0,0,0,0,0,4963,4207,0,454,6299,0,0,0,0
"10433",99,153,536,0,81,0,0,0,0,0,1.6,0,0,306,0,17752,0,0,0,95,0,0,0,0,0,0,0,0,0,0,0,0,0,0,0,0,0,0,0,0,0,0,0,16689,377,483,0,0,15,0,310,0,0,0,0,0,0,27,0,2617,0,127,0,0,0,0,107,12,0,0,0,612,0,0,0,0,0,0,0,752,0,0,22,0,500,203,13,0,0,0,0,0,6900,0,0,0,0,0,0,0,0,147,0,86,0,0,0,0,0,0,0,0,4.2,0,0,806,0,0,0,0,6596,48,0,0,0,0,0,78,0,5922,63,0,183,0,0,78,0,0,530,0,0,96,0,0,0,0,0,0,62,0,0,2028,335,0,0,0,0,49,0,0,300,0,45,45,0,0,0,0,0,0,123,0,0,0,0,0,0,0,0,0,0,0,0,2121,606,40,102,238,2567,41,0,0,0,0,0,0,0,0,441,0,0,0,0,12550,0,NA,1482,0,0,4609,0,76,0,0,0,0,0,20,NA,NA,0,0,0,0,56,71,0,0,0,63,24,1514,0,0,231,65,0,NA,0,0,0,16,0,0,693,234,881,586,602,0,150,929,2618,0,0,0,0,0,0,0,53,31,402,0,0,0,0,0,1378,0,0,NA,0,415,0,18,15,0,0,34,0,34,0,0,0,0,0,0,0,317,0,0,0,0,0,0,0,0,0,0,0,921,180,2018,NA,0,697,0,12,0,0,98,0,9.9,0,9.7,0,0,0,0,0,0,0,34,288,0,0,0,8.8,0,6397,0,0,0,0,0,0,0,0,2.4,0,0,519,0,0,0,0,18,0,0,0,0,0,36,0,0,0,0,0,0,933,0,424,648,0,0,0,0
"10257",151.4313087,126.2289524,1033.733919,525.4484415,0,284.6651844,0,57.4707297,7.84286578,0,7.326761367,9.33451825,12.52255174,272.8738119,0,34617.61781,0,0,0,38.38191268,3.004392066,0,0,0,64.12890972,0,0,0,0,1116.250403,0,0,0,0,0,0,0,23.90678997,2.387309292,0,0,8.559726426,0,56882.11246,268.2521893,140.1871647,0,1245.661282,341.8092785,49.68342893,964.2408114,0,0,0,0,0,0,105.5981262,42.29117501,3342.019162,130.0118658,0,0,0,0,0,0,85.63562949,0,0,4.442726403,127.906206,21.48549548,120.5063803,0,0,0,2851.720862,34.00505207,0,0,0,20.28545151,6.397463722,903.2527788,614.2246818,432.3557379,151.4989638,8.132759133,41.17125083,6.996561852,0,122.7184051,43.30189401,0,58.10432779,21.4824063,7.860208272,6.656641695,5.022289687,0,0,0,87.36425809,0,28.82357637,0,5.353103891,5.289452296,0,10.7955038,34.7099145,65.98428693,0,0,402.9476203,0,0,31.35369996,0,1929.048881,343.7716466,1330.219728,0,301.8239416,474.4139961,0,2039.016307,0,4126.68874,96.80841264,30.80111527,236.8603908,20.79369865,0,12.95150061,0,0,151.972254,0,0,793.9577882,22.16364621,0,0,379.6370921,0,0,46.06604148,7.411306509,0,4870.696934,359.5309106,16.30747545,0,336.7922793,34.64809941,63.01982339,61.09325898,0,254.0399202,0,20.69672286,511.302411,4.647184948,0,0,3.955734516,25.20953589,8.682624701,435.9742847,0,0,24.96908337,12.76577006,165.219737,33.84209179,110.452834,120.0531686,0,0,0,14.57569389,486.0117005,4125.461495,17.80471669,167.3190072,248.3043669,1102.755808,20.46304495,104.7927078,10.00911074,0,0,0,0,0,0,0,0,38.18387138,27.28597868,607.7555622,17925.31344,16.29051452,NA,1017.857841,0,0,782.543766,0,92.12772883,0,0,0,0,35.37715777,22.59979203,57.4241484,82.87281391,0,0,0,174.0279522,387.8877967,115.7550081,0,34.10670551,0,30.99986921,9.817698334,212.8815727,0,0,166.4892161,0,0,49.32435874,0,28.0354741,7.082091256,645.9449314,0,0,279.161571,736.1201198,48.59063012,68.07017024,316.669722,0,540.3497084,302.2897092,601.9948537,85.48009675,0,0,0,0,0,5.74152759,47.11937962,162.9437269,925.7150141,40.03731712,0,0,0,0,365.1846766,0,0,27.15065357,23.9994277,23.17982117,0,18.27201302,480.5229862,57.9166604,0,31.06027467,98.70762663,22.41815667,11.6857767,0,0,0,37.21608682,68.38727473,322.8282614,110.544917,75.91113222,0,10.87679837,0,2.027819305,0,0,130.8284327,0,0,0,0,0,5662.960027,13.99631535,13.17711101,464.4619468,0,49.07965381,0,0,96.12437763,0,10.73502303,0,23.73792694,0,0,32.21787354,0,0,3.116657059,0,123.3361117,0,19.19081919,291.1921324,0,64.06173875,0,614.7621458,0,0,0,0,14.20993732,0,0,0,15.35429357,0,0,477.5569426,339.1782918,4.084953478,10.67091537,0,297.2633153,0,0,2.175668424,1.370312527,0,46.64413346,0,0,0,48.40955715,66.4692325,0,0,967.5611917,154.8830877,0,0,13.89360358,0,0
"10297",0,64.18518348,153.2453662,158.3505024,0,0,0,0,0.8117083519,0,0,0,0,39.67546598,0,11898.63763,0,0,0,15.06484786,0,0,0,0,0,0,0,0,0,0,0,0,0,0,0,0,0,0,0,0,0,0,0,17692.63845,728.4476899,47.39259041,0,0,0,0,295.4430449,0,0,0,0,0,0,6.6632901,314.4393108,3007.378003,0,0,1152.564019,0,0,0,137.8752692,0,32.45816506,0,9.410742201,94.06300118,16.89175177,23.31524874,0,0,0,0,14.25834839,11.64089357,0,0,7.862617082,18.84267131,918.7509273,324.5730816,4.217636325,72.15122908,9.057752705,7.459064357,0,0,233.7414659,0,0,35.74441378,0,8.180641753,14.59564252,0,608.7452926,0,0,5.26846315,0,13.58476664,0,0,0,0,0,16.92561249,22.47156083,0,0,243.1063105,0,0,3.610184336,0,1069.638053,110.0620222,1683.263391,0,279.4718716,13.81152026,0,536.8173257,0,1718.021152,309.5748872,18.89051405,60.04753506,0,0,7.816614109,0,0,93.43435608,0,20.65366842,401.8094033,0,29.23457069,0,35.82099036,24.07826087,0,33.65036293,1.572057876,9.568205463,1022.314439,220.1871058,0,0,272.397591,14.9281931,46.56791239,20.010794,0,309.8211366,0,10.39128263,6.584722674,2.968932569,0,0,0,11.64221105,4.514913275,108.188823,0,0,0,37.13329308,4.139030857,0,0,49.1754685,0,0,0,0,362.86974,1080.088802,61.37724605,55.42012486,115.7606351,813.307244,97.38484305,274.6076807,0,0,0,0,0,9.721858981,58.01795598,0,0,0,0,392.2970189,16816.68004,174.7745483,NA,2053.416983,0,0,476.5717895,0,36.35122259,0,0,0,0,0,0,14.16455946,5.419171095,4.039248841,0,0,0,210.2740241,4.863265779,0,29.12220797,0,26.66811945,8.960828931,148.6533055,0,0,0,0,0,20.57810232,0,0,0,6.305928921,0,0,117.2323273,1321.836046,22.5345192,930.0967534,413.7284011,0,303.711138,103.5841307,334.9352376,51.7779375,0,0,588.9770034,2.899214965,0,0,59.9515226,6.318488298,1092.602487,29.48549753,0,0,0,0,1727.462089,0,0,NA,8.679670196,0,0,3.500460089,10.55450717,0,0,19.36881742,0,10.64430818,12.7301444,0,0,0,0,2.698654125,0,0,76.13580188,0,0,0,4.662424633,0,0,0,0,7.248253249,0,0,54.64335301,3759.804664,NA,27.60533803,45.77246933,0,37.16093189,0,0,18.34730976,13.85254327,0,0,0,0,0,9.376807704,0,2.498872921,0,0,40.87656825,0,0,0,0,20.50737588,0,678.4142268,0,0,0,0,15.2068414,0,15.53307237,0,0,0,0,315.1260789,430.5139633,0,0,0,8.059837899,0,0,0.7823112747,0,0,6.229620084,0,0,0,0,18.6842354,0,0,437.2869796,256.5370599,0,0,0,0,0
"10291",94,2520,1845,0,709,0,0,744,0,0,7.2,0,0,7182,0,73954,142,0,0,50,0,0,0,0,0,0,0,0,0,0,0,0,66,5063,1708,1066,0,0,24,0,0,0,0,61126,1378,1401,0,0,75,0,742,42,0,0,0,0,0,57,103,3754,0,732,1391,0,81,0,0,43,0,0,0,202,11,0,0,0,0,0,22,2443,0,0,0,0,3026,0,35,0,0,0,0,0,992,0,0,0,0,0,0,0,0,56,63,48,0,0,0,2.5,0,264,3917,0,9.6,0,0,187,18,13,0,0,47378,380,0,0,61,0,24,191,0,13298,100,410,283,0,0,1407,0,0,17038,0,130,79,0,0,0,0,0,592,173,11,0,5271,1015,0,0,0,0,398,414374,1925,7718,0,426,469,0,0,0,179,0,18,1456,0,0,0,21,6.4,10,0,0,0,0,15,0,15244,18827,6334,481,4730,15190,36,0,0,0,0,0,0,0,0,0,0,0,0,1645,38887,102,NA,1536,0,0,30861,0,233,2158,0,0,0,34,58,67,18,0,0,0,0,1084,253,0,0,1298,205,853,8911,0,0,0,79,126,NA,0,0,0,106,0,0,8016,8771,5876,108,5730,0,8682,10618,17540,0,0,0,0,0,0,0,170,88,617,0,216,0,0,46,948,363,324,150,52,475,3811,424,443,0,0,35,0,0,23,0,7.9,0,0,66,0,1228,0,0,0,0,0,0,0,0,0,81,0,474,528,6095,NA,0,263,0,89,0,0,2202,14,14,0,0,0,0,10,0,0,0,0,477,0,0,0,0,654,7.5,13303,0,0,0,0,0,0,0,0,35,0,0,0,2096,0,0,0,11,0,0,0,0,0,64,0,0,0,0,0,2756,2265,0,887,6519,0,0,0,0
"10501",43.1615936,96.18837894,136.6065618,246.4931741,0,0,0,72.6523485,3.551227746,0,36.9530113,0,25.80088711,3571.834004,0,50370.48124,154.3318014,145.1579547,0,97.13137016,0,0,0,0,0,0,0,0,0,0,87.61081366,0,0,0,0,0,0,0,11.10151788,0,0,0,0,54432.99713,3667.988197,70.884862,0,156.0658817,19.01532198,46.58104144,168.2586236,33.17701482,0,0,0,0,0,153.4895495,50.24449681,9648.217908,119.8601893,0,471.098694,0,0,0,1070.746436,88.73853889,0,0,8.435105087,20.95242941,7.537881737,0,0,0,0,0,42.82616292,0,0,0,22.09426254,29.46271795,372.2911652,211.8314995,8.194672621,0,14.3586851,9.84131899,0,0,51.76864137,0,0,41.63945404,23.68613368,11.36661286,0,4.086946161,683.3832148,0,0,97.30529214,0,0,0,0,0,0,0,12.76028669,10.51415374,0,0,0,0,0,7.946052828,0,1091.02931,150.0903371,2476.622314,0,66.8931537,20.88212844,0,781.693303,9.967012888,2623.368575,174.4028335,46.6886464,70.70854938,30.45165361,0,20.06986564,0,0,27.66574506,0,0,394.9617915,0,0,0,128.6994516,65.83401469,0,11.44338774,2.815431384,0,3347.498875,34.07016004,28.60459928,0,0,0,0,25.16705157,0,404.9946383,0,37.78707568,9.502133291,2.81022051,0,0,0,17.28228216,8.137000591,1332.246,0,0,0,18.25609917,2.729143381,0,0,29.72295199,0,0,0,18.20953214,248.6977671,2842.025982,121.8406242,15.76434687,145.1403015,1355.636415,26.43935778,544.8649062,0,0,4015.317312,0,0,13.82855394,87.850591,0,0,0,0,346.9184413,14440.32611,0,NA,3049.062544,0,0,558.4641958,0,96.4851632,0,0,0,0,0,0,13.49309276,10.60612921,0,0,0,0,328.3119596,974.3205685,0,29.46053279,0,20.65203146,17.48030915,99.95075904,0,0,0,0,0,68.52412206,0,20.47773046,0,14.28063045,0,0,172.3349963,914.8141278,40.68421458,14.57831057,403.1191091,0,239.3479911,196.29984,325.1695554,0,0,0,0,0,0,0,67.22431467,26.19499334,1470.898345,0,0,50.35254778,0,0,706.6145527,0,8.759423508,21.81584256,6.059702481,0,70.10254207,5.603494309,17.88149176,0,0,21.09397272,0,30.02468064,0,76.96438473,0,0,7.947063281,3.026469814,277.1065971,316.0585139,40.07649679,0,0,0,0,0,0,16.60281284,103.0298035,0,0,0,0,13483.97051,7.842803526,10.30124913,440.9377847,0,18.40923056,0,0,66.85602718,0,4.625001923,11.10527357,0,0,0,23.87648152,0,0,0,0,41.15486245,0,0,0,0,66.69400298,0,1088.626107,3.108894951,0,0,0,0,246.4712168,26.45308823,0,0,0,0,0,234.4148269,0,0,0,15.57897272,0,0,0,0,0,169.3842907,0,0,0,42.35449689,46.09302783,0,0,551.7510063,120.3891889,0,0,0,0,0
"10540",0,5686,9625,0,9497,0,0,2193,0,0,2.1,0,0,9042,0,86737,0,0,0,0,0,0,0,0,0,942,0,0,0,0,0,0,0,1145,0,0,0,0,0,0,0,0,0,35836,489,2312,0,0,100,0,428,0,0,0,0,0,0,166,0,3736,0,3023,762,0,0,510,0,0,0,0,0,730,0,0,0,0,0,0,15,0,0,0,0,0,13394,56,271,0,0,0,0,0,1338,0,0,0,0,0,0,0,0,239,21,85,0,0,0,0.28,0,0,0,0,9.2,0,0,370,54,19,4.3,0,70386,30,0,0,65,17,16,116,0,9657,47,1177,242,0,0,121,0,0,27199,0,135,0,0,0,0,17730,0,0,199,28,0,6827,3006,0,0,0,0,0,314,0,15815,0,3730,807,0,0,0,527,0,0,0,0,0,0,0,10,19,0,0,140,0,0,0,29833,32866,10173,1303,7543,31731,0,0,0,0,0,0,0,0,0,277,0,0,921,2126,53398,37,NA,534,0,0,75191,0,108,0,0,0,0,58,78,NA,NA,0,0,0,0,1381,60,0,0,3876,288,28,19035,0,345,2371,0,644,NA,0,0,0,198,0,0,15748,56478,1549,0,526,0,31679,19480,34361,0,0,59,0,0,0,0,84,160,72,206,0,0,0,0,1066,73,0,31,45,0,2547,1126,134,0,0,43,0,19,0,0,2.9,0,0,0,0,596,0,0,0,0,0,0,0,0,0,0,13,0,198,4295,NA,0,51,0,66,0,0,7996,0,15,0,0,0,0,0,0,0,0,0,694,0,0,0,0,576,0,110721,0,0,0,3237,0,0,0,0,5.2,0,0,205,542,0,0,0,0,0,0,0,0,0,1883,0,0,0,0,0,3317,15364,0,1676,0,0,0,0,0
"10563",66,474,1296,0,425,0,0,659,0,0,3.5,0,0,2728,0,21202,104,0,0,33,0,0,0,0,0,0,0,0,0,0,0,0,0,0,0,0,0,0,0,0,0,0,0,17307,236,2502,0,0,110,0,118,0,0,0,0,0,0,11,0,3093,0,386,1617,0,0,0,0,24,0,0,14,1017,0,0,0,0,0,0,27,0,0,0,0,0,444,0,17,0,0,0,0,0,509,0,0,0,0,0,0,0,0,87,0,87,0,0,0,0,0,0,0,0,0,0,0,622,0,0,0,0,19442,62,0,0,0,16,16,32,0,565,66,359,545,0,0,84,0,0,642,0,0,0,0,0,0,0,0,235,15,4.8,0,6685,94,0,0,0,0,0,0,0,1082,0,26,51,0,0,0,0,0,0,0,0,0,0,0,0,0,0,0,0,304,0,0,5341,4840,695,392,577,5670,0,0,0,0,4736,0,0,0,0,0,0,28,0,0,20427,0,NA,848,0,0,7893,0,101,0,0,0,0,0,37,NA,NA,0,0,0,0,50,174,0,0,342,41,68,3708,0,503,0,0,55,NA,0,0,0,23,0,0,1634,964,76,76,431,0,173,1568,6298,0,0,0,0,0,0,0,35,10,43,0,0,74,0,0,512,0,87,65,0,325,0,32,18,0,0,19,0,38,0,0,0,0,0,0,0,385,0,0,0,0,0,0,0,0,0,0,0,527,167,3188,NA,0,438,0,45,0,0,139,25,18,0,6.8,0,0,0,0,0,0,0,0,0,0,0,0,16,0,8296,0,0,0,0,0,0,0,0,13,0,0,623,724,0,0,0,58,0,0,0,0,0,486,0,0,0,0,0,2209,1205,0,0,3053,0,0,0,0
"10369",122,2103,6751,0,2743,0,0,1005,0,0,5.7,19,0,1554,0,39734,279,0,0,35,0,0,0,0,0,1182,0,0,0,0,0,0,0,1280,0,0,0,0,0,0,0,0,0,25218,225,1650,0,0,59,0,3305,0,0,5583,0,0,0,21,69,2465,0,2144,447,0,0,0,0,54,0,0,4.7,361,0,0,0,0,0,0,32,3063,8.5,0,77,0,1009,961,36,0,0,0,0,0,1826,0,0,0,0,0,0,0,0,107,0,106,0,0,0,0,0,0,0,36,16,0,0,196,21,0,2,0,61735,352,0,0,0,0,4.8,403,14,15990,121,505,356,0,0,236,0,0,4912,0,0,455,0,0,0,0,0,0,49,0,0,2652,428,0,0,0,0,96,73,0,10772,0,44,112,0,0,0,10,17,26,0,0,0,0,13,5.1,0,0,0,0,0,0,26,18224,18523,6511,366,3567,14598,133,0,0,0,0,0,0,0,0,0,0,11,90,1422,41949,42,NA,2849,0,0,31825,0,201,0,0,0,0,0,46,105,88,0,0,0,0,1474,180,0,0,2202,126,1484,11992,0,0,293,0,233,351,0,0,0,39,0,0,8147,62745,296,0,1715,0,8712,11213,20029,0,0,0,0,0,0,0,135,24,194,0,0,0,0,48,695,278,293,175,35,1491,5248,84,321,0,0,49,0,50,17,0,0,0,0,0,0,1432,0,0,0,0,0,0,0,0,0,0,0,0,453,3033,NA,34,510,0,21,15,0,288,0,15,0,0,5638,0,0,0,0,0,0,0,0,0,0,0,442,0,26634,0,0,0,0,0,0,0,0,996,0,0,898,1997,0,0,0,46,0,0,0,0,0,199,0,0,0,0,0,7069,852,0,1522,10398,0,94,0,0
"10355",103.2593203,178.5816517,0,227.3622409,74.69368073,0,0,0,0,0,13.75496328,10.14812318,29.6458814,7462.507799,0,189280.5252,29.36203853,0,0,43.9235228,0,0,5.557220568,59.05669785,0,166.6003199,34.97026293,0,0,0,404.338829,14817.43787,0,0,0,0,0,0,16.65835043,148.4402755,0,0,0,99935.35167,538.0160342,445.3072007,0,247.6195846,35.13676949,0,1378.755519,14.75108248,0,0,7082.746911,5.945761422,2.126707501,29.80686838,230.7631893,0,0,0,3680.699105,0,0,0,39.86850985,23.86650071,0,0,0,2069.070292,61.94833575,52.15290007,146.2557943,0,0,656.3090668,5.907884943,20.8384673,0,235.668432,92.19984917,4.372733208,20117.11758,656.963726,26.30178809,329.4893135,0,0,5.765024488,0,121.8086904,44.51911067,32096.64848,138.4778385,31.25098854,17.38664607,0,0,0,48.00064544,0,62.14519484,0,0,0,0,0,0,0,13.07651547,63.03861952,0,0,995.7622604,27.21500481,29.00906285,38.30034981,21.71830965,3421.395692,384.8630213,177.4926803,56.65256591,0,45.93724273,0,762.3748949,36.39616627,4057.489315,102.5207126,0,171.591304,20.33014777,190.1635548,22.752504,0,0,293.0733849,0,104.1460012,0,19.44063078,27.50992642,0,2968.315978,187.1434477,78.77699266,10.59211446,3.589435356,0,3371.450544,235.5594942,40.25229251,3.392929899,243.1952114,16.28819393,110.4904389,17.95159023,653.5364813,636.0305119,0,411.2660687,177.6800411,0,0,0,0,15.94413263,0,177.1154723,0,115.0138659,0,13.34832029,31.31176715,21.3204169,0,33.05805257,0,0,0,17.77159002,1580.446919,5327.676152,134.8138636,170.0663636,647.4101182,1375.626,102.1608391,2672.662218,0,0,1887.124855,0,0,14.00286671,37.79818244,80.30702801,0,0,92.64979261,1350.825292,14510.25041,0,NA,3478.409489,0,0,3552.605325,63.66495716,0,0,0,572.4153239,0,57.48602795,17.30377233,4.874286508,17.14471244,0,0,0,0,408.9245835,43.23566613,0,87.47886056,548.7581587,57.3356939,21.06310204,784.1332211,0,557.2175991,184.4049983,42.87176221,0,222.8188514,0,0,2120.377422,42.07862019,0,0,1812.354299,0,0,8.829065828,620.5372537,4.373146259,1188.470025,1007.748455,2676.667254,228.8151184,74.35031297,61.44732,0,0,0,0,49.14267604,28.46606389,365.0718539,65.68420768,0,172.3538805,85.39532564,26.01263869,355.5779812,21.38619109,23.96448771,26.35006884,9.301167123,32.10522324,109.4395296,993.3492191,254.0987813,0,0,18.6829548,0,11.3536274,15.38802235,0,9.488918357,10.08410791,6.113724237,10.47368436,525.3371742,688.0332569,109.666282,0,0,60.29561876,0,0,0,0,112.282064,21.38657465,0,0,49.12672154,9827.155009,NA,14.61456835,166.2581823,28.70376976,151.4875452,0,0,9591.075162,13.47158619,9.423437612,0,4.418707521,0,0,85.31438837,0,0,0,0,244.7407779,0,0,103.2207168,97.05988932,733.7242914,0,8642.383744,0,35.6737822,0,1660.086975,52.19674783,0,20.42043759,4.301724158,9.842192654,0,0,184.3291369,83.40930356,0,0,0,31.31943089,0,29.84031222,0,0,0,49.45864216,0,0,0,68.10933071,56.83034987,0,117.6350973,368.1903326,321.9806621,0,0,0,15.41522275,0
"10176",149,407,3120,0,697,0,0,5223,0,0,9.2,0,22,5770,0,13157,694,0,0,44,0,0,0,0,0,954,0,0,0,0,0,0,0,0,0,0,0,0,17,130,0,0,0,11902,159,1395,0,2280,19,0,1603,0,0,0,0,0,0,113,0,1004,0,251,5426,0,0,0,0,171,0,0,0,422,0,0,0,0,0,1082,0,685,0,0,0,10,5720,204,56,0,0,0,0,0,1062,0,0,0,0,0,0,0,0,95,0,70,0,0,0,0,0,0,0,0,9.8,0,0,248,15,0,0,0,20855,393,0,0,0,44,33,126,0,3114,64,2004,296,0,0,1521,0,0,6397,0,0,0,0,0,0,0,0,0,18,6.1,0,1807,1528,0,0,0,0,72,49,0,627,0,21,306,0,0,0,0,0,22,702,0,0,0,0,29,9.3,0,0,0,0,0,0,9445,1986,1443,1397,768,3697,18,0,0,0,6082,0,0,0,0,0,0,0,0,289,19015,26,NA,2253,0,0,17302,46,136,0,0,0,0,0,28,NA,NA,0,0,0,0,365,320,0,207,203,134,986,5851,0,0,0,0,0,NA,1.3,0,0,622,0,0,3380,32388,236,0,2437,28,985,4363,12343,0,0,0,0,0,0,0,96,20,398,0,0,0,0,0,414,0,119,92,19,455,593,866,330,0,0,42,0,25,19,0,0,0,0,0,0,1141,0,0,0,0,0,0,0,0,0,133,0,285,378,1250,NA,0,283,0,403,0,0,3287,0,24,0,0,0,0,0,0,0,0,0,125,0,0,0,0,20,0,23158,0,0,0,552,0,0,45,0,22,0,0,450,1118,0,0,0,31,0,0,0,0,12,0,0,0,0,0,0,1816,158,0,0,3585,0,0,0,0
"10451",90,1197,2202,0,1016,0,0,884,0,0,6.9,0,0,3773,0,31136,0,0,0,134,0,0,0,0,0,1023,0,0,0,0,0,0,0,0,0,0,0,0,0,0,0,0,0,25467,240,1198,0,0,83,17,252,0,0,0,0,0,0,42,0,2278,0,874,426,0,0,0,0,177,0,0,14,404,30,0,0,0,0,0,60,0,0,0,0,0,980,190,34,0,0,0,0,0,3875,0,0,0,0,0,0,0,0,104,0,13,0,0,0,0,0,0,0,0,6.2,0,0,694,23,0,2.5,0,31797,149,0,0,114,0,7.8,107,0,5246,92,440,298,0,0,172,0,0,1572,0,0,90,0,0,0,0,0,330,62,0,0,12513,342,0,0,0,0,38,0,0,3314,0,195,111,0,0,0,0,0,0,0,0,0,0,15,4.4,0,0,0,0,1089,0,24,12298,12626,2151,1721,4670,11775,19,0,0,0,4619,0,0,0,0,0,0,0,0,747,25459,0,NA,4330,0,0,24023,0,218,0,0,0,0,0,0,161,NA,0,0,0,0,231,1329,0,0,959,189,95,8166,0,0,266,0,87,NA,0,0,0,37,0,0,5064,14375,81,29,617,0,4500,6897,14419,0,0,0,0,0,0,0,178,43,299,0,0,0,0,0,394,45,145,86,16,476,0,49,58,0,0,42,0,28,0,0,0,0,0,2.1,0,363,0,0,0,0,0,0,0,0,0,0,0,599,138,3086,NA,0,520,0,32,0,0,442,0,28,0,0,0,0,0,0,0,0,0,176,0,0,0,0,49,0,12614,0,0,0,440,0,0,0,0,29,0,0,531,1463,0,0,0,35,0,0,0,0,0,57,0,0,0,0,0,3331,1171,0,683,3736,0,0,0,0
"10751",0,461,137,238,70,0,0,0,0,0,0,0,0,426,0,58425,0,0,0,0,0,0,0,0,0,0,0,0,0,0,0,0,0,0,0,0,0,0,0,0,0,0,0,47977,0,242,0,0,21,0,112,0,0,0,0,0,0,15,0,5711,0,0,0,0,0,0,0,31,0,0,0,56,0,0,0,0,0,0,0,26,0,0,0,0,2707,0,0,0,0,0,0,0,0,0,0,0,0,0,0,0,0,0,0,16,0,0,0,0,0,0,50,0,13,0,0,0,14,0,5.6,0,4488,18,0,0,0,0,7.2,1373,0,564,0,0,162,0,3979,0,0,0,131,0,371,0,0,0,0,1108,0,0,66,0,0,1344,1724,0,0,0,0,0,378,0,556,0,3579,290,0,0,0,179,0,0,0,0,0,0,0,2.6,1.4,0,0,0,0,0,0,4079,3178,559,120,837,2559,0,0,0,0,0,0,0,0,0,0,0,0,17693,1353,2721,31,NA,0,0,0,9001,0,49,0,0,0,0,0,0,NA,NA,0,0,0,0,381,5.5,0,0,0,0,NA,2108,0,0,0,0,0,76,0,0,0,0,0,0,1750,2892,486,0,225,0,783,1894,3847,0,0,0,0,0,0,0,26,18,32,0,0,0,0,0,40,0,0,NA,0,0,0,201,22,0,0,0,0,0,0,0,0,0,0,0,0,0,26,0,0,0,0,0,0,0,0,0,0,0,0,3564,NA,0,10,0,0,0,0,841,0,0,0,0,0,0,0,0,0,0,0,300,0,0,0,0,100,0,9725,0,0,0,411,3400,0,0,0,0,0,0,145,713,0,0,0,0,0,0,0,0,0,3.7,0,0,0,0,0,0,2068,16207,201,0,0,0,0,0
"10703",61,59,101,172,0,0,0,0,0,0,46,0,15,7006,0,44760,0,0,0,24,0,0,0,0,0,0,0,0,0,0,0,0,0,0,0,0,0,0,0,0,0,0,0,37828,1644,114,0,2815,0,35,458,0,0,0,0,0,0,50,0,3812,0,0,0,0,0,0,267,57,0,0,8.8,135,12,0,0,0,0,0,26,0,0,0,0,0,786,478,23,0,0,0,0,0,0,0,0,0,0,9.8,0,0,0,0,0,41,0,0,0,0,0,0,0,0,11,0,0,203,0,0,6.8,0,1705,151,0,0,59,0,36,647,0,1832,82,0,108,0,0,0,0,0,177,0,0,0,0,0,0,0,0,0,19,6.3,0,2896,41,0,0,0,0,0,0,0,248,0,13,23,0,0,0,0,0,0,1441,0,0,0,0,51,7.3,0,294,0,0,0,0,317,1660,56,65,270,946,44,0,0,0,0,0,0,0,0,0,0,0,0,526,8408,0,NA,406,0,0,849,0,40,0,1407,0,0,0,25,NA,NA,0,0,0,0,206,231,0,31,0,34,NA,201,0,0,0,0,0,NA,0.24,0,0,22,0,0,113,357,0,0,324,0,316,280,554,0,0,0,0,0,0,0,43,40,830,0,0,0,0,0,519,0,0,NA,0,0,0,49,134,31,0,14,0,23,19,0,0,0,0,9.5,409,0,49,0,0,0,0,0,0,0,0,0,0,0,0,5168,NA,0,327,0,100,0,0,201,0,3.8,0,0,0,0,27,0,0,0,0,70,0,0,0,0,37,0,430,0,0,0,0,0,0,0,0,0,0,0,385,0,0,0,0,15,0,0,0,0,0,909,0,0,0,39,0,0,0,0,252,0,0,0,0,0
"10599",57,1741,2646,0,4545,649,0,798,0,0,0,7.9,141,14835,0,30496,0,0,0,31,0,0,0,0,0,1105,0,276,0,0,0,0,0,0,0,0,0,0,0,168,0,0,0,16399,893,4220,0,1080,1487,0,1016,0,0,0,0,95,0,191,0,1552,0,1343,0,0,0,360,0,0,0,0,0,429,19,0,0,0,0,0,38,5188,0,0,0,19,6793,0,82,0,0,0,32,0,1799,0,0,0,0,0,0,0,0,206,0,81,0,0,0,1.5,0,0,174,0,9.1,0,0,0,128,78,2.5,0,53158,159,0,0,0,30,0,312,13,6857,0,405,174,0,0,0,0,0,307,0,392,0,0,0,0,37633,0,167,100,3.1,0,23903,3674,0,0,0,0,944,183,0,18365,0,6144,5659,0,0,0,823,0,0,227,190,0,0,0,14,16,0,0,0,0,0,80,33436,22184,8597,2072,9021,25604,19,0,0,0,2537,0,0,0,0,88,0,0,1539,4998,54399,91,NA,284,0,0,106696,0,141,0,0,0,0,335,0,NA,NA,0,0,0,0,8729,11,0,0,1637,183,NA,18214,0,0,308,0,389,NA,0,0,0,156,0,0,18176,22710,388,60,211,44,402,20131,32492,704,0,75,0,0,0,0,155,248,0,0,0,0,0,0,1433,54,0,24,40,0,0,1387,121,0,0,48,0,0,0,0,0,0,0,0,0,453,0,0,0,0,0,0,0,0,0,0,18,0,127,1819,NA,0,25,0,46,0,0,4256,0,11,0,0,0,0,0,0,0,0,0,263,0,0,0,0,67,0,106690,0,0,0,11416,475,0,0,0,75,0,0,142,1066,0,0,0,83,0,0,0,0,0,23,0,0,0,0,0,2280,1407,505,449,1238,0,0,0,0
"10395",169,1334,1220,66,805,1143,5.2,2338,0,0,4.7,12,58,3520,0,29380,164,0,27,52,0,0,0,0,0,312,0,3142,0,0,453,0,21,292,0,0,0,0,0,0,0,0,0,17763,0,584,0,537,63,0,1970,0,0,0,0,0,0,86,0,1248,0,428,0,0,0,0,0,67,0,0,0,418,14,0,0,0,0,2688,54,251,0,0,0,0,13578,422,771,0,0,0,0,0,735,0,0,0,0,0,0,0,0,0,0,99,0,0,0,0,0,0,0,0,36,0,0,0,41,0,2.8,0,21356,447,0,0,100,0,574,261,8.6,8008,33,1247,1048,0,596,208,0,0,28875,0,136,0,0,0,0,5292,0,0,585,128,0,382,2276,0,0,0,0,147,401,0,3150,0,4394,2202,0,0,0,40,0,12,16177,58,0,0,0,40,44,0,0,0,0,0,0,8203,3108,2332,1159,2319,11486,0,0,0,0,0,0,0,0,0,572,0,0,0,286,16842,129,NA,770,0,0,13624,115,269,0,0,0,0,28,0,51,43,0,167,0,0,1650,154,5.4,0,10735,123,1021,5325,0,0,0,68,0,79,0,0,0,623,32,0,3612,34930,2816,28,6811,0,7645,4426,7670,0,0,0,0,0,0,0,148,200,268,0,0,0,0,0,248,25,139,467,53,0,3206,442,214,13,0,23,0,0,0,0,0,0,0,0,0,445,0,0,0,0,0,0,0,0,0,170,50,511,234,882,NA,22,146,0,17,0,0,1456,0,8,0,4.7,0,0,0,0,0,0,0,510,0,0,0,0,4.4,0,10244,0,0,0,2993,0,0,0,0,12,0,0,386,1384,0,0,0,27,0,0,0,0,103,98,0,0,0,0,0,1266,0,0,1589,2605,0,0,0,0
"10742",0,3471,489,60,204,1636,0,0,6.3,0,0,0,0,500,0,85827,0,0,0,13,0,0,0,0,0,1569,0,0,0,0,0,0,0,642,0,0,0,0,0,0,0,0,141,60042,0,954,0,0,69,0,237,0,0,0,0,0,0,47,0,7770,19,0,0,259,0,0,0,0,0,0,0,178,14,0,0,0,0,0,0,239,0,0,0,0,3212,0,22,0,0,0,0,0,2486,0,0,0,0,9.6,0,0,0,0,0,84,33,0,0,46,0,0,966,0,42,0,0,0,72,0,17,0,30184,48,0,319,229,0,3.8,6462,29,2120,0,0,378,0,9792,14,0,0,143,0,481,0,0,0,0,3584,0,0,442,0,0,2400,7524,0,0,0,0,0,29161,2156,4338,0,5605,999,0,0,0,1241,0,0,282,0,0,0,0,6.6,8.1,0,0,0,0,0,0,24157,23156,8022,1147,6954,16647,0,0,0,0,0,0,0,0,0,1158,0,0,48673,12621,21819,507,NA,0,0,0,49680,264,501,0,1923,0,0,121,0,75,64,0,0,0,0,5203,0,0,0,0,0,1880,13486,0,0,0,48,0,248,0,0,0,23,0,0,13077,81806,2170,0,323,0,7733,14310,20227,0,0,0,0,0,0,0,147,85,303,0,0,0,0,0,117,75,0,NA,0,0,650,257,51,0,0,53,0,0,0,0,0,0,0,0,0,317,30,9.2,0,0,0,0,0,0,0,0,10,0,0,2195,4.6,0,17,0,13,0,0,3027,0,0,0,0,0,0,9.9,0,0,12,0,317,0,0,0,0,302,0,51409,0,0,0,1172,11992,0,0,0,0,0,0,227,1976,0,0,0,12,0,0,0,0,0,3.7,0,0,0,0,0,1246,27529,12954,347,1855,0,0,0,0
"10321",52.99528198,428.5078488,0,56.93517201,1053.691579,16312.89496,0,0,3.407678403,0,17.53950801,11.12269977,27.53869015,6652.346074,0,99403.34603,83.85985792,0,4.135867015,18.68224321,0,201.0645066,0,42.50664609,0,1348.380773,2361.245804,0,0,66.29675686,2073.115692,2260.376919,0,0,0,0,0,0,0,58.90577174,27.49550084,0,0,70773.9592,265.1379307,1698.282502,0,1134.036799,65.30803751,7.936396759,715.1114845,0,0,0,9223.694443,8.912433132,0,97.64518862,32.12323867,20.18034257,0,0,1867.501434,0,21.59789913,0,0,77.18862155,0,2.576841927,0,700.5501857,14.58833084,49.00122823,0,0,0,3634.243502,17.65296474,76.78977234,0,102.7919105,15.8358207,14.77075184,30038.70783,396.3980062,39.11809898,98.93897424,0,0,0,0,205.8612529,36.03035237,71454.26055,600.2689257,53.82703185,12.47247908,0,4.610340411,224.1066584,25.91981529,0,49.84633689,0,0,0,3.615633498,0,0,0,27.38068106,310.9506379,112.5540643,34.95394369,132.47832,71.42119115,18.97373287,13.68365606,87.02018346,19000.01751,125.9332182,0,2527.048625,132.4087846,3.988643851,31.14112412,1003.659913,35.35802907,5538.882697,26.51134414,0,333.5110483,167.5209147,319.7966608,40.00814423,0,0,232.4532994,0,562.8854939,0,0,0,0,3362.972794,0,0,360.7892718,3.409495764,0,1818.05549,1700.4014,668.2284576,0,410.026666,19.74693659,0,123.5877578,0,5440.198063,108.6704492,11309.89946,297.270595,0,0,59.3880712,16.07776158,13.58347976,0,963.7559773,0,0,0,8.426576472,12.39881074,3.404487466,0,72.37461263,0,0,0,25.61267741,21789.73408,24956.34617,2205.640972,1241.626611,7584.689755,3302.149492,4.405400521,10191.19889,0,0,2094.290658,2311.534363,31.333449,0,68.45216055,308.6554114,24.34128396,5.254038213,135.6238109,1189.618902,16560.96094,38.28627593,26.16498397,1221.805331,39.55087577,182.5239372,29083.58382,14.87481712,130.67486,984.633612,0,716.4066859,194.0940547,76.69698541,11.07117616,NA,181.4368456,0,49.90472915,0,0,3137.878056,96.97096997,0,68.8565181,228.4877919,24.36130009,55.48000655,8661.703936,178.4230998,854.3026201,137.8630513,60.15173667,0,661.3848323,0,0,315.9174501,28.04359394,0,6.224149493,17472.07643,0,0,27.97877305,1221.499361,0,1127.474332,5029.558009,25064.98286,215.8686667,701.465614,0,0,0,124.4563039,0,95.13828456,89.44260782,941.0477872,84.30297878,18.7741479,262.4643439,46.72302009,39.25169058,381.241225,32.48764394,39.52981024,28.57428912,8.451984792,34.88002721,532.5505901,800.8064206,137.1300246,0,0,63.52000128,0,8.218025612,0,0,16.34367762,10.45335113,0,2.805957543,161.5001202,436.5585401,235.5866796,0,0,14.11085851,0,0,96.79120382,0,67.07180164,85.8161928,42.73840738,0,101.195522,15396.61887,7.078033271,22.57347204,72.85522735,0,47.16600077,0,0,7137.385472,0,2.870597589,0,0,0,96.39740994,12.09201496,40.77223326,0,0,161.0734224,792.7156657,0,0,441.9821109,0,1293.962894,0,93817.49192,0,59.67853174,0,1464.411782,0,55.09495951,0,0,0,0,49.15068729,195.1365161,316.8881653,5.415546206,0,0,14.85879324,0,0,0,0,0,6.307964928,0,32.55342884,23.55068285,67.79734814,253.5751123,1099.824589,1418.310366,1230.379296,475.7939653,334.9547633,0,43.23296673,0,22.23860197
"10810",55,102,573,0,28,0,0,0,0,0,91,25,0,4345,0,62918,0,0,0,35,0,0,0,0,0,0,43,0,0,0,0,0,0,0,0,0,0,0,0,0,0,0,0,37987,1379,303,0,0,0,0,201,0,0,0,0,122,0,593,0,4045,0,0,641,0,0,0,340,64,0,0,0,44,0,0,0,0,0,616,23,105,0,0,16,0,2271,277,34,0,0,0,0,0,169,57,0,150,38,12,0,0,0,0,0,14,0,0,0,13,0,0,292,14,39,0,0,252,0,32,5.7,0,2936,185,0,0,0,39,40,427,12,4722,50,0,129,0,0,30,0,0,191,0,172,267,0,0,0,61,0,0,136,0,0,2784,97,0,0,0,0,75,41350,415,425,0,655,2918,0,0,0,0,14,0,0,0,0,0,12,0.31,9.3,0,77,0,0,0,40,366,1464,95,122,153,648,32,1783,0,0,1189,0,0,0,0,0,0,0,0,869,11827,0,NA,1814,0,0,1364,0,34,0,1995,0,0,540,32,NA,NA,0,0,0,305,287,362,0,62,0,33,26,193,0,0,0,0,0,71,0,0,19,14,0,0,782,427,146,17,433,0,489,601,759,0,0,0,0,0,0,0,48,35,1437,48,0,0,30,0,459,0,0,NA,8.9,0,30,39,23,0,0,19,0,22,0,0,0,0,0,0,695,187,60,0,0,0,0,0,0,0,0,0,0,0,34,5956,NA,19,217,0,176,0,0,160,0,11,0,0,0,0,22,0,0,0,0,261,0,0,0,134,49,0,2509,0,0,0,288,0,0,43,0,0,0,0,323,0,15,0,0,52,0,0,0,0,0,410,0,0,0,50,96,0,877,30645,293,0,0,0,0,0
"10167",0,825,208,0,0,0,0,307,0,0,9.5,0,0,1602,0,21532,149,0,0,0,0,0,0,0,0,0,0,0,0,0,0,0,0,913,0,0,0,0,0,0,0,0,0,13344,0,3747,0,0,15,0,83,0,0,0,0,0,0,13,0,2737,0,0,356,0,0,0,0,92,0,0,0,134,0,0,0,0,0,0,21,1141,0,0,0,11,2995,36,9.4,0,0,0,0,0,261,0,0,0,0,0,0,0,0,0,0,30,0,0,0,0,0,0,0,0,2.9,0,0,0,14,0,4.1,0,11665,0,0,0,0,0,0,96,0,749,25,0,61,0,0,0,0,0,996,0,452,0,0,0,0,6300,0,0,105,2.4,0,893,1558,0,0,0,0,0,68,0,3686,0,1588,342,0,0,0,237,0,11,1074,0,0,0,0,6.7,5.2,0,0,0,0,0,0,5496,5064,969,383,271,6732,0,0,0,0,7008,0,0,0,0,669,0,20,393,1780,9561,0,NA,326,0,0,15150,0,14,2245,0,0,0,0,8.6,NA,6.5,0,2427,0,0,492,161,0,33,0,41,298,3099,0,0,0,0,0,NA,0,0,0,19,0,0,2249,3014,1230,0,806,0,1433,2888,6260,0,0,0,0,0,0,0,8.7,21,73,0,0,0,0,0,108,49,103,46,0,0,1648,304,38,0,0,0,0,0,0,0,0,0,0,0,0,0,0,0,0,0,0,0,0,0,0,0,0,0,0,0,NA,0,37,0,4.9,0,0,2257,0,0,0,0,0,0,0,0,0,0,0,103,0,0,0,0,34,0,12654,0,0,0,784,50,0,0,0,0,0,0,93,1518,0,0,0,0,0,0,0,0,0,35,0,0,0,0,0,537,6552,13622,203,716,0,0,0,0
"10690",135,413,1489,0,212,0,0,1120,0,0,20,0,0,4237,0,55644,669,0,0,27,0,0,0,0,0,0,0,0,0,0,0,0,0,0,0,0,0,0,0,0,0,0,0,31553,226,300,0,276,122,0,618,0,0,0,0,0,0,12,0,3204,0,277,1624,0,0,0,0,184,0,0,0,6986,57,0,0,0,0,0,69,1516,0,0,0,0,791,390,19,0,0,0,0,0,1678,0,0,0,0,0,0,0,0,0,0,94,0,0,0,0,0,0,0,0,11,0,0,309,0,0,0,0,16917,151,0,0,0,21,12,75,0,1454,148,447,367,0,0,232,0,0,969,0,0,105,0,0,0,0,0,0,9.6,0,0,2554,477,0,0,0,0,94,188,0,1034,0,30,46,0,0,0,0,0,0,5559,0,0,0,0,5.8,2.2,0,0,0,0,0,0,4123,1861,579,599,323,4933,24,0,0,0,4496,0,0,0,0,126,0,0,0,0,15913,0,NA,1689,0,0,9492,0,112,0,389,0,0,0,0,51,NA,0,0,0,0,101,384,0,124,552,110,400,2122,0,0,0,0,0,NA,0,0,0,27,0,0,1271,801,559,0,1826,0,104,1820,4654,0,0,0,0,0,0,0,42,17,456,0,0,0,0,0,633,0,0,38,25,549,0,67,307,0,0,27,0,32,21,0,0,0,0,0,0,1670,0,0,0,0,0,0,0,0,0,0,0,599,639,6690,NA,0,253,0,50,0,0,481,0,16,0,8.3,0,0,0,0,0,0,0,144,0,0,0,0,89,0,11004,0,0,0,0,0,0,0,0,14,0,0,502,1755,0,0,0,31,0,0,0,0,0,10,0,0,0,0,0,2303,970,0,0,3924,0,0,0,0
"10457",117,2399,2685,0,1467,0,0,1512,0,0,1.9,0,40,3519,0,55566,0,0,0,82,0,0,0,0,0,823,0,0,0,0,0,0,0,1239,0,0,0,0,0,0,0,0,0,37437,0,3919,0,0,98,54,938,253,0,0,0,0,0,29,127,4385,0,1327,745,0,0,0,0,34,0,0,0,289,138,0,0,0,0,0,45,196,0,0,38,0,6252,606,44,0,0,0,0,0,964,0,0,0,0,0,0,0,0,238,0,95,0,0,0,1.6,0,0,0,0,7.9,0,0,260,0,28,11,0,58388,192,0,0,0,0,4.1,157,0,8566,121,901,607,0,989,348,0,0,13505,0,101,98,15,0,0,7800,0,631,122,9.5,0,0,1320,0,0,0,0,185,795,0,3158,0,723,260,0,0,0,30,0,9.1,4453,0,0,0,0,105,5.2,0,0,0,454,0,31,20160,23236,4503,1502,6564,10853,15,0,0,0,5314,0,0,0,0,528,0,0,77,1210,41864,45,NA,3979,0,0,45204,0,186,0,0,0,0,0,0,NA,NA,0,0,0,0,808,41,2.5,0,3295,103,2002,14711,0,0,502,172,0,NA,0,0,0,36,0,0,9239,29122,2183,0,3813,0,11766,11758,22827,0,0,0,0,0,0,0,221,82,221,0,0,0,0,0,676,108,99,66,22,536,419,7312,604,0,0,49,0,26,0,0,1.8,0,0,0,0,1534,0,0,0,0,0,0,0,0,0,0,0,890,443,4151,NA,0,345,0,16,0,0,19743,0,28,0,0,0,0,0,0,0,0,0,569,0,0,0,0,363,0,43136,0,0,0,3312,0,0,0,0,21,0,0,378,1894,0,0,0,75,0,0,0,0,0,444,0,0,0,0,0,6938,1581,0,987,10462,0,0,0,0
"10782",0,96,268,0,0,0,0,0,0,0,8.8,8,0,8267,0,96957,509,0,0,27,0,0,0,0,0,0,0,0,0,0,0,0,12,0,0,0,0,0,0,0,0,0,0,84498,548,135,0,395,11,0,546,0,0,0,0,0,0,693,0,11949,0,0,3775,0,0,0,0,355,0,0,0,677,131,0,0,0,0,0,25,0,0,0,0,0,960,0,51,0,0,0,0,0,196,88,0,194,0,22,0,0,0,0,0,103,0,0,15,0,0,0,0,0,38,0,0,216,7.8,35,21,0,2177,389,0,0,0,49,75,1015,0,5395,83,0,139,1.4,0,18,0,0,110,0,0,0,0,0,0,485,0,0,17,16,0,1707,108,138,0,0,0,63,72,0,380,0,33,31,0,0,0,0,0,0,0,0,0,0,0,12,44,0,0,0,0,0,0,366,2809,128,71,289,1614,59,0,0,6.2,0,0,0,0,0,0,0,0,0,615,16447,0,NA,1819,0,0,1288,0,116,0,5199,0,0,0,12,NA,11,0,0,0,0,254,187,0,72,0,48,22,207,0,0,0,0,0,94,0,0,39,12,0,0,250,445,231,0,411,0,362,749,708,0,0,0,0,0,0,0,60,37,562,0,0,0,0,0,584,0,0,NA,17,0,0,2205,150,0,0,35,0,0,0,0,1.5,0,0,0,617,341,91,61,0,0,0,0,0,0,0,0,0,0,0,13485,NA,0,276,0,155,0,0,6334,0,0,21,0,0,0,0,0,0,0,0,51,0,0,0,0,438,0,3561,0,0,0,215,0,0,0,0,0,0,0,488,0,0,0,0,33,0,0,0,0,0,81,0,0,0,0,0,0,0,0,324,0,0,0,0,0
"10189",0,48.28584515,164.8852902,146.8807535,0,0,0,0,13.04164485,22.55790471,2.036388761,0,0,493.3016654,0,14902.07447,0,0,0,19.29226003,0,0,0,0,0,0,0,0,0,0,0,0,0,0,0,0,0,0,0,0,18.15181256,5.397390672,0,22065.68862,1799.568848,58.96583407,0,0,6.124408055,7.464366131,168.1958544,17.9272393,0,0,0,0,0,16.95528652,293.9408018,5906.881345,0,0,572.9239471,0,0,0,527.9650327,0,0,0,20.33141638,49.09809519,10.98833119,0,0,0,0,0,0,17.27330522,0,0,25.06977351,7.376010447,1324.202995,550.697032,31.25375008,78.07964782,11.71725016,0,0,21.86688782,154.6523278,37.8402115,65.71698039,52.06500294,36.12857137,10.51404954,0,0,2229.233147,0,0,5.989807908,4.912415941,17.89808693,0,4.583861709,0,0,0,10.22754048,13.2504008,0,0,335.301944,0,0,3.277669686,0,1147.307399,160.7947152,1218.8956,0,0,15.12363324,0,827.9940929,0,3303.381725,353.4958067,48.31821316,75.93411674,29.10912932,0,8.048999846,0,0,100.3114129,0,0,384.6939501,0,0,0,173.285271,56.83045544,0,40.75490638,4.342056151,13.58566404,1994.228992,46.74633111,21.87041326,0,461.8359131,7.470511487,32.11690164,0,0,307.637969,0,32.42547054,39.65456259,0,0,0,0,16.72784211,4.044521796,0,0,0,0,60.09358786,3.675947639,0,113.1115461,71.11088948,0,0,0,18.16569078,570.1019376,2957.646883,65.89544399,81.86212631,154.8565188,1612.781694,82.7741418,1059.380266,0,0,558.4700286,0,0,0,60.36422686,0,0,0,0,414.1714874,18372.80571,0,NA,169.1536406,0,0,630.1424634,0,62.1871145,0,0,0,0,0,4.874932534,71.91882898,7.631583816,0,0,0,0,256.2585994,4.284147959,0,17.27086803,0,29.96996879,10.94462691,224.2669286,0,0,0,0,0,52.2823768,0,16.08398839,0,9.453325483,0,0,170.6705666,531.9050087,0,81.20148559,569.3291575,22.16284774,245.4700214,134.2974072,506.5331645,37.61076604,0,0,0,0,0,0,41.04436356,6.619419616,818.4560215,62.2233197,0,0,39.84453646,0,684.8854113,0,0,NA,16.74236157,0,30.4150672,6.464179808,10.88919789,0,0,23.09014369,0,6.651290278,15.17954774,0,0,0,0,4.087928389,202.8274264,0,53.1199872,0,8.166573838,0,6.15352246,0,0,0,99.42460101,63.32340599,2.166295043,0,0,4431.081916,NA,9.936767196,124.5104624,0,15.16947109,0,6.615786085,25.91959637,0,5.948047105,11.61606839,0,0,0,12.75413744,0,0,0,0,30.35336735,0,0,134.171872,0,16.11151013,0,591.6875242,5.616511342,0,0,0,0,108.8322348,0,0,15.96633243,0,0,257.4731322,133.382662,0,2.029394531,2.950939632,0,0,0,0,0,0,69.49816492,0,0,0,28.3561759,27.1251416,0,147.7188615,389.2097104,119.2670422,0,0,0,0,0
