"sample_id","(+/-)-Tryptophan","(2-aminoethoxy)[2-hydroxy-3-(octadecanoyloxy)propoxy]phosphinic acid","(R)-Butyrylcarnitine","(Z)-6-Octadecenoic acid","[3-[2-Aminoethoxy(hydroxy)phosphoryl]oxy-2-hydroxypropyl] hexadecanoate","1-(1-enyl-stearoyl)-2-oleoyl-GPC (P-18:0/18:1)","1-(1Z-Octadecenyl)-2-(4Z,7Z,10Z,13Z,16Z,19Z-docosahexaenoyl)-sn-glycero-3-phosphoethanolamine","1-(5Z,8Z,11Z,14Z-Eicosatetraenoyl)-sn-glycero-3-phosphocholine","1-(5Z,8Z,11Z,14Z-Eicosatetraenoyl)-sn-glycero-3-phosphoethanolamine","1-heptadecanoyl-2-hydroxy-sn-glycero-3-phosphocholine","1-linolenoyl-GPC (18:3)","1-methyladenosine","1-myristoyl-GPC (14:0)","1-O-Hexadecyl-2-O-acetyl-sn-glyceryl-3-phosphorylcholine","1-Oleoyl-2-myristoyl-sn-glycero-3-phosphocholine","1-palmitoyl-2-linoleoyl-GPC (16:0/18:2)","1-pentadecanoyl-2-hydroxy-sn-glycero-3-phosphocholine","1-stearoyl-2-arachidonoyl-GPE (18:0/20:4)","1-Stearoyl-2-arachidonoyl-sn-glycero-3-phospho-(1'-myo-inositol)","1-stearoyl-2-docosahexaenoyl-GPE (18:0/22:6)","1-Stearoyl-2-hydroxy-sn-glycero-3-phosphocholine","1,2-Dilinoleoyl-sn-glycero-3-phosphoethanolamine","1,2-Dioleoyl-rac-glycerol","1,2-Dioleoyl-sn-glycero-3-phospho-(1'-myo-inositol)","1,2-Dipalmitoleoyl-sn-glycero-3-phosphocholine","1,3-Diphenylguanidine","1,7-Dimethylxanthine","1.alpha.-Methyl-5.alpha.-androstan-3.alpha.,17.beta.-diol glucuronide","13Z-Docosenamide","1H-Indole-3-carboxaldehyde","2-Furanpropanoic acid, 3-carboxy-4-methyl-5-propyl-","2-Hydroxybenzyl alcohol","2-hydroxybutanoic acid","2-Hydroxycinnamic acid","2-Linoleoyl-1-palmitoyl-sn-glycero-3-phosphoethanolamine","2,3-Dibromophenol","2,3-Dihydroxybenzoate","20-HETE","3-Hydroxy-2-naphthoic acid","3-Hydroxyoctadecanoic acid","3-indoxyl sulfate","3,4-Dihydro-2H-1-benzopyran-2-one","3,4-Dihydroxybenzeneacetic acid","4-Acetylbutyrate","4-aminovaleric acid betaine","4-Hydroxy-L-proline","4-hydroxycinnamate","4'-Fluoro-4-aminodiphenyl","5-Oxo-L-Proline","AA","ACETYL-CARNITINE","acetylcholine","ADMA","Ala","alpha-D-Glucose","alpha-glycerophosphocholine","Alpha-n-phenylacetyl-l-glutamine","Androstan 3 beta ol 17 one sulfate","anhydroretinol","Arg","atenolol","Azoxystrobin","behenoyl sphingomyelin (d18:1/22:0)","Benzenesulfonic acid","Benzyl alcohol","Beta Homolysine","Beta Hydroxypropionic acid","beta-Pseudouridine","betaine","bilirubin","biliverdin","biocytin","Brefeldin A","C10 carnitine","C12 carnitine","C16:0 SM","C3 carnitine","C34:2 PE","C8 carnitine","CA","caffeine","carnitine","catechol","cetirizine","choline","Coumarin","creatine","creatinine","cystine","D-Galactose","D-xylose","Decylbenzenesulfonic acid","Dehydroisoandrosterone","Diethyl phthalate","Dimethylaniline","DL-Lysine","DL-METHIONINE","DL-Ornithine","Dl-Proline","dodecanedioate","GCA","Gln","Glu","Glu-Gln","glycerate","Glycochenodeoxycholate","Glycochenodeoxycholic acid","glycoursodeoxycholate","HDCA","hippurate","His","homoarginine","Hydroxychloroquine","Hydroxycoumarin","Hydroxyhippuric acid","Hydroxyoctadecanoic acid","Hydroxypalmitic acid","hypoxanthine","Karanjin","L-(-)-Phenylalanine.1","L-Homoarginine","L-lactic acid","L-serine","L-threonine","L-Thyroxine","L-tyrosine","Lenticin","LPC 18:0 sn-2","Mevalonic acid 5-pyrophosphate","myristyl sulfate","N-Acetyl-D-galactosamine 4-sulfate","N-Acetyl-L-glutamine","N-Oleoyl Glycine","N-Oleoyl-D-erythro-sphingosylphosphorylcholine","N8-Acetylspermidine","o-Hydroxybenzoate","Oleoyl carnitine","Oleyloxyethylphosphorylcholine","oxypurinol","Palmitic acid","Palmitoyl glycero 3 phosphocholine","Palmitoylglycerol","Pantothenic acid","PE 36:4","PE 40:6","Pheniramine","Phlorobenzophenone","phytanate","PI 34:2","Pipecolic acid","Piperin","Pro-Gly","Pro-leu","Pro-Trp","proline-betaine","spermidine","spermine","taurine","trigonelline","urate"
"SA001",0.018287197,3.543641713,0.062197232,6.263484799,0.123896698,0.326557093,0.208910035,0.364965398,0.760597145,0.100605536,0.923875433,0.010527682,0.257179931,0.028416955,0.359688581,45.787197232,0.109429066,0.341396971,0.100865052,0.069515571,1.71366782,0.095847751,0.09550173,0.018771626,0.267041522,0.01384083,0.153287197,0.120518688,0.031029412,0.026721453,2.079110821,1.327231121,0.378881988,0.013814879,0.050873702,2.194616977,0.177944862,1.708619375,6.31034107,0.369292797,2.618502779,0.304456794,10.384657295,0.12040972,0.114532872,0.258799172,0.147324834,0.133477509,1.165958374,1.14416476,1.657439446,0.009681813,0.081306228,0.067342269,11.779448622,0.1816609,0.733790999,10.49471505,0.021695502,0.185813149,0.001761246,0.070467128,0.032275087,5.449493298,2.365696851,0.016877163,6.161054811,3.263593767,0.054368512,0.142474048,0.096366782,9.758090879,0.072794118,0.128806228,0.02533737,3.544117647,0.252249135,0.191456903,0.052698962,0.005679066,0.170415225,6.775951557,1.468889615,0.001068339,0.466262976,0.004257785,0.028745675,1.4754277,0.015095156,0.030631488,0.466056445,0.048109404,4.417565653,0.044212803,0.009922145,0.067145329,0.007070934,0.012223183,0.53644982,0.094736842,0.104108096,0.060882353,0.274926447,0.378010243,0.038454833,0.011124567,0.017560554,0.909883404,0.02433391,3.173150267,0.117906574,0.009290657,0,0.132723112,0.367222404,0.369292797,0.556064073,0.096539792,0.002641869,1.40132941,0.080942907,17.489375613,0.968726163,2.457230032,0.047531873,0.011773356,0.038546713,0.223615917,0.416367004,1.888416694,1.049471505,0.031591696,0.027754168,0.327422145,0.00950692,0.292034434,0.021574394,0.055363322,0.344012204,2.992263267,8.823529412,0.144636678,0.280483818,0.320148197,0.24419745,0.029775087,0.007101211,0.186764706,2.1085322,0.065250865,0.082846021,0.025605536,0.131141869,0.102249135,3.507785467,0.0416609,0.072474048,0.006514706,0.17283737,0.05716263
"SA002",0.02043796,5.489867,0.05927007,6.727107,0.1146275,0.1805353,0.03475264,0.4140308,0.7906445,0.05943228,0.8337388,0.009545823,0.6553933,0.02505272,3.19708,50.81103,0.08329278,0.6256285,0.100811,0.07656934,1.282238,0.3342255,0.09213301,0.01287916,0.5662612,0.00659854,0.04152474,5.275027,0.04583131,0.02910787,0.03530398,0.2476002,0.9079689,0.0181914,0.143309,2.687795,0.7031845,6.995277,10.19656,0.5779369,0.9360049,0.4382142,4.703642,0.2082889,0.02328467,1.146732,0.2899589,0.1695864,1.555691,2.363249,1.774534,0.02184976,0.04910787,0.1406217,38.86942,0.1413625,1.468536,1.724821,0.03283861,0.1336577,0.002077859,0.1746148,0.03325223,28.85875,4.066738,0.00631468,24.01341,4.002743,0.04540957,0.3593674,0.06640714,12.76855,0.03016221,0.1958637,0.08450933,2.980535,0.1851582,0.3716288,0.06635036,0.3962693,0.1780211,4.966748,0.8707908,0,0.5018654,0.005672344,0.0363017,0.9420996,0.01695053,0.05641525,0.8771903,0.02687795,3.463355,0.03593674,0.00919708,0.04567721,0.006119221,0.008126521,0.8240134,0.559805,4.13378,0.05325223,1.303977,0.5639189,0.05599573,0.1415247,0.1849959,19.83849,0.01525547,0.7613896,0.09294404,0.0102352,0.0006381995,0.193052,4.967241,0.5779369,0.7028798,0.03181671,0.001933496,2.183453,0.04987024,40.78927,1.308091,5.765656,0.04696023,0.01676399,0.02429035,0.163017,1.090964,2.002133,1.701966,0.02129765,0.05997257,0.2420925,0.01356042,0.1458936,0.02460665,0.05208435,0.5448728,3.210422,8.483374,0.1242498,0.2559805,1.171263,0.4465945,0.03304136,0.01452555,0.1799676,1.602925,0.04793998,0.01159773,0.01934307,0.1406326,0.132279,0.1311436,0.03919708,0.1569343,0.003635036,0.04821573,0.02734793
"SA003",0.01108108,5.813984,0.0526332,10.53391,0.1453496,0.2013127,0.02394595,0.5333591,1.205956,0.09196911,0.9513514,0.01049421,0.6993822,0.01937452,3.399228,39.10425,0.1128958,0.5472911,0.1218533,0.0187722,2.097297,0.1688031,0.06435521,0.01172973,0.4762934,0.005974517,0,0.6330841,0.08471042,0.02209266,0.04090253,0.04216188,0.3123442,0.01345946,0.07268726,2.5305,0.4492982,3.372688,8.63702,0.6454152,2.131707,0.3469763,3.422537,0.1606979,0.02857143,0.614981,0.1908697,0.144556,0.9338843,3.282172,1.935907,0.03044733,0.05415444,0.1008264,14.92851,0.1704247,0.1250558,4.111242,0.02769884,0.2021622,0.001565251,0.1378378,0.03206178,9.017447,0.1144563,0.006728958,9.165683,4.377542,0.03569884,0.2039382,0.07257143,12.56723,0.0209112,0.4264865,0.1057915,2.544402,0.1199228,0.325856,0.1430116,0.004943629,0.0008316602,4.517375,0.2931917,0.02383784,0.4712741,0.004002317,0.02259459,0.8999082,0.01510425,0.03032432,0.6022563,0.04134855,11.55057,0.01477992,0.008223938,0.03293436,0.005097297,0.009567568,0.6253444,1.1931,0.3283484,0.06017761,0.1645022,0.5328611,0.04416896,0.02987645,0.03712741,2.454414,0.01648649,0.1554506,0.105251,0.009220077,0.0004779923,0.2300931,0.209104,0.6454152,0.858717,0.06898069,0.00187722,1.631903,0.03725097,23.11426,1.101141,3.17985,0.06427916,0.0113668,0.07969112,0.2910425,0.9923914,2.113341,1.645022,0.01603861,0.06948708,0.3287259,0.006379151,0.08821986,0.02132818,0.06312741,0.3974813,3.586514,10.15444,0.09567568,0.2317985,0.7138922,0.2872885,0.03008494,0.004803089,0.1143629,3.335957,0.03254826,0.002433977,0.0191583,0.106332,0.07196911,0.3359073,0.03840154,0.08486486,0.004650193,0.09003861,0.0214749
"SA004",0.01304731,2.78664,0.09005613,7.067766,0.07899582,0.0129591,0.0204571,0.4146752,1.026978,0.02617482,0.8748998,0.01228549,0.1924619,0.012085,0.4877306,33.72093,0.04738573,0.415159,0.04226945,0.02458701,0.9013633,0.125822,0.06748196,0.01400962,0.18749,0.007163593,0.04200481,0.7613746,0.02843625,0.03744186,0.2157157,0.1455947,0.3163473,0.01753809,0.09085806,2.134675,0.1803875,2.606787,5.252114,0.4982336,4.684723,0.3594904,6.247725,0.2147522,0.03113873,0.3349748,0.2092924,0.2622294,0.7943475,1.55979,1.797113,0.01749277,0.0427506,0.09071834,14.99839,0.09414595,4.198694,2.404453,0.02054531,0.3285485,0.002818765,0.07295108,0.0244186,7.682261,3.078899,0.009310345,6.444706,3.932127,0.05526063,0.2291901,0.03943865,9.231346,0.1013633,0.4871692,0.0840417,1.50842,0.2904571,0.3487849,0.1687249,0.010834,0.09029671,5.396953,0.8760304,0.0005801925,0.4991981,0.005279872,0.03384122,1.24826,0.01603047,0.03377706,0.3238411,0.02758805,8.993684,0.03043304,0.008444266,0.04346431,0.006102646,0.006291901,0.4465261,0.1440959,0.2314527,0.06673617,0.2206402,0.3806873,0.02836955,0.01858861,0.02264635,1.202227,0.01627105,1.758912,0.1449078,0.01401764,0.00071251,0.1691468,0.1201156,0.4982336,0.5822717,0.07583801,0.002219727,1.67648,0.05657578,16.68986,0.6851515,4.003854,0.02781287,0.0140016,0.2050521,0.1613472,1.100525,1.914142,1.727866,0.03173216,0.0481426,0.1315156,0.009550922,0.1466652,0.01862871,0.03720128,0.399636,2.966492,6.432237,0.1514034,0.1918424,0.4778932,0.3815437,0.03971933,0.005813953,0.1977546,1.157264,0.04740176,0.2457097,0.0163352,0.1713713,0.1273456,0.7182037,0.03983962,0.08203689,0.004506014,0.1038492,0.03068966
"SA005",0.01826923,5.112782,0.07018429,14.17293,0.2434586,0.0785016,0.04633013,0.5249199,1.023609,0.05450321,1.040064,0.01165064,0.3396635,0.0159375,0.6542468,25.67308,0.06411859,1.664662,0.07262019,0.1176282,1.143429,0.2943109,0.1092147,0.008461538,0.1674679,0.006748397,0.2955929,0.1974436,0.01522436,0.03540865,0.853985,0.1135338,0.9317293,0.01463141,0.1313301,2.615038,0.2303759,3.330827,22.67669,0.7251128,1.885714,0.3990977,12.63609,0.2252632,0.02542468,0.8556391,0.2491729,0.2308494,1.684211,3.929323,2.782051,0.01935338,0.04539263,0.1619549,24,0.09735577,0.7798496,5.389474,0.02199519,0.1520032,0.00160016,0.1134615,0.01621795,8.300752,1.06797,0.01846154,13.53835,4.693233,0.04241987,0.2602564,0.09527244,12.2406,0.1104167,0.1478365,0.06270833,1.982372,0.130609,0.8724812,0.06338141,0.005288462,0.2112179,5.318109,1.211429,0.0002044071,0.6435096,0.004509615,0.04346955,1.616541,0.01272436,0.04143429,0.8965414,0.05273684,10.79699,0.02423077,0.009326923,0.08389423,0.006387821,0.01010417,0.6778947,0.2506767,0.1669173,0.07005609,0.8003008,0.4201504,0.03947368,0.006403045,0.009238782,0.8592481,0.02207532,2.766917,0.1232372,0.01142628,0.0003014423,0.09905263,0.3690226,0.7251128,0.8699248,0.1512821,0.003953526,1.890226,0.1206731,46.21053,0.9231579,5.972932,0.05473684,0.01240385,0.105609,0.1974359,0.7240602,2.496241,1.956391,0.0246875,0.04639098,0.2262821,0.006501603,0.618797,0.01698718,0.05333333,0.5723308,4.583459,8.822115,0.1383814,1.185564,2.054135,0.6466165,0.03427885,0.008149038,0.1666667,2.902256,0.09310897,0.1976763,0.02508814,0.1543269,0.0766266,0.2422276,0.03315705,0.09615385,0.004469551,0.1336538,0.04677885
"SA006",0.01041146,4.4072,0.04166789,5.885785,0.06374922,0.2320353,0.06813373,0.4440852,0.605959,0.06561352,0.8464364,0.01086701,0.3204996,0.02076414,1.002204,42.11609,0.0862601,0.252514,0.06773696,0.05642175,1.215283,0.1660544,0.08104335,0.01504776,0.2875827,0.01294636,0.1975018,0.5014277,0.1019838,0.01842028,0.06949721,0.1422719,0.5555556,0.01396767,0.1007348,2.44941,0.4183737,3.257604,9.910615,0.4883923,1.952824,0.2636872,5.924271,0.1103786,0.1561352,0.6297952,0.1806331,0.1092579,0.7418994,1.25388,1.625276,0.01005462,0.0513299,0.07721912,15.81626,0.1065393,5.565487,0.7648665,0.01540779,0.2084497,0.001412197,0.05045555,0.02375459,5.528243,2.00869,0.003814107,8.295469,3.858473,0.03742101,0.2094783,0.05918442,11.73929,0.05848641,0.06305658,0.02527553,1.803821,0.09169728,0.233023,0.02484203,0.0173255,0.2849375,4.412932,1.312228,0,0.5828068,0.004124908,0.02077884,0.9389199,0.01499633,0.03082292,0.5342024,0.04311608,1.617629,0.0292579,0.007935342,0.04963262,0.005735489,0.008368846,0.4117939,0.09770329,0.7345748,0.04920647,0.5416511,0.2477964,0.02741155,0.0468773,0.05496694,3.196772,0.02157237,1.156176,0.1019104,0.01167524,0.0006747979,0.1157914,1.853507,0.4883923,0.5299814,0.1045555,0.003705364,1.495965,0.0806025,25.38796,0.6762259,3.55928,0.05776536,0.0116532,0.03341661,0.1484938,0.6913718,2.05959,1.644941,0.01872888,0.02780881,0.1317414,0.007428361,0.1440099,0.01870683,0.04931668,0.5688392,2.250776,8.06025,0.1540779,2.252017,0.4081937,0.2553693,0.02429096,0.005097722,0.221014,0.8198634,0.05825129,0.2311536,0.01859662,0.07310066,0.1102131,0.8839089,0.03324026,0.0770022,0.006130786,0.2575312,0.03277002
"SA007",0.011453782,5.409726849,0.04012605,9.677548301,0.227848101,0.188907563,0.039487395,0.78210084,1.014523651,0.08907563,1.195798319,0.015773109,0.373277311,0.037134454,1.134453782,41.226890756,0.104117647,2.111925383,0.075865546,0.074647059,2.011764706,0.301260504,0.128403361,0.018092437,0.262436975,0.021134454,0.210252101,1.001199201,0.036512605,0.034554622,0.053524317,0.090886076,0.604530313,0.017218487,0.163361345,2.215856096,0.542704863,3.08461026,20.493004664,0.413191206,1.542971352,0.409993338,11.838774151,0.151365756,0.163193277,0.886875416,0.218254497,0.237394958,1.126182545,2.487674883,2.131932773,0.029207195,0.111344538,0.133097935,18.294470353,0.131260504,2.551632245,0.488740839,0.016369748,0.238487395,0.002160504,0.054226891,0.025605042,11.790806129,0.27248501,0.006415966,9.289806795,6.720852765,0.059890756,0.193697479,0.105042017,10.806129247,0.047915966,0.121344538,0.018268908,2.652941176,0.165546218,1.095403065,0.049773109,0.010487395,0.294537815,5.164705882,0.919120586,0,0.505882353,0.004616807,0.027722689,1.832111925,0.031798319,0.037008403,0.694870087,0.074470353,2.00266489,0.032521008,0.009596639,0.058235294,0.006481513,0.013210084,0.645169887,0.092031979,0.269953364,0.068403361,0.687141905,0.345769487,0.029673551,0.021966387,0.026117647,1.849433711,0.02510084,2.595602931,0.080588235,0.01389916,0.001215966,0.1491006,0.835576282,0.413191206,0.426249167,0.218571429,0.004997479,2.00532978,0.092184874,38.90739507,0.798667555,4.358427715,0.091605596,0.014764706,0.174453782,0.264117647,0.568021319,2.266489007,2.73017988,0.033319328,0.067235177,0.162521008,0.008,0.182811459,0.024957983,0.077663866,0.44290473,3.047301799,11.773109244,0.134285714,5.46035976,2.114590273,0.52751499,0.053747899,0.007290756,0.171176471,3.424383744,0.066109244,0.047294118,0.022008403,0.201596639,0.085462185,2.126890756,0.033058824,0.091848739,0.006342017,0.450504202,0.048336134
"SA008",0.01220577,4.202017,0.0493297,3.989222,0.1085809,0.1489478,0.05253313,0.6894778,0.6292663,0.07036633,1.082619,0.01173032,0.2416212,0.02646142,0.3778644,38.23071,0.07210444,0.5043526,0.08963367,0.04922058,1.907249,0.1406859,0.09602494,0.01929072,0.1740452,0.03875292,0.09984412,0.4418958,0.2699143,0.01904131,0.2082355,0.4021003,0.7327622,0.01572097,0.07934528,2.343513,0.2670996,2.626779,18.32251,0.4582009,2.250933,0.3696283,8.492469,0.1665055,0.02493375,1.224679,0.2162498,0.1043648,1.191101,2.42642,1.201091,0.01011745,0.08924396,0.1349592,27.44231,0.1593141,4.354014,5.697112,0.01379579,0.1993765,0.001744349,0.04893998,0.0244661,2.939063,4.276634,0.00826968,13.19746,4.535028,0.03734217,0.1830865,0.09781761,12.0561,0.06264224,0.0817615,0.02066251,2.941543,0.1255651,0.2506563,0.03470772,0.00425643,0.0445908,4.182385,0.5376537,0,0.4381917,0.004282931,0.03890881,1.459168,0.02173811,0.04900234,0.7362167,0.03851043,5.235595,0.05231489,0.008682775,0.04623539,0.006242401,0.008090413,0.5523007,0.102128,0.1804615,0.0668901,0.5395882,0.4594445,0.02445765,0.006017147,0.008215121,0.8506287,0.02143414,3.28451,0.1236165,0.009306313,0.0009820733,0.07909355,0.436645,0.4582009,0.4138455,0.1069369,0.008261886,1.818433,0.1276695,39.09078,0.6379715,6.125466,0.05028327,0.01220577,0.00898675,0.281138,0.8256184,1.977339,1.999447,0.02710055,0.03334255,0.1965705,0.004812938,0.1412187,0.01534684,0.06159782,0.5212104,2.250933,9.282931,0.09212782,0.3891115,0.5413846,0.3226475,0.04010912,0.008534684,0.1241621,1.564184,0.04699143,0.04880748,0.02628995,0.1678878,0.1399065,0.250039,0.02151208,0.1193297,0.003395947,0.03533125,0.03867498
"SA009",0.008795853,3.718837,0.05616427,3.861958,0.1406971,0.1670654,0.07054226,0.8213716,0.6428901,0.0861244,1.158692,0.01025518,0.4307018,0.02531898,1.339713,35.65391,0.1066188,0.343144,0.06600478,0.1011164,2.147528,0.2184211,0.07831738,0.01507177,0.2596491,0.01660287,0.1207337,0.6782087,0.05944179,0.02064593,0.5896814,0.01267313,0.3321791,0.01960925,0.1203349,2.160665,0.3249077,1.359649,11.50046,0.523084,4.409049,0.2820868,2.856648,0.1030586,0.03158692,0.5259695,0.1956371,0.134689,0.7300323,1.493536,1.165869,0.006660896,0.09210526,0.09560249,11.54201,0.1243222,5.695983,2.256464,0.01614833,0.2516746,0.001882775,0.05178628,0.02454545,6.600877,0.07396122,0.0223764,5.409741,3.109418,0.04070973,0.08708134,0.04889155,11.59972,0.04872408,0.04378788,0.02905901,2.438596,0.1023923,0.2117959,0.02299841,0.01637959,0.05885167,3.337321,0.5277008,0.1134769,0.650638,0.006009569,0.03000797,1.151893,0.023126,0.02835726,0.4270545,1.114843,3.020545,0.02832536,0.00854067,0.07557416,0.006023923,0.008668262,0.7705448,0.1455448,0.1932133,0.05845295,0.2872807,0.3028624,0.0145891,0.03617225,0.03507974,2.377655,0.02849282,0.9055863,0.09593301,0.01192185,0.0004114833,0.144506,0.6282318,0.523084,0.6036473,0.09027113,0.004422648,1.313481,0.09202552,21.62973,0.4179363,5.165051,0.05530933,0.01653907,0.07655502,0.3184211,0.9638735,1.904432,1.216528,0.01742424,0.02536934,0.1908293,0.006640351,0.1335411,0.0100319,0.06670654,0.2641967,1.889428,9.712919,0.06345295,0.2496537,0.4257849,0.1734765,0.02444179,0.004368421,0.1104466,0.718144,0.0838118,0.02799043,0.02047049,0.09370016,0.1058214,0.4911483,0.02501595,0.07125997,0.005401116,0.1433812,0.02410686
"SA010",0.011075795,2.919127086,0.023374083,5.824133504,0.092695764,0.009258354,0.028337408,1.251018745,0.945827985,0.083700081,1.04400978,0.011866341,0.261369193,0.013031785,0.143439283,9.030154849,0.08190709,0.214377407,0.044604727,0.0199348,0.913610432,0.055020375,0.07792176,0.006269764,0.065615322,0.008174409,0.087856561,1.133761232,0.025802771,0.021092095,0.047894737,0.047008986,0.491655969,0.015436023,0.018573757,2.254172015,0.322849807,25.738125802,17.368421053,0.505905006,1.197175866,0.366495507,7.019255456,0.117792041,0.045207824,0.720795892,0.212323492,0.12991035,1.319640565,1.811296534,2.557457213,0.015545571,0.071597392,0.089345315,16.598202824,0.217522412,2.691912709,2.255455712,0.01209454,0.243846781,0.00192991,0.025199674,0.029486553,9.648267009,0.027483954,0.059722901,6.754813864,4.44801027,0.076968215,6.61206194,0.200244499,12.023106547,0.02405868,0.142624287,0.031255094,1.334963325,0.066462918,0.068741977,0.070114099,0.016740016,0.04600652,3.69600652,1.916559692,0,0.518989405,0.004486553,0.040749796,1.636713736,0.019176854,0.038598207,0.564569961,0.780359435,4.875481386,0.029046455,0.009250204,0.046666667,0.007143439,0.008370008,0.735815148,0.236585366,0.088112965,0.093643032,0.619383825,0.723620026,0.032682927,0.025721271,0.028410758,2.287548139,0.02002445,0.622464698,0.126405868,0.012453138,0,0.057445443,0.464313222,0.505905006,0.578947368,0.035590872,0.012339038,1.831835687,0.182151589,30.218228498,0.768164313,4.648267009,0.035712452,0.013585982,0.052518337,0.159739201,0.324390244,2.255455712,2.184852375,0.026471068,0.065353017,0.128524857,0.005935615,0.1063543,0.028622657,0.039731051,0.39127086,1.907573813,5.959250204,0.101222494,0.309756098,0.219640565,0.141463415,0.045444173,0.006785656,0.13194784,0.84801027,0.050766096,0.003629177,0.023822331,0.179380603,0.095517522,1.896495518,0.015468623,0.085085575,0.0049674,0.183781581,0.035696822
"SA011",0.01166667,2.187179,0.05371142,2.646394,0.07398808,0.2460648,0.05820988,0.4251543,0.7682351,0.05882716,0.8804012,0.01098765,0.3190586,0.01390432,1.573302,40.20833,0.0775463,0.3842203,0.03608025,0.06513889,1.179784,0.2729938,0.08179012,0.009915123,0.3628086,0.02136574,0.1376543,0.6772139,0.0232716,0.02271605,0.09145264,0.0176803,0.2480994,0.01827932,0.1494599,1.855352,0.1330388,0.5634888,8.209369,0.5586604,3.027532,0.2455311,5.499281,0.09702075,0.1074846,0.2895007,0.1620095,0.1377315,0.6777276,0.7758373,1.814815,0.005956441,0.1171296,0.06646805,10.81775,0.08526235,1.254366,0.4314773,0.0183179,0.1949074,0.001268519,0.02993827,0.01596451,10.65338,0.170639,0.005636574,3.073762,3.47442,0.05498457,0.06385031,0.08225309,10.45819,0.02623457,0.05837191,0.03358796,3.072531,0.1280093,0.2903226,0.02501543,0.02358025,0.05380401,5.533179,0.2314567,0.3720679,0.5277006,0.005076389,0.02506173,1.212246,0.02070988,0.02907407,0.318985,0.01199918,0.8465174,0.0225,0.008904321,0.05941358,0.007428241,0.008958333,0.4981508,0.06725909,0.1930347,0.05977623,0.1609821,0.3577152,0.01446476,0.04715278,0.05551698,3.621327,0.01388889,0.1609821,0.1081019,0.01378858,0.0009683642,0.1542018,0.2843641,0.5586604,0.3063489,0.1087963,0.004908179,1.361208,0.1240741,15.02979,0.4428806,2.733717,0.04909595,0.01498457,0.05733025,0.1741512,0.2963838,1.632422,1.271831,0.01638889,0.01592357,0.2814043,0.01040895,0.09464763,0.01804012,0.04131173,0.2834395,1.320115,6.304012,0.09652778,0.2005342,0.547668,0.1533799,0.03132716,0.00487037,0.1344907,0.6060201,0.06837963,0.1192901,0.02300926,0.1131173,0.08464506,0.3863426,0.01692901,0.07102623,0.005263889,0.2173611,0.03707562
"SA012",0.019885159,3.225734639,0.090194346,3.800089047,0.051658504,0.463869258,0.097438163,0.501943463,0.494100623,0.083789753,1.198763251,0.013047703,0.269787986,0.023798587,0.795053004,66.104240283,0.078250883,0.600400712,0.06844523,0.100795053,1.649293286,0.161572438,0.131360424,0.010017668,0.3454947,0.012570671,0.328621908,1.089937667,0.029832155,0.037685512,4.546972395,0.630231523,0.38935886,0.023286219,0.091077739,2.190560997,0.285618878,1.321237756,7.487756011,0.313112199,1.319011576,0.365650045,11.754229742,0.214492431,0.079902827,0.709260908,0.208036509,0.21475265,0.985307213,0.918076581,2.582155477,0.010819234,0.16934629,0.096760908,14.047195013,0.153798587,0.98675423,1.61286732,0.026042403,0.294257951,0.001649293,0.050671378,0.024779152,7.579029386,1.657390917,0.010768551,3.430543188,3.967052538,0.058365724,0.106095406,0.22040636,10.862644702,0.037137809,0.105388693,0.063939929,4.379858657,0.185865724,0.370102404,0.046766784,0.031095406,0.308303887,8.007067138,0.563446126,0.019443463,0.659982332,0.007372792,0.049893993,2.511130899,0.036634276,0.039213781,0.294746215,0.021939003,3.378227961,0.053268551,0.010070671,0.091961131,0.010388693,0.015053004,0.469501336,0.043788958,0.056878896,0.095759717,0.491985752,0.579808549,0.025901603,0.010318021,0.010079505,0.708593054,0.019867491,3.280276046,0.151060071,0.027826855,0.001329505,0.039559216,0.509349955,0.313112199,0.370102404,0.111219081,0.013427562,1.883348175,0.180830389,15.53873553,0.577359751,4.508014248,0.042586821,0.020918728,0.060185512,0.241784452,0.330810329,1.869991095,1.374666073,0.058295053,0.020992876,0.414134276,0.006621025,0.105721282,0.016855124,0.06475265,0.485752449,2.177203918,9.522968198,0.13524735,0.294523598,0.70358415,0.414292075,0.056660777,0.006022085,0.17385159,2.108192342,0.097261484,1.078621908,0.033560071,0.317844523,0.098763251,0.294964664,0.018162544,0.095053004,0.007782686,0.075936396,0.066775618
"SA013",0.01415713,6.262785,0.143402,22.21348,0.8512982,0.5394355,0.04069413,0.5340198,3.115657,0.07871854,0.8520214,0.01186117,0.3102212,0.02997712,1.884821,78.79481,0.07254767,3.060582,0.1336384,0.07795576,2.663616,0.3566743,0.1530892,0.01825324,0.6083905,0.04146453,0.1051106,1.813008,0.03308924,0.0375286,0.2007606,0.699187,0.6894833,0.02105263,0.2259344,4.125361,0.6147391,7.351167,24.29058,0.8101233,1.670863,0.7450826,11.67322,0.8001574,0.03652174,1.611067,0.4282717,0.2503432,3.582481,4.90952,3.154844,0.1523997,0.1349352,0.1471282,20.24653,0.09168574,5.544191,4.461054,0.03859649,0.2458429,0.00066209,0.02801678,0.03594203,7.539995,4.015211,0.02778032,4.101757,9.236821,0.03383677,0.3845156,0.07215103,28.21925,0.0486804,0.6665904,0.1779558,6.163234,0.2988558,1.799633,0.2268497,0.03941266,0.2739893,6.033562,1.751377,0.018627,0.2863463,0.006182304,0.04176201,3.275636,0.02032037,0.03315027,0.6459481,0.0914503,3.766063,0.02952708,0.009244851,0.07176201,0.005853547,0.01655225,1.054812,0.8371361,0.3684763,0.08916857,1.024915,1.70181,0.05035405,0.008695652,0.01131198,3.181222,0.02019832,5.347495,0.1109077,0.02610984,0.0003839054,0.3897194,0.6829268,0.8101233,0.5142932,0.1368421,0.004767353,3.556255,0.1056445,42.27642,1.073958,8.303173,0.2161028,0.01771167,0.1713196,0.3116705,1.599266,3.690008,2.075007,0.03536232,0.174246,0.6060259,0.0124714,0.263572,0.04231121,0.06229596,0.6915814,6.50931,9.771167,0.09946606,0.4822974,4.22502,0.8733281,0.0468955,0.007582761,0.1204424,7.372148,0.0805492,0.2091533,0.01951182,0.2203661,0.1460717,0.2729977,0.01923722,0.07826087,0.005194508,0.06865751,0.0402746
"SA014",0.01588952,3.071839,0.03745735,3.366785,0.1195937,0.3753859,0.07871649,0.9301381,0.8460409,0.08919578,1.125914,0.01122665,0.3297319,0.02880585,0.5060926,47.69293,0.07524777,1.087505,0.08919578,0.209342,2.198213,0.3756296,0.112104,0.01800162,0.3654752,0.007324939,0.1876523,0.1343777,0.1366369,0.03216084,1.337658,0.1533472,0.2721821,0.01497157,0.2187652,1.56162,0.534084,0.8023498,10.71962,0.3505079,1.06315,0.2783013,10.96928,0.1076612,0.05123477,0.7024844,0.1258108,0.2006499,0.9996328,1.496757,1.661251,0.0167299,0.1312754,0.09288949,12.88704,0.1424045,0.7734671,11.3756,0.02038993,0.2549959,0.001548335,0.02627132,0.03696994,5.761841,0.1879819,0.04341998,3.863664,3.550361,0.05703493,0.160195,0.1216084,9.164117,0.03914703,0.1554021,0.03822096,4.389927,0.1251015,0.5410598,0.05343623,0.05258327,0.2025995,6.116978,1.174764,0.0003624695,0.492039,0.004267262,0.0285134,1.619141,0.02486596,0.03385053,0.3391262,0.01357239,6.479011,0.01870837,0.01061738,0.05543461,0.007128351,0.009780666,0.6069025,0.08805532,0.04654265,0.07310317,0.331416,0.478644,0.01893281,0.002822096,0.002584078,0.1511443,0.01825345,1.795374,0.1137287,0.02709179,0.0005120227,0.07734671,0.4046016,0.3505079,0.3856321,0.1132413,0.01067425,1.444132,0.1454915,21.71093,0.4613878,4.604088,0.03884469,0.01187652,0.08302193,0.2982941,0.8062661,1.402521,1.141231,0.03783103,0.02054828,0.4735175,0.008310317,0.1191409,0.0226645,0.06513404,0.2568841,2.071962,9.171405,0.1160845,0.1832089,1.069759,0.5534206,0.0356052,0.006984565,0.1577579,1.91531,0.05776604,0.1112916,0.0181316,0.1702681,0.1879773,0.3017872,0.02156783,0.08229082,0.003805849,0.2080422,0.06769293
"SA015",0.006437318,2.283310281,0.038338192,4.632319041,0.055820655,0.006174927,0.01430758,0.664285714,0.900414938,0.037966472,0.976676385,0.008600583,0.286078717,0.013739067,0.228279883,15.298833819,0.052623907,0.128515445,0.032150146,0.023002915,0.820699708,0.089868805,0.066355685,0.006673469,0.140816327,0.058972303,0.020860058,0.394421392,0.055867347,0.0178207,0.024665745,0.071242508,0.267750115,0.011887755,0.062529155,1.73582296,0.394997695,7.521899493,13.98109728,0.390387275,1.647072384,0.270746888,7.799677271,0.108010604,0.026880466,0.62033195,0.12494237,0.117857143,0.983171969,1.619409866,2.617346939,0.016309359,0.101457726,0.132895343,15.076071923,0.074562682,1.180267404,1.100161365,0.011720117,0.144169096,0.002048834,0.030634111,0.031362974,9.379898571,0.770746888,0.006333819,4.850161365,2.608344859,0.057776968,0.387973761,0.029832362,9.180497925,0.028534985,0.084985423,0.038848397,1.308309038,0.18425656,0.098409405,0.035451895,0.025830904,0.02074344,5.016034985,0.375633933,0,0.538119534,0.003827259,0.033126822,1.081028124,0.016202624,0.034329446,0.392116183,0.047349009,3.438220378,0.028119534,0.008549563,0.059344023,0.007012391,0.006720845,0.698824343,0.149147072,0.118372522,0.089577259,0.506569848,0.495965883,0.02170355,0.010233236,0.014395044,1.164130936,0.026465015,1.119179345,0.127915452,0.008287172,0,0.13439373,0.109578147,0.390387275,0.534232365,0.077478134,0.005496356,1.366989396,0.102988338,25.149838635,0.564545874,4.027201475,0.069686491,0.010488338,0.086443149,0.13680758,1.003573075,1.819963117,1.403872752,0.019963557,0.039396035,0.091253644,0.010925656,2.786998617,0.013979592,0.032390671,0.293568465,1.88911941,5.347667638,0.083017493,0.149723375,0.153988013,0.080636238,0.033476676,0.006710641,0.102842566,0.336560627,0.071530612,0.021778426,0.021501458,0.16180758,0.068214286,1.008017493,0.01925656,0.081632653,0.00305758,0.083090379,0.044846939
"SA016",0.008086022,2.279842,0.05917563,5.556219,0.03444856,0.007333333,0.03843011,0.5824373,0.570319,0.03979928,0.8982079,0.009562724,0.2148387,0.01658065,0.2264516,24.65233,0.04088172,0.1456566,0.03274552,0.02399283,0.911828,0.07304659,0.07311828,0.01081004,0.1779211,0.01429391,0.001802867,0.06976939,0.04857348,0.03368459,2.018162,0.2376628,0.3944318,0.01194265,0.02832258,1.928546,0.1417135,5.405664,11.63938,0.3896523,1.822201,0.2529573,5.486916,0.1444617,0.02833692,0.5117696,0.1536623,0.242724,0.8315211,1.432668,1.86595,0.01399211,0.1174194,0.06931533,13.25128,0.1053763,2.14482,15.05556,0.01039427,0.2270251,0.0277491,0.01934767,0.02891756,4.386426,0.7317481,0.02719713,4.392401,2.916716,0.05841577,0.1827957,0.0695914,10.17326,0.02514695,0.137491,0.05473118,1.721864,0.13319,0.08667702,0.05141935,0.007075269,0,3.888889,0.8813478,0,0.7098208,0.003478136,0.02843728,1.323934,0.01578495,0.02903943,0.3425738,0.02227267,6.571872,0.03365591,0.008401434,0.05076703,0.005159857,0.01401434,0.3272792,0.2049229,0.1065002,0.06407885,0.1799498,0.4744892,0.02050424,0.02090323,0.02448029,2.380213,0.01713262,3.152109,0.07562724,0.02126165,0.0004304659,0.06736767,0.2684909,0.3896523,0.4349385,0.09039427,0.009519713,1.233122,0.1151254,21.77082,0.5051978,3.167642,0.08293703,0.01014337,0.2244444,0.1357706,0.5494085,1.786354,1.182459,0.01641577,0.03738798,0.0981362,0.007827957,0.1026646,0.01620072,0.03514695,0.2340781,1.616681,5.421505,0.1032975,0.2416059,0.209344,0.07263711,0.03645161,0.006126882,0.1278853,0.5178635,0.05591398,0.3245161,0.02230824,0.1549821,0.0888172,1.63871,0.02154839,0.07541219,0.003253047,0.05139068,0.03873835
"SA017",0.009073795,2.524123921,0.077786145,2.995175216,0.089474352,0.009932229,0.073268072,0.546912651,0.595352971,0.062748494,1.152861446,0.010625,0.242093373,0.021317771,0.245707831,16.076807229,0.072959337,0.274250889,0.034600904,0.049578313,0.804216867,0.072853916,0.06250753,0.007149096,0.08185241,0.006113705,0.148569277,0.094845099,0.028170181,0.026152108,3.471305231,0.508125952,0.219019807,0.014051205,0.025143072,2.012442864,0.818816658,1.293803961,17.737430168,0.444261046,7.084814627,0.287328593,5.746571864,0.122270188,0.07996988,0.62150838,0.18067547,0.182078313,1.443626206,0.658963941,1.925451807,0.015959878,0.138855422,0.080599289,15.286947689,0.398042169,4.787963433,8.693499238,0.01872741,0.145331325,0.001729669,0.02560994,0.026754518,4.308024378,3.76460132,0.011009036,4.498476384,3.153885221,0.054149096,0.138930723,0.3625,10.785931945,0.027959337,0.121987952,0.044427711,1.426957831,0.261972892,0.12849162,0.049894578,0.182454819,0.173042169,5.238704819,0.999619096,0,0.792168675,0.00442244,0.042228916,1.590909091,0.017537651,0.034103916,0.460132047,0.05123159,3.13737938,0.025730422,0.00938253,0.074759036,0.007082831,0.016506024,0.703148807,0.126815642,0.181564246,0.069706325,0.972574911,0.733113255,0.016493144,0.01122741,0.013381024,1.269680041,0.018712349,8.007872016,0.122213855,0.019329819,0.000326506,0.054050279,1.262569832,0.444261046,0.510665312,0.09811747,0.013802711,1.529964449,0.276506024,29.113763332,0.502158456,3.881411884,0.056411884,0.012996988,0.128087349,0.116490964,0.441848654,1.786439817,1.810563738,0.020587349,0.029316912,0.136144578,0.003710843,0.628364652,0.024156627,0.044322289,0.653885221,1.419502285,6.782379518,0.082003012,0.221813103,0.327958354,0.164169629,0.04439759,0.006216114,0.117695783,0.915185373,0.082831325,0.062582831,0.049608434,0.154442771,0.09939759,0.672364458,0.017296687,0.082304217,0.017206325,0.085918675,0.037093373
"SA018",0.01097009,5.892351,0.0538512,12.21907,0.2549575,0.4646244,0.05669584,0.7840992,1.560772,0.1200584,1.436907,0.01005106,0.3288111,0.03851204,1.815463,50.23341,0.1146608,9.148793,0.08001459,0.1078775,2.269147,0.4744712,0.1272064,0.008482859,0.3214442,0.04926331,0.08154632,0.9128558,0.02784099,0.02328228,0.218535,0.6364495,0.2515851,0.01713348,0.2746171,2.34453,0.3361662,2.623769,21.97491,0.4614866,1.978956,0.3004182,5.077566,0.1906111,0.03419402,0.4548766,0.1730743,0.1479942,1.22528,2.699312,1.750547,0.013908,0.1134209,0.08895184,25.14502,0.3547775,3.439903,1.3908,0.01498906,0.1757841,0.001527352,0.03392414,0.02528811,10.33455,7.98732,0.005202042,4.787535,4.152165,0.03665208,0.124143,0.1299781,11.74288,0.04717724,0.1133479,0.02449307,3.694384,0.201167,3.39134,0.04623632,0.004301969,0.1671772,5.202772,0.9024686,0,0.4001459,0.00431364,0.04162655,1.624174,0.01775346,0.04929978,0.4504249,0.04188588,4.169702,0.03907367,0.007906637,0.06231218,0.007117433,0.01634573,0.5201673,0.1521651,0.4954809,0.06143691,0.7952246,0.4048294,0.02031566,0.04230489,0.0534938,5.302846,0.02160467,3.593687,0.1037199,0.01427425,0.0004318745,0.05445838,1.903413,0.4614866,0.520572,0.08227571,0.01263311,1.572912,0.1641867,34.0348,0.4908944,4.720086,0.04621611,0.01519329,0.08453683,0.3010212,1.594496,2.109807,2.320248,0.025186,0.07009308,0.2309993,0.00531291,0.1980305,0.01816922,0.06603939,0.4686362,5.688655,10.86069,0.1118891,0.2073385,7.184676,1.408337,0.04335522,0.00916849,0.1316557,8.056118,0.07709701,0.1468271,0.02175055,0.1617797,0.1067104,0.1368344,0.02004376,0.1209336,0.0184391,0.2122538,0.03479212
"SA019",0.01384552,8.768979,0.05433032,12.06494,0.3716421,0.03078061,0.02920296,0.9917831,1.152184,0.1222679,2.279376,0.01299918,0.6755136,0.08520953,0.526212,36.68858,0.1331142,1.6363,0.07194741,0.02727198,3.462613,0.2113394,0.08438784,0.01970419,0.2643385,0.01629417,0.07042728,1.162345,0.02506984,0.05575185,0.07043915,0.1374679,0.3119598,0.02294988,0.110189,1.395702,1.028615,0.6952815,70.91801,0.4883205,0.9303901,0.3732773,8.612474,0.1429573,0.1062449,0.5258117,0.1963326,0.3874281,1.873394,3.015651,2.622021,0.03524877,0.1760066,0.08140621,5.450829,0.7556286,1.132095,1.959822,0.04469187,0.2186524,0.001899753,0.03069022,0.02189811,8.044849,0.7351086,0.01158587,1.946975,4.433544,0.05745275,0.6676253,0.1797042,6.463443,0.04810189,0.1370583,0.09769926,3.543961,0.1605588,0.7733006,0.06976993,0.0874281,0.08644207,5.652424,1.183135,0,0.6665571,0.00651438,0.040682,1.43074,0.01977814,0.01758422,0.3878767,0.04268862,8.90563,0.01299096,0.01070666,0.06041906,0.00762613,0.02120789,0.6139921,0.2780892,0.2339407,0.07836483,0.7500584,0.3173324,0.01629292,0.0173788,0.01980279,1.428405,0.02801972,1.971502,0.1298274,0.01877568,0.0007968776,0.1500818,0.2203924,0.4883205,0.6663163,0.1221035,0.007026294,1.827844,0.1253903,46.04064,0.4326092,3.978043,0.04746555,0.01782251,0.3461791,0.41553,0.9514132,1.809157,2.151367,0.03275267,0.07310208,0.2248151,0.02123254,0.1271899,0.05920296,0.1108463,0.5864284,4.229152,16.894,0.152917,0.2602196,1.387526,0.5454333,0.06646672,0.003667214,0.1802794,4.157907,0.06443714,0.132539,0.01036976,0.2411668,0.06940016,1.976993,0.02539852,0.0433032,0.01497946,0.3219392,0.06508628
"SA020",0.014417435,3.42923385,0.05533948,6.965960586,0.169880915,0.160435876,0.110393965,0.930427494,0.784803457,0.125733445,1.74853311,0.011282481,0.317602682,0.030360436,0.290947192,22.908633697,0.102849958,1.075982717,0.044048617,0.047627829,1.694048617,0.051441744,0.082849958,0.008994132,0.149538977,0.005767812,0.227493713,0.084550532,0.027904443,0.024165968,8.492991885,0.044873011,0.179470966,0.017275775,0.020536463,1.776794183,0.58193698,0.628201075,20.486879545,0.409842976,2.458636316,0.22468121,10.465802508,0.153546211,0.116512992,0.357571925,0.127832227,0.145683152,1.368953525,1.798925071,2.193629505,0.024365054,0.205280805,0.07979766,8.350721889,0.219614417,1.200337233,7.272631468,0.033428332,0.172506287,0.002784577,0.022196144,0.029421626,8.350721889,1.440615449,0.012984074,1.433238487,3.461903256,0.058432523,0.12699078,0.127158424,8.600484772,0.047485331,0.129589271,0.050813076,2.637887678,0.39488684,0.291284645,0.06161777,0.005010897,0.186588433,5.85582565,0.781747286,0.001284996,0.498994132,0.005324392,0.045088013,2.09821899,0.016881811,0.028541492,0.246390557,0.041764148,5.880493203,0.019195306,0.010662196,0.116345348,0.007233864,0.018424141,0.661924333,0.054241754,0.079555275,0.097485331,0.314890926,0.606070187,0.014890926,0.014015088,0.016152557,0.777531879,0.021123219,0.918537254,0.136211232,0.020385583,0.001201174,0.100168616,0.39793445,0.409842976,0.277689957,0.003185247,0.009815591,1.242491306,0.149790444,24.154283908,0.459163242,3.914005691,0.033912952,0.014518022,0.05417435,0.238222967,0.293708505,1.731478554,1.336284118,0.028650461,0.028053536,0.210310142,0.009304275,0.114237538,0.056010059,0.056437552,0.424702287,3.355464222,9.170159262,0.114333613,0.225840447,0.647486563,0.654758141,0.054534786,0.005115675,0.134199497,4.096322057,0.116596815,0.277787091,0.019765298,0.228583403,0.102011735,0.784828164,0.023252305,0.066999162,0.007181894,0.12590109,0.079237217
"SA021",0.01173702,5.223194,0.2143945,20.79408,0.581651,0.1873356,0.01721107,0.4847059,1.645357,0.0733564,1.460208,0.007778547,0.3520415,0.0373564,1.108651,35.07266,0.08041522,7.568416,0.0700346,0.02936332,2.146021,0.1809689,0.09536332,0.01029758,0.2621453,0.002745329,0.0302699,0.2374383,0.02681661,0.0215917,0.06745177,0.04675864,0.1850606,0.01202768,0.1092042,2.262225,0.1592642,0.9903544,13.68327,0.4728578,1.739569,0.1794527,7.510094,0.147039,0.02685121,0.14917,0.09918125,0.1428374,0.9717362,3.667564,1.561246,0.01459174,0.07965398,0.07113055,10.33423,0.1236678,0.1906685,7.753477,0.01761246,0.1510727,0.002250519,0.02486505,0.01065052,12.80843,0.5339838,0.02381315,1.218035,3.042844,0.0396263,0.1572318,0.08961938,11.33917,0.01946713,0.09681661,0.04129412,3.039446,0.1052595,3.353522,0.04055363,0.008816609,0.01827682,5.061592,0.705249,0,0.4280277,0.00347128,0.02755709,0.7851054,0.01568858,0.03103114,0.2611036,0.04526694,7.997981,0.01286505,0.008013841,0.05329412,0.004280969,0.01144637,0.3546433,0.0843764,0.09419022,0.0649481,0.2480933,0.3540825,0.02060341,0.002214533,0.003361938,0.4021983,0.009141869,0.5308434,0.07612457,0.01791695,0.0009619377,0.06716016,0.0634926,0.4728578,0.4029834,0.08394464,0.003687197,1.027254,0.09972318,19.07806,0.4333782,3.402871,0.08890758,0.01132872,0.06802076,0.2827682,0.5900628,1.889861,1.117766,0.01152941,0.07748991,0.3153633,0.005456055,0.1219157,0.01459516,0.05678893,0.2209511,8.110139,9.058824,0.07709343,0.2129879,6.218035,1.01817,0.02285121,0.006920415,0.09384083,19.11171,0.05179931,0.09896194,0.006897578,0.09155709,0.09474048,0.7190311,0.02041522,0.07570934,0.003490657,0.04584083,0.04149481
"SA022",0.01421254,4.859692,0.08287462,14.44459,0.4456227,0.3962538,0.05716361,1.57263,1.617742,0.1337156,1.451835,0.01246177,0.2097859,0.03267584,0.52263,42.79052,0.08646789,13.75921,0.1070336,0.1384557,1.714067,0.4821865,0.1442661,0.01187309,0.1689602,0.00866208,0.1186544,0.5552826,0.1479358,0.02842508,0.1064917,0.5095047,0.8246476,0.01760703,0.2098624,2.239752,0.3648002,6.491659,29.4711,0.5054959,3.306608,0.3391957,3.49153,0.2184146,0.07851682,0.8501229,0.1834993,0.1844037,1.113281,6.079141,2.051223,0.018337,0.09525994,0.09124531,20.28967,0.09602446,8.449502,0.7285659,0.02070336,0.1993884,0.002299694,0.01316514,0.02224771,10.14483,11.62421,0.03811162,5.5955,6.112763,0.02503058,0.1949541,0.1025229,12.36907,0.02925076,0.1788226,0.06430428,5.277523,0.1675841,3.759214,0.06537462,0.005252294,0.200841,4.03211,1.21557,0.0007077982,0.3161315,0.005464067,0.04012232,1.606104,0.02630734,0.0428211,0.490366,0.02544937,0.9489202,0.05791284,0.008723242,0.06032875,0.006269113,0.01061927,0.562007,0.3960947,0.1059227,0.06451835,0.306608,0.36105,0.02017328,0.005165902,0.007767584,0.8395189,0.01881498,6.059744,0.07438838,0.01456422,0.0006418196,0.1695332,0.5554119,0.5054959,0.4103194,0.0683945,0.00346789,1.663003,0.09495413,28.15208,0.5207552,4.162679,0.04166559,0.01457187,0.108104,0.1957951,0.9972844,1.788439,2.297944,0.02391437,0.0695849,0.6602446,0.01373853,2.034139,0.01693425,0.05623089,0.2466055,5.711884,9.495413,0.1215596,0.3141084,10.33493,2.407862,0.04768349,0.00851682,0.1594037,11.97207,0.05850917,0.06413609,0.005870031,0.1746942,0.1201835,0.4275994,0.02373089,0.104052,0.001855505,0.2599388,0.02436544
"SA024",0.01097273,4.464351,0.03944731,7.35649,0.1344302,0.5672071,0.04745026,0.525129,1.060329,0.1235814,1.481945,0.008282977,0.4352248,0.03287399,2.018423,69.01253,0.1006632,0.8731261,0.07472366,0.03845247,3.733972,0.3316139,0.09579956,0.01502579,0.6693441,0.06881356,0.05381724,0.05163924,0.1214444,0.02840825,0.03695308,0.9842779,0.1446679,0.01306559,0.2045689,2.020719,0.1243144,2.493601,18.19622,0.5354052,1.234613,0.2294942,3.343083,0.07463742,0.06364038,0.6093845,0.1282145,0.1941046,1.213406,1.143937,2.186441,0.0148568,0.08975682,0.08351005,9.918342,0.1410464,1.115296,1.73309,0.02636699,0.2044215,0.001964628,0.01879145,0.03781135,9.031079,3.367459,0.003778187,3.054235,3.467398,0.04,0.2569639,0.09948416,12.94333,0.03008106,0.08194547,0.03478261,4.378777,0.1649963,0.6271785,0.0296168,0.01114959,0.06190125,5.594694,0.5759902,0.0009307296,0.2588062,0.004205601,0.02490052,1.036441,0.01281503,0.0275829,0.3997562,0.03176112,1.94028,0.01445836,0.00889462,0.07168018,0.00717465,0.01826087,0.3209019,0.3391834,0.3833029,0.0779661,0.3478367,0.6034126,0.02238879,0.01922623,0.02774503,2.291286,0.01927045,1.586837,0.08747237,0.01092852,0.0006635962,0.2721511,0.09596587,0.5354052,0.5573431,0.0333972,0.002943257,1.045338,0.1119381,18.50091,0.5189519,3.647776,0.0286167,0.01280029,0.1324982,0.3546794,0.3446679,1.939062,1.717246,0.01649226,0.06876295,0.2741341,0.01037583,0.1485679,0.03226971,0.07014738,0.3540524,2.176722,11.40015,0.1110538,2.185253,1.216941,0.352468,0.03352985,0.005179071,0.1216654,1.636807,0.07774503,0.0007936625,0.01627856,0.1201916,0.1831982,1.697863,0.02092115,0.06582167,0.005187178,0.05526161,0.02627119
"SA025",0.002290083,2.629102594,0.046728452,8.901767271,0.103098462,0.459406858,0.105931418,0.623725672,0.529607528,0.069249305,0.798517146,0.014096386,0.160055607,0.009053753,0.570528267,74.457831325,0.070917516,0.724581134,0.108248378,0.112048193,1.467099166,0.222706209,0.033373494,0.021436515,0.334847081,0.029277108,0.238276182,0.915652972,0.037451344,0.003064875,0.325912325,0.153775534,0.2145972,0.020500463,0.155143652,2.143676842,0.286206105,1.851044297,14.367684186,0.464195547,1.51021345,0.315813633,6.87284829,0.127266468,0.098702502,0.696809731,0.18774386,0.294902688,1.04773927,1.34496213,1.983317887,0.01781042,0.079694161,0.085678219,14.666054625,0.135310473,0.511705302,1.196924489,0.022057461,0.226413346,0.001341983,0.033438369,0.020074143,2.229745238,0.175464769,0.010759963,3.458801928,3.594216204,0.037849861,0.087516219,0.038943466,13.116823502,0.050973123,0.028100093,0.008850788,5.252085264,0.151251158,0.447096626,0.041733086,0.013744208,0.165060241,7.172381835,1.008147808,0.00163392,0.299814643,0.005653383,0.04068582,1.281845306,0.017859129,0.048461538,0.343929309,0.028792747,2.521230204,0.01416126,0.006261353,0.085681186,0.008038925,0.017924004,0.441129217,0.079653431,0.093206335,0.125115848,0.382717466,0.721367914,0.025774616,0.008032437,0.006765524,0.872963048,0.025310473,2.732384668,0.115013902,0.017164041,0.00131418,0.165595593,0.194399816,0.464195547,0.439637365,0.144114921,0,1.657103512,0.182947173,16.949736057,0.019267845,3.821436768,0.053982098,0.020481928,0.414828545,0.027414272,0.430227221,1.793665366,1.488409456,0.026024096,0.04204728,0.493975904,0.012548656,0.132201056,0.064884152,0.030120482,0.470162956,2.655496902,8.201112141,0.145968489,0.329814092,0.676612348,0.360683957,0.030463392,0.018164968,0.178683967,1.83153546,0.08734013,0.067034291,0.019759036,0.107414272,0.108897127,0.420389249,0.075217794,0.212696942,0.003483781,0.070695088,0.066172382
"SA026",0.009416737,4.659668,0.03724429,19.71216,0.5943109,0.03214708,0.1109045,0.03038039,3.100576,0.06707523,0.9661877,0.01400676,0.1066779,0.01663567,0.2147084,30.52409,0.0483601,2.437521,0.05806424,0.1404057,0.2874049,0.1279797,0.09856298,0.004903635,0.08546069,0.00823246,0.2825866,5.523197,0.02669484,0.01544379,8.167965,0.1638334,1.125974,0.01676247,0.03989011,7.470369,0.6640704,9.224517,64.67999,0.9048425,2.209956,0.7362005,16.70843,0.7426346,0.317836,2.914324,0.4026414,0.1049028,4.402303,3.50491,2.351648,0.08594649,0.1774303,0.2856417,22.02506,0.3639053,2.487301,3.758889,0.02155537,0.1251902,0.0029459,0.01751479,0.01771767,2.456485,3.951913,0.007940828,5.320014,12.82763,0.05543533,0.2100592,0.1200338,55.26583,0.04724429,0.09070161,0.03092139,1.762468,0.108284,0.5106671,0.03478445,0.002324598,0.04011834,4.224007,2.342702,0.02995773,0.5634827,0.004450549,0.04494505,3.718253,0.02042265,0.04614539,1.196749,0.05191331,11.77447,0.02,0.008622147,0.08440406,0.006892646,0.01480135,1.093464,0.2705723,0.2268202,0.08782756,2.501863,1.894345,0.0628852,0.003354184,0.002554522,0.9695225,0.02140321,4.229597,0.1032122,0.0132967,0.0008062553,0.2769726,2.820183,0.9048425,1.118862,0.0443787,0.001118343,4.063664,0.2072697,68.37115,1.582459,10.09821,0.2140874,0.01579882,0.04099746,0.03480135,1.458178,6.430748,7.284118,0.03748943,0.1079241,0.3691462,0.01007608,0.8042668,0.03256974,0.009442096,1.997291,4.886556,9.129332,0.1160609,1.0447,1.686082,1.506942,0.04664413,0.005318681,0.1258664,3.555706,0.08901099,0.02523246,0.02732037,0.1539307,0.1221471,1.42519,0.02078614,0.1153001,0.007922232,0.07187658,0.07545224
"SA027",0.01196982,2.193336,0.04185068,9.357989,0.1315757,0.01608419,0.05708499,1.291501,1.681924,0.05448769,0.841938,0.01243844,0.19166,0.02227959,0.6274027,24.9166,0.05454329,2.012694,0.04555203,0.04655282,1.142971,0.1693407,0.04169976,0.005189833,0.1748213,0.004577442,0.1629865,0.4434273,0.02311358,0.02041303,0.2902478,0.05564506,0.3498108,0.01881652,0.05848292,2.121323,0.398755,3.487123,14.71988,0.4483095,2.207982,0.2901257,4.442817,0.1000732,0.05025417,0.7358721,0.1697791,0.1446386,0.870011,4.048578,1.811755,0.009458074,0.1311358,0.08573172,15.90382,0.2341541,1.690467,5.501037,0.009714059,0.1765687,0.001521048,0.01208896,0.01714059,10.35152,0.3600635,0.009308975,3.853289,2.954962,0.06163622,0.1402701,0.06487689,12.65715,0.02482923,0.06814932,0.01754567,2.216839,0.1657665,0.5602343,0.03368546,0.005126291,0.1121525,4.449563,0.991212,0,0.4971406,0.005111199,0.03860207,1.101916,0.02064337,0.04521843,0.372147,0.05416819,7.46613,0.02681493,0.00816521,0.07827641,0.00758618,0.008880064,0.3961919,0.1319419,0.2074942,0.07617156,0.4395215,0.4291468,0.01713658,0.01154885,0.01146942,1.32064,0.02493249,1.25595,0.0949166,0.01349484,0.0007440826,0.1186257,0.6772855,0.4483095,0.577078,0.2189039,0.002065925,1.393873,0.1620334,19.15049,0.4850482,4.038814,0.07976321,0.01578237,0.07617951,0.04816521,0.4799219,1.692909,1.609911,0.04487689,0.05178811,0.2398729,0.009888801,3.363847,0.01262113,0.007399523,0.4767484,3.307702,6.341541,0.08141382,0.2666911,1.548883,0.4451361,0.02990469,0.01063542,0.09444003,2.629074,0.08681493,0.146386,0.02180302,0.1150119,0.09451946,1.428912,0.03143765,0.1501986,0.005397935,0.15417,0.04406672
"SA028",0.009454277,3.351758,0.04988201,10.29019,0.1417319,0.00475,0.03067847,0.9144543,0.6611393,0.04638643,1.021386,0.009778761,0.2318584,0.0259587,0.2566372,12.78761,0.06074484,0.7345309,0.03699853,0.07353982,0.8171091,0.1134956,0.05789086,0.004825959,0.09056047,0.008657817,0.0239528,0.2714571,0.02595133,0.01522861,0.3852295,0.1156303,0.9519423,0.01808997,0.03773599,2.749885,0.1495624,6.569937,27.19177,0.626593,0.394749,0.3488408,1.84554,0.1481959,0.05509587,1.068018,0.2195609,0.09483776,0.8849992,3.30109,2.283186,0.01392599,0.09660767,0.1073852,36.68049,0.09911504,0.2740673,2.643943,0.0145354,0.1390855,0.001692478,0.01370206,0.02260324,6.709658,0.1799478,0.01883481,10.71549,3.16444,0.02814897,1.421091,0.04730088,15.86059,0.04163717,0.08178466,0.03066372,1.028024,0.09941003,0.3196684,0.0464233,0.002230088,0.03570796,5.10177,0.4322125,0,0.3575221,0.005190265,0.03865044,0.6592968,0.01500737,0.06222714,0.6236757,0.03645018,4.481806,0.02914454,0.006713127,0.09646018,0.005485251,0.009240413,0.449716,0.1168279,0.06688162,0.05278024,0.4581606,0.3723323,0.02359896,0.007000737,0.007165192,1.115461,0.01765487,0.4836481,0.07920354,0.01188053,0.0008348083,0.1811761,0.6832489,0.626593,0.7647781,0.1553097,0.001882006,1.62905,0.1310472,37.38676,0.5565791,4.12406,0.06990634,0.01511799,0.03007375,0.02115044,2.521112,2.095808,1.526485,0.02140855,0.0693536,0.1705015,0.01039086,0.1675111,0.01665192,0.03313422,0.8051589,3.542146,7.485251,0.1100295,0.2865039,0.9238446,0.6038692,0.02275811,0.01283923,0.1387906,1.672041,0.09756637,0.2661504,0.01582596,0.08429204,0.09764012,0.8421829,0.03370207,0.2485988,0.001855457,0.01261799,0.02518437
"SA029",0.01425795,8.185787,0.05431979,11.53772,0.5173417,0.5084806,0.1003534,0.8975265,2.209556,0.145053,1.798587,0.01186396,0.4386926,0.05900177,1.628975,68.21555,0.109364,2.354354,0.105212,0.3116608,2.777385,0.6331272,0.1028269,0.01339223,0.5765018,0.0169788,0.1025618,0.8345865,0.02817138,0.02387809,1.579918,0.04491875,0.3606597,0.02051237,0.3079505,4.550085,0.5255882,2.961436,28.54717,0.8855203,5.07155,0.5059423,12.79651,0.1611448,0.09416961,1.300024,0.2733447,0.1556537,1.803299,3.613873,2.045936,0.03189425,0.1154594,0.1756245,16.52923,0.1426678,4.077128,2.002425,0.03753534,0.2928445,0.001745583,0.01318905,0.02131625,12.92991,0.2325491,0.04615724,5.078826,7.300509,0.02641343,0.5278269,0.05308304,27.91657,0.07877208,0.09478799,0.03940813,4.147527,0.1448763,1.314577,0.04041519,0.06189929,0.09010601,5.375442,0.8804269,0.06333922,0.3517668,0.006402827,0.04737633,3.543536,0.01790636,0.02976148,0.7028862,0.05544506,6.444337,0.01720848,0.009275618,0.09487633,0.007686396,0.009681979,0.8799418,0.2988115,0.5292263,0.07353357,0.9044385,0.7361145,0.02561242,0.0169523,0.01370141,2.272617,0.01382509,1.728353,0.09699647,0.01215548,0.0007859541,0.2830463,0.1845501,0.8855203,0.5942275,0.05310071,0.001345406,2.427844,0.1340989,34.41669,0.8821247,6.563182,0.1102838,0.01719965,0.06535336,0.07451413,1.925055,3.492602,4.683483,0.04894876,0.06657773,0.3805654,0.01391343,0.2558816,0.03629859,0.009478799,0.6796022,4.736842,15.16784,0.1605124,0.3815183,2.832889,1.245937,0.0469258,0.007085689,0.2081272,3.373757,0.1013251,0.3113074,0.01431095,0.1818905,0.2062721,0.5240283,0.04189046,0.08446113,0.003206714,0.03687279,0.07808304
"SA030",0.016,21.45953,0.08943636,20.19204,0.770096,0.05707273,0.09327273,2.637273,2.285048,0.3908182,3.219091,0.008223636,0.7349091,0.1068182,0.3349091,35.33636,0.4059091,2.973937,0.097,0.08575455,5.238182,0.1908182,0.07314545,0.01554545,0.2140909,0.005449091,0.1889091,0.07747599,0.02220909,0.02506364,0.5133059,0.5300412,0.3283951,0.02356364,0.06599091,4.315501,0.2555007,0.3004115,259.0398,1.187929,9.914952,0.7404664,6.378601,0.1358573,0.05956364,0.6855967,0.3903978,0.1608182,6.148148,17.70919,1.943636,0.05253772,0.1396364,0.175144,6.414266,1.899091,3.547325,3.890261,0.03252727,0.1796364,0.002958182,0.01933636,0.01481818,23.48422,9.069959,0.006761818,3.163237,5.03155,0.06439091,0.04871818,0.04648182,20.83676,0.116,0.1242727,0.03082727,4.435455,0.608,0.9635117,0.05861818,0.04578182,0.1383636,5.815455,0.7956104,0,0.5238182,0.006568182,0.0489,2.478738,0.01517273,0.009088182,0.9116598,0.0757476,9.058985,0.004279091,0.008940909,0.08969091,0.008569091,0.02108182,0.7292181,0.2271331,0.4801097,0.09481818,2.178052,0.2089986,0.05017833,0.01617273,0.01448182,2.699314,0.01728182,3.478738,0.1336364,0.02011818,1.552727,0.376406,0.09750343,1.187929,1.262277,1.016364,0.002435455,3.851852,0.1656364,128.4225,1.248834,11.37997,0.1821674,0.01907273,0.0482,0.145,1.771468,4.91358,5.75583,0.03663636,0.1020302,0.5486364,0.02044545,0.2574486,0.03415455,0.1165455,4.943759,9.160494,30.7,0.1173636,0.6241427,2.400823,1.309191,0.03476364,0.001218182,0.156,9.989026,0.09981818,0.3540909,0.01906364,0.1142727,0.1330909,0.2395455,0.04013636,0.02869091,0.008791818,0.1389091,0.04347273
"SA031",0.01027096,2.564075,0.03816257,5.205362,0.1080965,0.04845893,0.04723963,1.188823,1.615013,0.06832345,0.9703641,0.01481795,0.1773074,0.02282811,2.534293,42.99746,0.0554276,1.039893,0.1221846,0.09974598,1.780694,0.5342083,0.1022015,0.01093141,0.211685,0.01707875,0.07204911,0.2327078,0.03098222,0.02382727,0.03423056,0.1735121,0.1551743,0.01514818,0.2154107,1.897051,0.4334584,2.739946,21.35121,0.3845576,0.9684718,0.2639142,4.012869,0.1400536,0.07684166,0.6398928,0.110134,0.1627434,0.9914209,3.115282,2.010161,0.01380161,0.1172735,0.07895979,14.29491,1.082134,0.4644504,1.087399,0.02962743,0.1245555,0.001673158,0.005263336,0.01921253,2.616622,0.6334584,0.04385267,3.563539,4.549062,0.07969517,0.1899238,0.050779,11.60322,0.02523285,0.05623201,0.03216765,3.392887,0.1292972,0.5295442,0.02580864,0.1514818,0.142591,5.691787,0.6935121,0.001156647,0.4130398,0.004221846,0.03377646,1.235389,0.01374259,0.04517358,0.3891689,0.02106166,2.899732,0.03485182,0.00954276,0.05461473,0.005353091,0.007281118,0.6120107,0.1682574,0.24,0.07640135,0.3320107,0.4159786,0.0235067,0.008014395,0.007970364,0.5853083,0.01490262,1.136729,0.0911939,0.008298899,0.00103895,0.1841287,0.3966756,0.3845576,0.4421448,0.1419983,0.002074513,1.293298,0.1552921,21.6622,0.5779088,3.062735,0.05654692,0.01259949,0.1027096,0.0554276,2.56622,1.814477,2.156568,0.03315834,0.05580697,0.3750212,0.01518205,0.1443432,0.03680779,0.02287892,0.4425737,1.823056,9.102456,0.1387807,0.4613405,1.391957,0.2531903,0.05240474,0.008327688,0.1596105,2.23378,0.05234547,0.01494496,0.005104996,0.1580864,0.1137172,0.7904318,0.04497883,0.141829,0.0009652837,0.2110076,0.04143946
"SA032",0.01303419,8.481797,0.04897436,12.26698,0.373354,0.03768376,0.04444444,1.739316,3.157759,0.07474359,1.328205,0.01388034,0.1961538,0.03815385,3.466667,39.03419,0.0685641,2.454944,0.1178632,0.1303419,1.71453,0.5905983,0.09076923,0.0104359,0.2230769,0.01882906,0.06866667,0.5163956,0.04350427,0.0245812,0.1493416,0.6581461,0.436096,0.01524786,0.207265,4.221534,1.043377,3.983992,45.08133,1.18332,2.744642,0.5843016,6.937774,0.3374645,0.1130769,2.379293,0.2548412,0.1626496,2.138652,4.144074,2.017949,0.02889233,0.1105128,0.2410018,30.13168,0.1035043,1.597211,3.963336,0.0244188,0.1144444,0.00274188,0.01638462,0.01522222,9.919959,2.437645,0.02647863,11.47689,10.24271,0.06168376,0.115641,0.06000855,25.77588,0.01878632,0.08167521,0.02545299,3.331624,0.1283761,1.193907,0.03538462,0.08417949,0.1205983,5.532479,1.552285,0,0.4235043,0.003976068,0.03411111,2.343661,0.01576068,0.02335043,1.041312,0.0375936,10.50865,0.02935043,0.009076923,0.05899145,0.006017949,0.008423077,1.689904,0.2672347,0.3560547,0.07494017,0.6855151,0.8843274,0.04848954,0.00625641,0.005519658,1.043377,0.01015385,1.589207,0.08476923,0.00828547,0.0005396581,0.5081332,0.906016,1.18332,1.40408,0.1135043,0.001571795,2.935709,0.1528205,55.28014,1.213271,7.041053,0.146424,0.01335897,0.08104274,0.03732479,6.248386,3.557965,5.10457,0.03307692,0.08931061,0.4397436,0.01437607,0.3273948,0.03198291,0.05286325,0.747999,4.113091,11.78632,0.1268376,0.5262071,3.201652,0.9610121,0.04895726,0.008476923,0.1629915,3.922024,0.05709402,0.01229915,0.003923932,0.1529915,0.1074359,0.8280342,0.04496581,0.1421368,0.001094017,0.1951282,0.03707692
"SA033",0.0118956,5.123714,0.06089744,8.865776,0.2072476,0.2299451,0.05115385,1.085165,1.399168,0.107967,1.126374,0.01229853,0.1803114,0.026163,1.257326,42.92125,0.06870879,0.3015108,0.09304029,0.0281685,1.852564,0.1232601,0.1034799,0.01345238,0.2284799,0.01257326,0.07561355,0.2162251,0.03289377,0.01932234,0.4225969,4.120867,0.2423911,0.0152381,0.0497619,3.41143,2.032844,10.7598,27.41406,0.8745347,1.797022,0.4604773,11.75389,0.1544121,0.03054945,1.114298,0.2237793,0.1225275,1.629516,2.581563,2.092491,0.02616597,0.1735348,0.08040289,17.73155,0.1567766,1.933217,5.533173,0.02509158,0.2152015,0.002574176,0.009441392,0.02661172,2.003722,1.288592,0.009826007,5.26166,6.584191,0.07767399,0.2012821,0.09551282,20.86271,0.02820513,0.1096154,0.02862637,3.96337,0.1574176,0.1744252,0.05047619,0.007577839,0.09395604,5.248168,1.525509,0.000499359,0.6622711,0.0041337,0.03061355,2.958178,0.01869048,0.02855311,0.6899496,0.01739654,7.51697,0.01945971,0.01077839,0.05265568,0.005538462,0.01299451,0.5068973,0.2305671,1.410773,0.07797619,0.6047734,0.8524195,0.04313554,0.02755495,0.02497253,3.956646,0.01980769,6.155025,0.08767399,0.01122711,0.0007084249,0.2741406,2.224655,0.8745347,1.038756,0.153022,0.003873626,2.229034,0.2044872,32.86621,1.175608,4.946354,0.1191154,0.01544872,0.03645604,0.04457875,1.295161,2.853076,3.188088,0.03174908,0.1162689,0.3514652,0.009331502,0.2213707,0.04615385,0.02127289,0.936501,2.48303,10.93407,0.1901099,0.439457,0.3744252,0.3288811,0.06075092,0.004945055,0.2307692,1.745347,0.05141941,0.04282967,0.007836081,0.2089744,0.2297619,1.254579,0.03844322,0.08233516,0.001157509,0.1255495,0.06450549
"SA034",0.01656729,5.647569,0.05588586,17.43014,0.4014291,0.05417376,0.07022998,1.103066,1.67411,0.07672061,1.301533,0.01192504,0.1640545,0.04158433,3.166951,67.06133,0.07011925,7.532219,0.09548552,0.1830494,0.3971039,0.3721465,0.1392675,0.01431005,0.2965077,0.03865417,0.02115843,0.4042363,0.2475298,0.0283816,1.413806,0.0538599,0.2239377,0.01589438,0.152385,2.254689,0.9475565,1.275233,17.99158,0.5431925,1.301518,0.2641317,4.423887,0.1315554,0.03625213,0.7108587,0.121424,0.170954,0.9624856,3.3865,1.441227,0.02169197,0.09199319,0.07820595,14.67398,0.09957411,0.1670282,1.34235,0.03093697,0.1236797,1.027257,0.02333901,0.02613288,9.78946,0.06822764,0.009412266,4.027051,3.631492,0.0457155,0.1405451,0.1080068,13.65318,0.05903748,0.05674617,0.02237649,4.723169,0.09173765,2.566033,0.02297274,0.005294719,0.009574106,4.719761,1.36149,0,0.2364566,0.003968484,0.03236797,1.162562,0.01858603,0.02427598,0.3933903,0.03604696,3.007528,0.01567291,0.01029813,0.05607325,0.004830494,0.01238501,0.4044915,0.08874569,0.2054358,0.06362862,0.4180171,0.4172515,0.01988006,0.00602385,0.005258092,0.65497,0.02247019,0.8490494,0.07474446,0.007356899,0.0005827939,0.1925482,1.046191,0.5431925,0.332908,0.1569847,0.002186542,1.32321,0.1339012,23.38905,0.5077198,3.146612,0.08342478,0.01351789,0.05607325,0.0601448,1.161286,1.778742,2.000766,0.02342419,0.1887202,0.766184,0.01105622,0.1531198,0.03022998,0.05888416,0.6386372,5.581217,14.10562,0.1526405,0.3581728,6.214113,2.844201,0.04106474,0.009378194,0.2034923,8.823529,0.05620102,0.004102215,0.004988927,0.1343271,0.1005111,1.327087,0.04073254,0.1525554,0.000911414,0.09429302,0.04193356
"SA035",0.01552583,8.323476,0.03052583,17.43403,0.5516379,0.04615314,0.06441882,1.314576,2.625114,0.06607011,1.244465,0.01128229,0.1513838,0.04226015,3.972325,67.41697,0.03676199,5.043221,0.1390221,0.1327491,2.098708,0.5857011,0.1666052,0.01371771,0.3143911,0.008421587,0.006317343,1.511829,0.06196494,0.02717712,0.1077798,0.03000455,0.4090082,0.02045203,0.325369,4.792994,1.573703,2.88899,37.85259,0.8939945,0.3089172,0.4972702,3.892175,0.2677434,0.03385609,1.154004,0.2916288,0.1717712,2.042084,4.686078,1.553506,0.01717015,0.1338561,0.1480437,24.29481,0.1597786,0.2545496,14.52684,0.02592251,0.2204797,0.0009797048,0.01755535,0.02644834,13.20974,0.06207916,0.05842251,6.894904,6.317106,0.06689114,0.2143911,0.1913284,29.70883,0.06392989,0.06087638,0.02392989,4.654059,0.08798893,3.011829,0.02659594,0.006667897,0.0009575646,5.853321,1.443813,0.0009584871,0.3379151,0.005308118,0.0426845,2.570519,0.01957565,0.03845018,0.8114195,0.05291174,26.43312,0.01553506,0.01019373,0.06821956,0.008801661,0.01650369,0.88899,0.175273,0.1329845,0.07345018,0.422657,0.9333485,0.01828025,0.005610701,0.005313653,0.5505005,0.01770295,0.2456779,0.1093173,0.02293358,0.001043358,0.3175614,0.2121474,0.8939945,0.8544131,0.09953875,0.002564576,2.550045,0.1964945,40.05914,0.7379436,6.151046,0.06815287,0.01575646,0.05473247,0.03486162,3.462238,4.074158,2.795723,0.02829336,0.08182439,0.4765683,0.01196494,0.2647862,0.02215867,0.02278598,0.9404004,7.936761,14.47417,0.1658672,0.517061,6.237489,1.747953,0.04567343,0.01071956,0.2369926,8.562329,0.0695203,0.009081181,0.004880074,0.1557196,0.1820111,0.7342251,0.04530443,0.122048,0.0009806273,0.06336716,0.02642989
"SA036",0.01476476,4.407633,0.1335329,15.92897,0.2406573,0.01033362,0.05624465,0.8793841,1.242513,0.03314799,1.025663,0.01122327,0.1947819,0.02942686,3.135158,34.33704,0.04729683,2.801484,0.07283148,0.07559453,0.1707442,0.2903336,0.1210436,0.009469632,0.1799829,0.00621728,0.04867408,0.2372118,0.02102652,0.02440547,0.02186589,0.120713,0.7386695,0.02380667,0.08922156,2.528492,0.2687517,3.2229,17.0819,0.5087464,2.839915,0.3155314,2.516565,0.2019613,0.03619333,0.8501193,0.2304532,0.1546621,0.7445004,3.536973,1.746792,0.0167506,0.08011976,0.08301087,26.13305,0.08288281,2.264776,0.5023854,0.02130026,0.3257485,0.00746621,0.0114799,0.01698888,4.830374,3.025444,0.01123182,5.597668,3.112908,0.02534645,0.0591018,0.02389222,14.96157,0.02575706,0.1413174,0.04244654,3.510693,0.2777588,0.9073681,0.05016253,0.01183062,0.06656116,5.517536,0.8461437,0,0.3151411,0.006948674,0.04101796,0.8393851,0.01719418,0.06542344,0.4537503,0.0261463,1.704214,0.05448246,0.00812917,0.08597092,0.007275449,0.01274594,0.6009807,0.07524516,0.3453485,0.06349872,0.4092234,0.2961834,0.01388815,0.01234388,0.01132592,1.077127,0.0136698,1.48423,0.08597092,0.0176219,0,0.1765174,0.3991519,0.5087464,0.4514975,0.0899059,0.0009136014,1.424596,0.111805,24.94037,0.3699973,4.924463,0.1037371,0.02027374,0.03820359,0.01644996,3.540949,1.808905,2.134906,0.05473909,0.06696263,0.3459367,0.02026518,0.157832,0.0212917,0.02011121,0.3196395,4.606414,10.08554,0.248503,0.1730718,3.330241,0.9147893,0.02660393,0.0111805,0.3400342,5.109992,0.09332763,0.0482207,0.004273738,0.1151411,0.1082977,0.136698,0.054645,0.2284859,0.0007348161,0.009281437,0.02978614
"SA037",0.012288931,2.256994819,0.033592871,5.233160622,0.095098446,0.011838649,0.024934334,1.323639775,0.672020725,0.065290807,0.955909944,0.012833021,0.149437148,0.028011257,1.556285178,28.742964353,0.057701689,0.342487047,0.083536585,0.031022514,1.987804878,0.174390244,0.100093809,0.009652908,0.147467167,0.008017824,0.058414634,0.169015544,0.051547842,0.049915572,0.021668394,0.091854922,0.136373057,0.021500938,0.087476548,1.870466321,0.680518135,2.043523316,11.689119171,0.416062176,1.820725389,0.30746114,4.52642487,0.093626943,0.042054409,0.632331606,0.153367876,0.351876173,0.822694301,1.479792746,2.124765478,0.017668394,0.148592871,0.053274611,9.066321244,0.149530957,1.219689119,0.481554404,0.026022514,0.156660413,0.002725141,0.009251407,0.021022514,3.492227979,0.819689119,0.01315197,2.320207254,3.522279793,0.075947467,0.407786116,0.088302064,12.507772021,0.059774859,0.174577861,0.057054409,3.03564728,0.172889306,0.220103627,0.066791745,0.004512195,0.046163227,6.090994371,0.443212435,0.010300188,0.459662289,0.00664728,0.042054409,1.283937824,0.021641651,0.033461538,0.308290155,0.018124352,1.813471503,0.017786116,0.009167917,0.068893058,0.008312383,0.014512195,0.320829016,0.062279793,0.175336788,0.092195122,0.221865285,0.435440415,0.013823834,0.004963415,0.004954972,0.332435233,0.017795497,0.845803109,0.102532833,0.024090056,0.001248593,0.148704663,0.173471503,0.416062176,0.505699482,0.12467167,0.003551595,1.506735751,0.198123827,13.409326425,0.362487047,3.063212435,0.034549223,0.01836773,0.31641651,0.06869606,1.277720207,1.569948187,1.52642487,0.02750469,0.058124352,0.306285178,0.012542214,0.121968912,0.035834897,0.009953096,0.469637306,1.61865285,10.290806754,0.126172608,0.264870466,0.454818653,0.274093264,0.059615385,0.006842402,0.164915572,1.352331606,0.069643527,0.014512195,0.010666041,0.234990619,0.147748593,1.254221388,0.043733583,0.112570356,0.001054409,0.0580394,0.060966229
"SA038",0.0140371,10.75157,0.04030035,26.43789,1.151764,0.5446113,0.08736749,1.868375,3.960851,0.1204064,1.288869,0.008939929,0.2522968,0.05675795,4.462898,75.4682,0.08443463,11.06573,0.1560954,0.2208481,2.585689,0.7651943,0.134894,0.01841873,0.5041519,0.02009717,0.04614841,0.2566457,0.02031802,0.02537102,0.1264379,1.298453,0.500725,0.01782686,0.4522085,4.028516,1.676172,4.835669,44.65926,0.7049299,3.131948,0.4504592,9.581924,0.3363944,0.04758834,0.9342678,0.2709038,0.1461131,1.909135,6.449976,1.29417,0.01777912,0.1006184,0.1539391,31.63364,0.1702297,2.064766,9.241179,0.02262367,0.1962014,0.002126325,0.010053,0.03458481,19.12276,4.432093,0.008187279,7.469792,6.099565,0.04290636,0.2140459,0.1208481,25.27791,0.02566254,0.05966431,0.01636926,5.260601,0.1295053,6.38956,0.01962014,0.008709364,0.03736749,4.437279,1.774045,0,0.3284452,0.006371908,0.03149293,1.725471,0.02109541,0.05080389,0.740696,0.06365394,12.30788,0.01565371,0.009178445,0.05689046,0.005976148,0.007407244,0.6072982,0.2074432,0.6077815,0.06166078,0.738521,0.6493475,0.03627356,0.0219523,0.02137809,4.441759,0.01637809,3.57419,0.08064488,0.0179417,0.0007622792,0.2960367,5.176414,0.7049299,1.224505,0.1539753,0.003150177,2.433543,0.1860424,49.54084,0.8139198,5.920735,0.1034074,0.01401943,0.02792403,0.04883392,1.605123,3.38811,2.834703,0.01719081,0.1011358,0.7459364,0.007818905,0.3576607,0.017447,0.02913428,0.6476559,10.42533,16.81979,0.1946113,0.5691155,12.77912,3.250362,0.04070671,0.01251767,0.2636926,15.55341,0.05729682,0.1508834,0.02324205,0.1243816,0.1196996,0.6867491,0.04023852,0.1774735,0.000905477,0.05542403,0.04563604
"SA039",0.01112245,4.780036,0.04260668,74.09313,1.678415,0.04217996,0.06199443,1.397032,5.703627,0.06509276,0.9564007,0.01152134,0.1356215,0.03663265,3.083488,60.6308,0.05280148,17.64857,0.1533395,0.1242115,1.799629,0.3792208,0.1312616,0.01371058,0.2761596,0.005743043,0.03115955,0.9421147,0.0304731,0.02061224,0.253769,0.4646257,0.2863391,0.01937848,0.1621521,5.857988,0.9614098,10.32158,26.67867,0.8636481,7.604837,0.5086185,10.42192,0.4229483,0.0525974,1.128119,0.253769,0.122449,2.675585,11.07023,2.612245,0.07836378,0.1237477,0.172601,11.38925,0.1606679,1.415488,11.5822,0.03347866,0.2353432,0.002634508,0.00725603,0.03198516,20.50939,3.344482,0.007832096,2.081554,9.320813,0.06636364,0.3288497,0.1099258,44.94469,0.0340538,0.1021336,0.0345269,5.179963,0.1077922,5.307435,0.03684601,0.03399814,0.01761596,5.734694,0.6686391,8.633581e-05,0.5141929,0.005606679,0.03103896,1.987908,0.022282,0.0341744,0.4497041,0.06995112,11.51531,0.01397959,0.009768089,0.06428571,0.005426716,0.00890538,0.9765886,0.228248,0.2894263,0.08714286,0.7910985,0.9192179,0.03040906,0.01350649,0.01230056,2.56779,0.02162338,0.4597376,0.09758813,0.01461967,0.001002783,0.3624904,0.3789555,0.8636481,1.177,0.1684601,0.002808905,2.405711,0.1621521,29.86879,0.8188835,4.754309,0.1325958,0.01564935,0.04558442,0.03427644,1.951891,4.322099,3.17983,0.02450835,0.3262156,0.5623377,0.009443414,0.2409056,0.03365492,0.02090909,0.7921276,17.04142,12.22635,0.2205937,0.4780036,18.46411,4.939542,0.03877551,0.008589981,0.3112245,24.76203,0.06608534,0.02423933,0.009879406,0.1229128,0.1276438,0.8160482,0.03805195,0.108256,0.001190167,0.03020408,0.06827458
"SA040",0.01482823,7.185965,0.0485701,13.75673,0.3922807,0.2461467,0.07123491,1.81337,3.908772,0.06548747,0.9244197,0.01134633,0.1411328,0.0405571,2.743733,62.89694,0.04921077,6.498246,0.1499536,0.19935,1.65831,0.6502321,0.1081708,0.01295265,0.3155989,0.001868152,0.00385701,0.4874854,0.04770659,0.02653668,0.09534503,0.05010526,0.4294737,0.02012071,0.2011142,4.245614,1.700819,3.433918,35.22807,0.7415205,1.38386,0.4909942,7.188304,0.2247018,0.1153203,1.475088,0.2505263,0.1668524,1.562573,5.2,1.984215,0.0157848,0.1071495,0.1993684,24.09357,0.109935,1.375205,3.410526,0.02337047,0.1497679,0.002545032,0.009814299,0.04431755,8.528655,0.04900585,0.004264624,6.62924,7.026901,0.03611885,0.1437326,0.0601857,26.26901,0.07890436,0.03410399,0.01479109,5.520891,0.09832869,1.763743,0.014039,0.004238626,0.001881151,5.855153,1.393684,0.05716806,0.3064067,0.005854225,0.03448468,2.081404,0.02559889,0.02194986,0.7279532,0.03740351,7.28655,0.03406685,0.008358403,0.0614299,0.007737233,0.009480037,1.021754,0.1957193,0.156655,0.09188487,0.6928655,0.9534503,0.04481871,0.01068709,0.01078923,1.30924,0.02747447,0.3326316,0.1033426,0.008660167,0.0005705664,0.3454971,0.3083041,0.7415205,0.779883,0.1233983,0.002012071,2.444444,0.1923863,37.07602,1.117661,7.476023,0.07045614,0.01576602,0.06891365,0.03150418,1.271345,3.773099,3.473684,0.01849582,0.08154386,0.6688022,0.01185701,0.1889825,0.01822655,0.008030641,0.7368421,5.511111,12.62767,0.2377902,0.4959064,6.416374,2.318596,0.04289694,0.008843083,0.352182,8.376608,0.06579387,0.02922934,0.003878366,0.1272981,0.1289694,0.6490251,0.04583101,0.1485608,0.0006470752,0.1259053,0.04274838
