"sample_id","(+/-)-Tryptophan","(N(1) + N(8))-acetylspermidine","1-methyl-4-imidazoleacetate","1,5-Diaminopentane","1H-Indole-3-propanoic acid","2-(1H-indol-3-yl)acetic acid","2-aminoadipate","2-hydroxy-3-methylpentanoate","2,3-Pyridinedicarboxylate","2,5-Dihydroxybenzoate","2,6-Diaminopimelic acid","20.13_butanoic acid","3-Hydroxyanthranilate","3-Phenyllactate","3-Phenylpropionate","39.01_1H-indole","4-(beta-Acetylaminoethyl)imidazole","4-acetamidobutanoate","4-imidazoleacetate","4-Imidazoleacrylic acid","acetyltyrosine","agmatine","Ala","Arg","Asp","citrulline","D-alany-D-alanine","DL-Leucine","DL-Lysine","DL-METHIONINE","DL-Ornithine","Dl-Proline","formylmethionine","Gln","Gly","His","histamine","homovanillate","hydrocinnamate (phenylpropionate)","I(-)","imidazole propionate","indole-3-lactate","L-(-)-Phenylalanine.1","L-serine","L-threonine","L-tyrosine","L-valine","leu-gly","N-Acetyl-L-glutamine","N-epsilon-acetyl-L-lysine","pipecolic acid","pyridoxamine","taurine","tryptamine","xanthurenate"
"9016-B",52904742.46,38216.41321,39454979.24,226820.999999998,NA,501,547876,920857691,1029829,NA,NA,2138237,NA,382251490,NA,87821.31912,1375,1055.109209,4176187.562,2443744.892,NA,575316.000000001,188052.0288,1170073.349,324102836,49283.78571,26717.0000000003,492355878.3,1267611.469,804505.61,1279158.578,2272512.409,6859.99999999997,205020.8596,8790.762503,31142160.22,5838.478298,14166575,211,418852080.1,NA,12334373,327632881.7,23602.72303,53047.81201,53815415.23,333891310.5,28659,949,20707.9761,222323.251,NA,10244.74498,31,3077973
"9016-C",17202785.61,8436.305321,59497384,4925,NA,NA,179704,2511377,1474732,NA,NA,NA,3165.302739,NA,NA,116471.5993,6757,11516.88894,11353559.07,505721.5727,NA,20990,84555.8199,241148.6751,4821483173,249224.0033,1555.00000000001,168653515.6,473119.4456,349846.9883,2262864.86,569405.794,307.000000000003,126953.4417,5151.904691,5236963.914,91378.77852,2679060,36,139120364.4,NA,NA,133266528.7,18925.51451,36257.32734,21622741.66,353396191.4,3944,1375,78848.94359,133069.1798,NA,284392.2602,162,3424820
"9016-D",26713644.6,200.4558151,1265607.416,27645.9999999998,5770793,7181,5026050,10940282,1919463,NA,NA,428903027,588.7601612,NA,6183958,105507.8381,2023,8526.306147,1946394.446,1607698.502,2062898,360206.999999997,48675.46267,913248.9574,631664984,149666.1109,18596,99355894.48,150746.5551,142564.4278,1252684.949,909331.8743,8355.99999999998,511550.6328,4826.068302,1322330.108,57071.91379,682480,5662,74835884.52,NA,NA,95424727.76,13104.01095,31286.23589,11860241.88,1374189419,240877,6757,102008.056,79516.66143,579,1370213.833,34565,122776
"9016-E",48508425.64,8313.478423,2900087.967,76133.0000000003,6639445,4416,887598,23118648,1529595,30932289,NA,741248788,104.697082,6514592,9456009,115650.5172,7675,14497.23266,2791555.526,3055233.139,NA,38520.0000000003,123448.4619,495559.12,207761096,62147.65776,30388.9999999999,97325536.72,280781.6706,180446.0835,3124078.76,622451.9834,9240.99999999998,158877.1593,63018.36641,8379180.48,270913.6393,7571484,14149,69382426.25,NA,272085,88668977.89,15798.65715,48541.01294,17005036.56,1233677895,70174,2023,83715.25666,88849.38951,127,1141283.012,12314,2044212
"9015-A",337615875.2,756467.8383,6733241.348,638964.000000001,NA,17161,1462543,55592996,1165488,42878499,1257732,176063524,43.59737155,8350195,NA,68333.95762,1628,5031.980497,379758.4208,248772.2275,NA,846776.000000003,291636.882,6402330.266,435388835,66358.01223,29880.9999999997,710570677.3,2473637.511,674555.409,605062.6051,10886976.7,13562,1997759.544,81894.14654,354642837.1,38391.00156,3818848,193,640343294.2,NA,4550148,915449158.3,228717.4366,406961.7743,170785685.3,566845721.6,7743,2217,21458.345,19679.29097,270,37880.49041,329,7643820
"9015-B",30895097.06,57629.66061,532054629.1,701172.999999993,1222084,44371,668842,163999570,1240879,25632393,5550263,306360080,1968.354307,11224643,2499249,92052.4016,2159,7828.732682,4163501.683,666094.6723,NA,953258.999999992,139526.3817,845500.8954,334416489,416718.0338,26153.0000000003,331299081.2,837028.7052,684980.5962,5596449.096,1798599.946,9442.99999999997,159370.7892,7443.328461,22971672.24,12653.54667,5596756,1790,217242006.6,NA,7935441,250470196.7,24391.06013,43648.98289,48904472.13,188488184.1,12017,1628,130186.1942,181869.4587,570,4516021.428,2006,6048998
"9015-C",54667047.35,116451.2815,24420729.65,3615.00000000001,NA,10,1178942,3093163,980673,NA,NA,NA,836.4170794,NA,NA,90693.09986,2224,9414.641357,1611486.183,542459.7816,NA,79319.9999999992,274098.5787,222284.0254,2178596623,664478.9283,14825.9999999999,520450550.1,1755765.655,878928.3487,8567632.961,2836927.528,1957,302257.1288,21379.36496,17604486,42100.48453,3574297,54,492608514.5,NA,NA,423126378.9,59702.3623,122658.8325,82271191.54,1067783578,7886,2159,107828.5143,219528.5508,13,2476700.261,18,1243014
"9015-D",18645155.51,NA,715264.7024,12066.0000000001,6711481,1994,2705678,27029690,3784987,82979920,NA,386898765,NA,7037364,13782382,59608.45378,3350,8953.909395,154733.3525,1650310.044,NA,50084.9999999998,566487.2088,632760.1356,583173101,29120.54539,38909.0000000002,1002277106,6660066.53,1081214.96,53217431.45,14111172.24,8960.00000000011,19226.19119,82885.11888,119415521.6,101835.7379,16402869,16627,998307184.6,NA,1477516,860179003.7,15032.24476,31773.91199,11484125.85,1088891589,207550,2224,7258.484246,14539.71413,3545,90386.80653,4709,386794
"9002-B",9485605.555,181.8114,70633056.29,329453.000000002,8451287,11626,1523030,1626504842,2209051,43780346,1531017,200738072,518.3559064,774981869,549506691,66095.21347,1806,614.0970159,2657465.67,1043929.145,NA,250114.000000001,72802.41009,36381.62164,274620192,202519.0415,38295.9999999998,162909073.2,288841.2568,328264.8346,1828222.907,939223.6697,9819.00000000009,41108.71804,4904.555931,3010846.105,59224.58001,109616689,593615,163617176.8,18221.75744,102148967,107419671.5,9853.597631,26172.6214,19521588.55,148434029.4,16209,1064,119039.08,16090.79244,535,6512.813156,9282,3516818
"9009-A",468041406.5,925262.3676,1374112.694,3125019.00000003,NA,709,4791605,113395982,2378021,NA,10320648,59878850,NA,123568945,NA,63795.59418,3404,9570.955213,1617134.649,180302.9227,10916164,587090.000000006,361176.4479,7993817.435,1008278303,29717.32489,308652.000000004,979697440.8,4023715.846,885430.8342,2301734.546,10820128.34,30657.0000000001,2103719.327,79323.68894,645757810.6,6228.144644,81544344,NA,952086453.3,NA,4534148,1070329070,343926.6006,517439.4782,208972290.8,880146758.1,25814,12883,11111.20895,8501.852539,484,43390.65083,23421,10801693
"9009-B",82270350.33,85630.37933,2269870.088,688218.000000007,NA,2098,1664189,1541116494,1548093,NA,NA,58324719,30.44833747,420718634,NA,72629.68187,769,12078.33563,3231537.754,2691677.591,5872330,434907.999999997,294654.5029,780822.3647,257463688,79987.0399,153447.000000002,698313865.3,1816163.125,1317277.512,1464453.636,4041866.043,19349.0000000002,319475.0964,17278.31755,24776115.2,9527.35906,37129239,NA,683814096.6,NA,15938661,506264407.7,41504.05455,125360.2612,91026170.06,523645366.6,33624,3404,15183.32341,104466.7606,0,11675.82346,91,5105751
"9009-C",19186373.21,14235.08046,23088439.15,7244.99999999995,NA,NA,245180,2871452,1095625,NA,NA,NA,1782.917717,NA,NA,97573.88902,5271,14537.35321,2186444.464,787666.2605,NA,20835.0000000002,86247.2622,155119.9851,4255860626,274901.0911,558.000000000002,170118833.8,316373.8953,350619.1859,5751291.981,967681.9698,571.000000000003,125508.3145,4917.461545,7018249.776,21708.34411,1809816,17,148301444.2,NA,NA,138592954.7,21801.72918,42828.11648,27687452.67,251174226.1,3276,769,34978.85502,100165.3249,0,114581.0318,28,1254532
"9009-D",38513403.69,NA,16580871.57,3171.00000000001,3950316,9903,1270535,249545187,1626016,NA,NA,433473918,1673.539766,9604999,3199387,93034.60589,4719,42810.65652,17564738.72,1116632.787,1775542,62405.9999999997,96227.42679,434401.2054,633964908,189834.6763,44141.0000000004,157494824.3,215582.5517,275191.863,1528391.265,666858.9864,14523.9999999998,128511.8733,6650.877864,7675130.812,409639.9195,5500681,3044,129605664.7,NA,308149,111709537.4,17353.54199,34814.7321,22905361.46,2803097509,182891,5271,49795.57647,503155.0577,3369,1732783.962,141205,NA
"9009-E",407748697.4,25410.99279,4323887.342,18694,20217160,1358,453792,53427219,2935363,160276747,NA,773994646,1630.723131,7231050,16754007,92580.14576,2845,9166.993601,6594246.645,6081239.452,NA,33485.0000000002,520887.9121,3321000.937,308406606,485790.7568,54467.0000000004,613997768.4,495100.8546,367428.5455,1823391.405,4222161.835,14211,203783.8153,141673.232,89697651.27,1138622.474,12030750,19431,454145730.7,NA,485583,764317384,12514.96803,59789.2988,166169823.4,3275221959,59519,4719,77675.66914,198246.0126,2240,1248235.357,6915,789224
"9008-A",294154655,658401.3745,1351055.481,415738,NA,21728,2025125,36832927,2776449,25830258,NA,233096772,1311.289316,5127604,NA,68076.72566,5548,7303.605696,588960.7074,224235.4876,NA,64264.0000000003,345735.3435,6693082.678,370703529,33109.42843,30132.0000000003,1018977914,1789498.729,1009034.622,1224275.367,11937013.9,7467.00000000008,3080781.481,74277.1434,324634120.9,9151.445516,5210474,1382,814993348.3,NA,181296,1062923959,238688.5034,442163.9995,213004910.1,671392905.7,33069,2048,16114.06584,16774.72499,1144,36776.27475,291652,9369687
"9015-E",431328466.5,6991.11616,796334.7815,17793.0000000001,10612610,2363,2751154,145456882,1828228,47545235,NA,730876947,16.31151694,34940587,20722157,69730.64748,1572,10862.38285,173959.0658,495701.5626,1763031,19319.9999999998,469702.092,5911139.323,678180513,8803.869409,115778,867644967.8,3657981.641,860996.897,2013046.715,15832573.83,21216,194012.4448,106571.8396,115750618.4,49295.57906,69326244,24222,817751327,NA,10919111,892414717.4,22303.28083,56886.95904,22350297.14,912987635.6,48909,3350,NA,14206.24382,558,47233.80331,1909,1220714
"9014-A",172111560.9,301574.739,3505404.313,660920.000000004,NA,4092,1829567,182881530,1892821,41275769,897095,256219105,NA,72730924,6830541,60362.37199,53377,16139.3143,639078.6914,1046694.998,4506592,8674.99999999998,72339.13575,5172926.156,366925928,33716.44384,57489.0000000004,257041253.3,3110182.965,124690.053,3179685.272,1813565.716,44653.9999999997,838239.8131,20715.74869,66541481.03,1882.955929,45841743,6229,124739734.2,NA,4643725,342438753.1,121256.1105,281478.7382,67037374.23,217282959,46953,26896,11610.3041,3444.72075,30,54547.51953,350017,4512361
"9003-E",31713707.36,7461.858015,2497856.971,32254.0000000001,1112405,5753,3139718,39318736,NA,6090061,NA,355514633,2082.527451,29343994,104179544,126992.0388,1954,35840.92308,8928289.319,994835.2379,NA,76725.0000000001,76390.83527,385354.4036,330604453,42129.36434,26648,139549333.3,788030.4304,216153.8364,1641173.361,1046411.948,16557.0000000002,116583.232,9077.06171,9976353.499,73572.84749,14876722,110724,108760474.9,NA,1193881,101807217.1,19650.58091,28389.27979,18225772.07,1963233975,52646,7664,117050.5558,137187.6131,14544,482653.508,43,NA
"9014-B",27446183.01,6615.295028,9437032.71,1400510,NA,107757,3300782,429039692,11623037,31687905,4572830,442493456,3960.0322,12760705,NA,287950.6795,2912,41230.05896,24195956.78,1881497.031,2772032,283693.000000001,238080.4019,1049224.004,372116631,425067.4068,30678,340877945.3,1125230.494,668464.8664,5231047.401,937949.5484,38922.9999999996,146579.9795,13823.37013,16837885.45,13676.39987,9406310,1633,295627713.9,NA,11894765,242678742.3,31518.59031,77374.94668,40315848.38,326288102.4,57188,53377,246532.8252,1274286.106,NA,24052.50073,809432,4113752
"9014-C",34444934.15,2421.012837,24892270.23,5810,NA,1392,162891,1113793,471608,NA,NA,NA,5715.669447,NA,NA,157058.9595,3669,28136.52739,30410161.32,1845707.416,NA,3735.00000000002,279755.9301,369719.2477,730121009,462779.3027,827.000000000007,468940960.2,445173.4814,799631.9516,1898564.864,1616245.979,1341.99999999999,233700.709,17624.81352,8972538.465,42029.86241,969655,278,427052427.2,NA,NA,324817404.3,29512.96615,89004.70851,61202582.77,416653358.4,5372,2912,590752.122,702297.6395,107,49064.99385,1255,171750
"9014-D",57803779.8,3076.244541,13282584.29,6171.99999999999,41059766,752,509943,24235309,3816173,30697517,NA,994425046,736.7058123,15340367,716293402,65615.35028,20245,16312.06045,2921094.546,899308.7317,NA,27062.9999999999,170680.5502,2031647.965,399555601,86658.75448,62516.9999999996,358877030.1,1102406.826,547471.9734,11578139.48,3226882.213,12603.9999999999,293373.1788,24830.22141,13970643.87,22188.28485,3482502,711904,310407890.4,NA,616814,237374492.5,55259.1581,88702.11756,45935268.72,2741329527,86330,3669,93790.6143,121122.151,189,3749404.499,318,3408344
"9002-A",386115906.9,911056.2142,844585.0321,729815.000000006,6532801,153687,2136932,757034797,1431940,16605728,924837,254526414,NA,21007072,1467740,103876.468,1064,5597.121755,185664.6777,153274.8203,2373672,354156.999999998,508801.9569,7608242.927,200512180,41938.20396,17001.0000000001,1479660885,2607848.604,1719640.602,972018.7348,14225472.29,6496.00000000002,3800170.909,89476.21028,373182424.9,10888.65353,5747549,1198,1311517406,6787.314312,13826023,1506762298,301645.4576,499035.1403,237152568.5,925236173.7,16172,6780,32003.84896,20969.10198,268,11349.71911,1152,3813003
"9013-A",263752033.6,460585.968,904843.5712,1246471.99999999,NA,552,840446,550863500,2676271,260375,NA,NA,NA,135809027,1179578,50921.48129,1194,5264.937229,506336.089,97120.60774,2865004,668118.000000008,259028.509,5502177.894,245269611,20866.02812,63245.0000000005,671600066,2872470.622,594493.8265,1397341.757,8637491.519,3909.00000000003,1088829.076,57723.05127,393708573.2,3885.907833,10372466,NA,554040227.4,NA,5330467,626562227.6,192515.787,332371.5307,117778461.5,497302747.1,7761,2808,4569.676575,3996.722695,NA,36810.23466,87,6727029
"9013-B",51637138.21,60646.71426,13856120.14,11004.0000000001,NA,NA,NA,1624535,2482624,NA,NA,NA,295.6095327,NA,NA,57057.47706,492,3901.50836,3209742.818,1009708.106,NA,8546.00000000005,222885.8254,353378.6225,2552429516,376787.6727,5501.00000000006,467997790.3,1749122.68,966440.545,1067419.686,2525425.561,1421,207144.349,14522.49013,23026513.69,2941.583586,2241304,182,446991633.9,NA,NA,307814620.4,28275.32054,43497.06159,60541288.61,386587931.7,3883,1194,53322.58498,157637.8144,NA,133719.2409,18,4098027
"9008-B",18672565.27,4058.632654,24045368.35,228137.999999998,5089713,12548,1265009,95258018,4745448,40377008,3712500,250290161,1722.381226,15040695,16667891,231530.5726,751,25518.31043,9435495.982,1731136.529,1034516,516158.000000004,88424.69975,106632.96,259971259,303848.0272,40225.9999999996,158922441.6,199375.6969,330731.0307,2007518.296,1085733.377,3662.00000000003,94985.53825,6979.752543,3962269.533,10459.96157,8607591,16423,134185177.1,NA,2866936,113844364,17465.49344,30429.27205,26673032.51,118873493.2,36409,5548,178881.1326,380451.2947,1537,10492.18573,218436,5405443
"9008-C",23584656.18,15318.63625,24539656.13,8045.99999999997,NA,39,929617,2793456,4189155,NA,NA,NA,1232.117884,NA,NA,141988.7081,1562,27684.36624,10323115.22,808486.5188,NA,56357.9999999999,112658.7335,565093.8128,789215458,431419.464,4455.99999999998,183075552.8,401126.0708,444085.9143,3361696.513,921429.266,4516.99999999996,89916.76106,7799.236595,10606626.24,21660.21473,3461356,137,154787734.2,NA,1429461,145885320.6,19725.02393,51314.57737,32497501.8,166999725.2,12882,751,132557.7854,279660.1308,5,20908.41399,811,1439708
"9008-D",35678169.09,8087.97995,664808.5666,5534.99999999998,9609918,20982,1411505,16188955,1730051,22512250,NA,658925115,NA,16396660,368720669,50039.80849,2360,8510.215702,1590316.313,1285910.32,NA,32277.9999999997,325188.6532,1076098.127,388835578,86072.75792,31209.9999999999,413701177.5,6487072.016,1411081.025,12651371.87,6359321.883,4882.99999999996,225587.5701,13861.78319,38308007.08,620.3617578,6798980,345461,371580494.2,NA,587889,755108042.4,29575.9904,124419.8841,263707510.7,2631347543,67831,1562,87286.95637,215001.9033,3255,21552.9698,236,7608215
"9006-A",294747044.1,451247.8758,4228151.037,122266.999999999,1984507,7066,738908,29024586,1115613,29937700,NA,184174208,NA,3014850,1256188,62726.89675,479,2080.011402,98698.62002,647420.0287,NA,670984.000000007,239994.3726,7022708.725,426431606,45644.63831,11331.0000000001,736740517.2,4540879.889,498955.2851,1871176.634,4466551.173,8334.00000000002,1272745.894,58923.85298,185782592.3,12998.29651,925457,1001,429574851.7,NA,1167084,647384119.8,189177.5948,362277.9488,138329007.3,591114387.8,12053,1127,11014.62888,6617.296147,972,38614.58515,25830,2772756
"9002-C",8455062.245,28.31678492,28424807.8,3449,NA,NA,251196,2762058,5365117,NA,NA,NA,259.8851594,NA,NA,101027.996,5949,380.7034418,2749937.373,1295750.278,1345129,75100.0000000003,54958.4747,44182.36489,1616459676,128196.378,6476.99999999996,122010517.2,152354.3711,215481.2943,1419376.957,822452.2085,5439,34688.06153,3308.029741,2340891.976,28672.31789,1936536,115,116787865,11833.26979,NA,77573191.08,8614.595236,21940.47422,14932239.85,102180959.2,43278,1806,95213.61615,11195.19824,50,3395.497143,61,381891
"9006-B",12148220.09,372.027946,663716549.1,1083596.00000001,NA,365,1584030,434049268,2239469,2662461,NA,53967914,1672.904659,286047730,NA,94494.28423,508,1299.248582,533266.6488,1603118.078,NA,326693.000000003,91000.31499,77466.47559,341030102,216586.2039,60667.9999999997,169624234.6,338253.1814,317439.154,4633517.707,1378168.978,12125,63557.35199,5494.128245,2073071.594,490.8815131,98249070,62,159085855.2,NA,8960709,122986187.8,10166.86437,19941.34916,22134981.42,167328293.1,18869,479,74008.32523,639405.3263,NA,12056.31046,325,4913731
"9006-C",11224280.38,22.02098989,748675046.1,5887.99999999997,NA,NA,556804,2731471,209954,NA,NA,NA,3284.902521,NA,NA,91546.91753,5627,1747.208255,407971.5547,779884.053,NA,36754.0000000004,72353.42274,19866.70791,734743444,121556.4934,16182.0000000002,129668004.9,150850.7017,229752.5376,1929439.497,819430.605,2134.99999999999,64316.3906,3820.327161,1394170.891,1520.706645,3754371,124,124362197.1,NA,NA,97448433.98,8917.871736,22034.20249,18177078.25,155408378.4,7527,508,51777.63895,448502.1304,98,15269.35439,62,912946
"9013-C",36798710.87,46087.56389,324953063.2,2464.00000000001,NA,9,167449,2006336,1002454,NA,NA,NA,1737.76916,NA,NA,117793.4675,5757,18385.27676,4567853.476,1673448.776,NA,7164.99999999996,191801.1128,396324.8508,2101062706,627229.2086,1020.00000000001,404951506,948284.3535,759367.2956,4576052.857,1576691.944,486.999999999996,458059.2149,12562.14527,11352335.83,41588.39242,924359,42,399000073.1,NA,NA,315251692.9,40763.06669,87845.60659,55345525.65,390015326.2,4132,492,144174.0872,198971.13,NA,48099.29534,31,1528230
"9013-D",23842440.64,18623.55891,2004897.378,2830,5370403,8555,4741556,10853573,NA,1081232,NA,406845535,5968.721499,3069313,28323217,106859.883,10245,14889.91955,3035568.363,798386.6457,NA,308515.999999998,100175.3613,547866.1406,857057512,238053.7845,24441.9999999998,145102989.8,617757.8925,338469.8715,1732564.894,558469.23,9495.99999999989,168214.6415,91874.3109,3616951.17,5492.052768,1734686,31581,115422302.6,NA,NA,142374259,16860.36287,36328.85297,35638614.33,2031456667,237211,5757,423925.8937,138992.7758,1169,1269705.208,13475,812770
"9013-E",101592071.9,60810.3282,21781977.25,13147,4772360,2389,2401643,27338294,1871682,59147026,NA,975870801,4505.005751,18041136,896148012,101907.3726,26896,152375.8646,24320983.99,1341367.016,2927783,104553.000000001,181576.587,203846.8499,512216809,122078.4064,47909.0000000001,222165775.3,140884.4752,293573.1012,2860407.316,1332527.884,7191.00000000007,303453.0448,31868.51424,2159691.472,7338.499023,20207925,1216416,173210550,NA,576287,174549250.2,23021.0972,38096.81415,35226017.36,2109888307,68279,10245,259367.1621,51711.25222,492,1812465.306,1592,1737384
"9010-A",282587683.6,526283.1101,2007612.61,506874,424771,78077,1144386,142139996,4680068,15411224,3382253,407581392,793.2126603,8058034,2960864,46394.84662,2476,3642.303032,224676.6766,424677.4247,NA,190507.000000002,209435.1223,7100024.938,280233252,86179.58774,29120.0000000001,422959698.4,4399320.373,318237.9985,1542677.754,4735513.037,9511.00000000009,1605235.792,74205.85377,648852171.5,70152.3752,4990774,3502,297562881.4,NA,11053362,763201929.8,219534.2844,372419.2796,143894815.8,454417579,29915,2845,13001.13322,16166.42946,2042,39159.8838,155,12451056
"9010-B",54483844.5,13313.21519,607552249.9,552084.999999997,2431899,28004,1655857,98854661,3977596,12498007,2873703,246529557,3458.038416,43021465,1955171,123963.4633,982,1292.692019,6521600.984,4125146.619,1108990,340590.999999998,274164.7349,68218.3016,206767541,823306.3549,27817.9999999998,590111164.2,1001345.301,1063544.615,2780608.458,2493784.417,13169.9999999999,278374.4196,15058.52395,16724445.59,119593.2102,23941745,1978,472422216.2,NA,18611629,398056332.1,36547.9289,70632.64538,73348946.19,378285376.8,7774,2476,48604.52179,1420787.21,460,22113.06195,86,3383256
"9010-C",21332149.55,452.8081188,22658528.09,1877.00000000002,NA,NA,486713,2350096,1109777,NA,NA,NA,2774.30016,NA,NA,78097.68342,7718,2196.761925,6037044.967,1308345.593,NA,76559.0000000001,142001.0796,69287.95752,1163696365,273107.5505,16621,235048668.3,725316.2088,471134.3746,4326215.7,1014988.675,2746.99999999999,147809.7233,7231.322979,11042575.65,109469.1975,4196310,126,194602274.8,NA,NA,153358102.9,26566.75881,56764.29791,31264287.75,178052136.5,2127,982,33474.53943,498635.4754,16,8289.639116,NA,388082
"9010-D",190054316.7,343294.6865,753619.2115,65257.9999999998,1813663,3082,2042580,16245698,2991099,9893701,NA,160774968,NA,7376102,4257058,54778.91202,12081,7584.598608,2001200.943,209809.6248,NA,4117.99999999998,491045.0563,6639710.799,688683892,113189.5216,10647.0000000001,880794361.7,8920356.343,756818.3335,7663006.959,10082997.51,7265,823924.0342,84721.0479,186548982,12478.51284,6827628,4019,812558576.9,NA,317505,1187420257,10276.89707,49022.26785,321346268.9,1025536275,142512,7718,6271.538177,13373.52453,7249,75209.22844,629,NA
"9010-E",438118816.8,733057.0681,1065376.701,41271,6445846,3293,2139565,25031162,5597516,47862868,NA,768661343,NA,9985662,9379940,60383.13396,2808,5562.072081,1503870.731,34643.42476,NA,5829.99999999995,313474.7607,7023724.205,408867353,46800.77903,16598,560516442.2,3818141.202,375756.7673,4879158.281,8192562.385,8185,2001933.003,70221.05424,536496273.9,9459.668917,68070810,9066,444777673.1,NA,373112,886710989.9,290752.6004,606043.3062,252831035.3,660495809.9,101348,12081,6172.182224,6161.181625,8388,49054.20942,2590,158874
"9006-D",10881983.1,979.9223214,9800895.537,6658.00000000002,6181582,12110,953823,42658304,NA,20959508,NA,386026197,1578.437751,34669536,159806695,98430.85007,8919,32963.82408,17192745.93,468537.829,NA,165661.000000001,64638.19947,453156.8626,396849522,275293.6265,43895.0000000001,94378616.02,214585.385,168810.6902,3385244.346,1152195.013,7682.99999999997,113895.4326,5775.380508,2951967.584,66492.42375,8804542,190394,77358808.77,NA,1269500,68061913.11,12850.47835,25874.05674,19446821.05,2558267665,29353,5627,141905.3679,158275.0583,3176,936400.8612,111,5056229
"9006-E",16923680.75,579.5195394,5066849.211,12092,7442589,17936,1364965,327253980,NA,32166679,362029,738059632,1121.822228,24278594,209887901,111868.5379,2048,21078.9156,4057466.18,1020140.474,2653956,57444.9999999994,134558.4115,685504.2703,500728960,38147.27243,72414.0000000005,137437381.2,205577.0246,237943.2795,1256293.8,8994752.899,7622.99999999998,111866.7656,37255.84024,4110820.967,90119.71895,7906004,241838,106518016.5,NA,1283300,113215020.5,17816.23832,37608.51421,29944504.76,2279730338,10499,8919,77799.16899,79443.79937,2868,817453.9577,1743,1671048
"9005-A",314235840.1,614007.0641,5620619.364,42716,NA,3223,1337881,77785207,546516,18985085,NA,349221591,202.616271,12256555,2539220,47997.13583,2782,2623.009734,227396.8827,126816.6989,NA,111782,156302.4088,6934529.956,330326546,46989.55537,42204.0000000003,465378884.1,3957779.717,302788.4718,881234.0883,4098227.632,12959,1556294.661,69568.89257,495800598.6,17131.61828,5748036,2607,368325401.5,NA,3322051,811365946.1,201716.8748,381867.4937,180530897.6,504936812.9,34714,10189,16574.19433,9002.213416,798,127645.5003,2207,6200153
"9005-B",29379737.82,43020.48037,131905008.1,1981796,NA,301,2184875,744464462,3654322,8974530,1656322,119304340,461.3909681,166721574,NA,65664.8727,868,2624.614067,1514716.353,408421.594,1744380,940530.999999998,162820.2829,1086212.173,276681500,151853.1887,99894.0000000006,204970052.1,660214.2405,378077.287,6437456.025,3080725.612,27740.0000000003,167757.8909,18560.71991,24463635.18,18118.65422,89601312,81,161204827.5,NA,3808830,194534717,24772.58837,47886.82647,25136230.88,953242778.3,75280,2782,26593.99564,64446.17247,182,646041.5661,99,2248319
"9005-C",113756741.8,60386.59555,3372625.996,1207.99999999999,NA,12,751482,2261336,1643234,NA,NA,NA,1398.46311,NA,NA,76325.58974,3045,5254.910292,1597294.068,1225071.111,NA,22119,353164.65,1191491.441,1456553405,273365.9924,10491.0000000001,584835968.4,931860.8835,929152.8315,3714868.693,2508955.22,1793.99999999999,225498.4734,13278.86467,16456736.6,70463.37179,5814008,62,526813571,NA,NA,599343600.3,35198.57587,80226.47407,73228426.12,1067045180,8288,868,64795.45744,106657.8625,16,35722.23713,NA,966388
"9040-E",117061358,14372.33475,154417742,19769.0000000001,17892084,9322,3350898,25413535,5118526,25632848,NA,839548568,1195.237249,7552636,269874420,67996.81122,6241,7769.697405,2929603.822,3628662.31,1505088,4201.99999999996,222464.1883,1175098.419,255132799,397860.6677,142190.999999999,493026317.2,1473964.086,660029.1434,6746200.808,4460051.386,8101.00000000002,382257.7104,35748.99569,32372271.57,92853.02796,12620708,394515,441200174.8,NA,1000162,464245535,58503.06271,110756.6859,83092020.74,796506407.7,46254,8051,68066.92656,129322.1803,4710,606305.7191,424,2086904
"9038-A",334816225.6,494730.1644,1382938.814,46137.9999999999,NA,13,NA,84800341,1202965,NA,NA,NA,10.6854177,12281262,NA,34986.72889,1523,3498.138618,372926.4203,1477284.374,1476166,212513.000000002,294930.2173,5748232.47,2846366635,153190.8229,1513.00000000001,797416688,3379258.003,713214.9,2718578.627,7933903.271,2070.00000000001,1521121.3,74851.35095,513312960.6,5293.288791,2751759,29,721506286.6,NA,NA,779833648.9,257636.7739,525515.5206,175111110.5,719365127.9,10288,1539,5439.545445,7871.14581,4,93121.4117,87,3541767
"9038-E",15668384.54,61.84706846,27659802.58,25760.9999999998,5613488,8856,1029528,41365205,1127720,24401803,875774,471364757,2080.786964,16176154,298744880,84404.47636,957,14553.97794,7600943.915,1523065.825,NA,1466,80982.97074,768273.7187,1388039716,47131.65919,54604.0000000003,138070216.5,189317.0213,243200.4935,1213169.033,758997.7067,13509.0000000002,98032.84479,5146.934002,8633810.923,73060.25645,10448467,353471,100931919.8,NA,994741,104366280.2,12308.61488,22752.38341,20596921.87,2819750158,316410,4772,78198.80441,302532.7973,716,25632.98924,22414,NA
"9037-C",24362458.46,NA,1119244253,7350.99999999997,NA,NA,738246,2354113,878701,NA,NA,NA,1088.903678,NA,NA,92374.41542,2746,3123.454836,901380.5307,2574852.481,NA,202662,119451.4027,36124.04683,1986490359,253013.1497,9616.99999999997,191193736.2,432596.1463,412041.6216,9830431.4,1077640.453,2496.00000000002,53982.53685,6954.579639,8740465.434,566265.1397,1754576,146,178593227.8,NA,NA,121040434.9,13246.89292,42731.05405,26250076.51,191882763.3,9232,670,68896.83798,328755.7552,6,324602.1082,313,384238
"9005-E",23147659.18,138.253048,20213069.26,125561.999999999,36002028,3842,1894270,479856675,1026289,47726601,NA,623948600,1438.855796,40054135,97078075,86684.66109,1127,6957.456628,253757.069,1035531.971,1983069,136928,444676.8475,322673.6531,658585822,715800.0355,203527,792723137.8,31992.7794,224297.6487,497138.7587,13335789.16,10933,90376.52952,44861.83395,2458027.823,167252.9049,11451873,119401,650394802.2,NA,4568471,917975655.2,15365.29014,28256.10674,130943638.8,1629190043,145223,4891,16510.99827,107586.4737,2519,50866.88069,259572,NA
"9004-A",280812816,642880.1327,1043419.138,5814.00000000002,NA,39778,627278,664749337,1711420,48852633,770944,139013095,719.8837766,12221533,NA,65634.7199,3883,5948.15361,498644.8115,146810.7282,885913,998150.999999991,453726.1142,5760336.844,657154988,26964.88709,36853.9999999996,1140788012,2636962.75,1214129.551,677861.7002,14951930.23,10138,3171335.211,127921.7524,81401040.29,22663.80934,6777080,211,985482432.2,NA,5156711,1101685018,229109.8462,319660.2904,195512019.5,814694946.3,35129,1954,16252.05969,15427.38271,770,27802.0937,8345,5376443
"9040-A",196260957.2,367178.9592,5048093.053,310883.999999998,1947929,9215,1782249,35478378,2270843,26626340,NA,220124989,13.58843175,4526667,7350730,46262.66517,10291,2996.249201,130344.4837,111098.1687,875944,244322.000000002,275985.2952,3945622.82,228970664,18939.72603,79628.0000000001,886823094.3,1711800.991,853397.6762,437947.5118,6466355.042,13085,1300192.106,66432.14427,282611354.2,34120.55212,2530034,7971,692343439.5,NA,934177,776349888.1,144253.9422,252908.741,133536030.1,628260975.5,58542,957,16836.91621,8788.318234,2658,38252.28465,323239,15291878
"9040-B",20162949.15,1178.82495,785362639.7,171032.999999999,1622811,68165,2261291,103419235,2111474,11816574,2148404,250729095,3192.689311,9141007,1466647,112820.6447,369,10407.57728,8366097.632,1540013.597,NA,297900.999999998,134695.7278,330343.8025,234096233,308791.3063,45638.0000000004,228592799.7,794640.4612,466061.6702,10037862.2,1866461.471,10364.0000000001,79873.45507,6900.596094,11731736.88,6994.607153,3790450,1290,203235237.2,NA,2238148,161885888.5,13974.46747,36381.3583,35488448.64,171635943.2,34755,10291,126989.586,135174.9999,867,11758.75584,13529,9986330
"9002-D",977956198.2,50543.08155,278579.8443,17119.9999999999,1276901,4003,3125921,19664723,NA,29017339,NA,200883471,44.18460817,7170922,54600921,72873.777,6748,4487.306601,460137.4819,4354496.917,NA,9259,663724.7431,3174219.168,464489344,351618.0291,18742.0000000002,1395185260,4204983.396,843531.4371,224981852.3,11951264.49,6731.00000000006,718158.1252,130802.881,125975602.6,15313.56315,3224816,68302,1177011979,2624.360215,1377354,1826567009,20726.69143,345784.6333,396231749,1564016235,5698,5949,12576.17254,11563.0092,3914,1311730.041,110,NA
"9040-C",11953571.66,144.6809889,804834330.6,2185,NA,NA,578706,2370648,3101714,NA,NA,NA,1957.192071,3837518,NA,97112.20627,16061,9002.938117,2682351.363,801832.946,NA,76759.9999999993,69025.91842,51656.20231,1422800957,104695.235,21061.0000000001,101566511.5,210090.6096,217964.4544,8892604.686,422056.2558,2291.99999999999,61671.18031,2046.618009,4065224.615,16577.24235,8129967,40,103411065.4,NA,2856503,66798966.1,7907.288619,24258.42148,17723708.32,109743516.8,18559,369,53790.79218,312865.0045,8,40312.92197,NA,2297146
"9040-D",106416304,13022.53172,158993999.3,1457,19197006,14632,1458405,45298218,2808097,43527060,NA,511007151,1047.26009,15521797,247414769,70100.0504,8051,9199.171965,2833686.677,3693131.364,2498940,59971.0000000004,196015.8677,1168254.891,702581754,363241.3018,97382.0000000011,448807415.2,1487447.967,578595.2205,6641137.173,3900298.339,6653.00000000002,337722.3268,31959.87043,32391546.24,94711.89169,17024170,315287,399490760.6,NA,1573888,415184991.8,50974.64738,98960.54721,75274370.75,696996065.9,86894,16061,61335.39304,106012.3443,11171,576742.2339,586,1200451
"9004-B",19451939.67,7271.115842,43032211.97,509475.999999994,NA,57222,1204858,242693478,1268944,13520044,4994289,170537723,1936.870311,11245777,NA,246533.9268,1100,107510.2617,7590570.318,1367847.477,NA,1155054.00000001,103397.4659,1819588.451,305432120,140588.8657,10979,175239213.8,1101698.812,475705.8178,3292773.754,1080314.717,14101.9999999999,127013.3242,5452.900649,26370077.48,26386.80436,3804775,49,132223896.2,NA,2762485,136343291.3,20768.13553,36760.40255,29942610.33,135655861.2,28261,3883,269645.5009,737835.9129,68,18283.35776,14911,3593556
"9038-B",39422856.44,3423.422161,37863952.9,128.000000000001,NA,10,NA,3558421,1024642,NA,NA,NA,NA,NA,NA,80564.37768,1439,114.7427997,221630.4331,2782800.536,NA,4149.99999999997,217108.3093,1137527.108,3415919992,47594.68459,400.999999999998,488820464.7,1337376.057,1085188.673,2740682.855,2691686.894,794.000000000007,238900.7963,7505.436557,23433788.38,588.6462807,2413066,29,396605096.8,NA,NA,366758958.9,25539.70385,55969.33715,62112628.93,320455475.8,9028,1523,9610.888341,317936.5798,2,5895.893722,NA,2230077
"9038-D",18388024.8,273.8222328,28456895.64,2234,2306076,9688,1239253,21712628,1500001,NA,NA,322684440,4592.133511,3141002,17973556,62062.4824,4772,13531.30719,1677696.251,1534714.361,NA,177961.999999999,51904.12645,786228.9192,733630538,80968.78535,86331.0000000003,109659218.1,484154.5165,245136.4361,2278930.87,415180.9405,6101.00000000005,83039.95876,1470.560057,3316779.977,28808.79222,2600767,18432,70869100.08,NA,NA,95620624.29,9531.707035,20110.223,19497904.42,506495378,401023,9222,484602.5076,151751.3836,2186,7567.369181,36503,NA
"9037-A",192011220.7,493871.9323,18897943.35,76098.0000000006,1148624,4205,2398519,21874778,2459404,26204025,NA,407835626,778.6491505,3521007,NA,78201.75522,2054,7919.660877,347802.3651,371937.3554,NA,78371.9999999997,318788.6757,5353639.052,371396454,19187.35643,57433.0000000001,856738993.3,1772141.232,828208.5239,557169.6848,11219894.02,10727.0000000001,1903466.6,75018.22389,273508208.2,144700.2727,3147973,531,765356396.9,NA,6802821,817433674.1,151845.9845,291163.0812,123351970.6,550321092.6,37177,2808,37243.55655,12234.34852,970,157584.8011,254372,6437718
"9037-B",38894322,862,461724820,1007422.99999999,NA,2214,1738170,14384785,2426558,24583273,368557,457971216,851,NA,NA,86233,670,5249,709035,1914292,NA,465929.000000003,180160,205750,253125395,279647,20704.0000000002,283614543,343202,458824,8153777,1484840,7987.99999999991,129587,18043,14538696,295301,NA,538,246510123,NA,491089,199899338,26010,86368,35847503,679359366,32285,2054,40106,169971,683,1636026,1198,2698961
"9037-D",705108160.2,1134836.385,1352073.034,514349.000000005,17617779,1187,457589,107352480,2188689,70020724,957307,798919543,57.74666368,25565881,183671089,61284.95925,4001,3807.080045,1026115.166,97756.70209,NA,24323.9999999998,545217.75,8392284.835,299249268,47341.76482,44930.0000000005,1259737282,4974903.424,1020914.817,2587824.338,10452048.48,4321.99999999998,2268083.161,129196.0857,389019238.3,3246.412438,13779269,222054,1236467624,NA,2404485,1352857940,29294.35751,709640.3504,359364259.1,1326123280,54769,2746,4973.562652,9779.135009,1537,35668.53925,12478,6429541
"9037-E",632918458.3,868539.6282,658665.3465,1411186,15716882,19918,1985989,64514534,3784925,31912078,2545222,819585420,NA,61296937,581236473,62636.75738,1539,4058.202114,1513876.326,125440.4518,NA,56642.0000000002,423884.7905,7190568.012,512033823,22900.30842,98094.9999999992,1125801880,4680426.203,896975.1683,2418634.931,8810734.213,13204.9999999999,2254597.557,100097.7825,332673024.5,3730.678984,24832359,772646,1036369870,NA,4253839,1136591871,375626.3893,711523.5878,314449640.2,1091084447,63763,4001,2436.009988,7328.897089,4173,36642.67091,23763,14360392
"9036-A",287375636.8,646158.5258,8528357.432,595538.999999995,666093,2495,3781238,18188864,4630771,3988724,2064691,171167598,103.4886184,5041246,2010208,59005.10973,7179,5267.180155,471062.6175,116352.449,NA,5950.99999999995,368749.4736,4707096.823,531507903,14178.91703,51645.9999999998,935580460.6,3534318.889,976416.0911,659047.7403,9681682.435,12323.9999999999,1973408.844,85517.7222,219658226.4,81620.30178,2982350,1351,806104017.5,NA,557482,946346858,226459.4574,387776.7348,170634869.3,715109261.7,198296,6003,14834.01951,10502.14215,1116,41618.04553,2782,14649249
"9004-C",25528036.06,240.3298715,30645431.67,3805.99999999999,NA,NA,786880,2654523,2763191,NA,NA,NA,694.6376549,NA,NA,136034.0858,4170,7579.877657,4002725.632,2354848.002,NA,37525.0000000002,175879.3028,776114.7517,1624766642,179422.0602,2818.00000000002,344164602.2,786481.6126,695800.3033,1253666.018,2173567.602,9361.99999999993,202045.7446,10126.53103,7102023.871,224917.1374,1580964,334,352549508,NA,263308,228699678.7,22983.12508,56035.86096,42996113.41,266300235.7,22948,1100,122252.0109,223845.1396,12,8522.223732,376,1242796
"9036-C",13406041.58,629.0341054,367144397.3,51167.0000000001,NA,NA,697590,2208417,1035081,NA,NA,NA,1604.236572,NA,NA,90457.7277,5765,833.1993,3302504.332,577255.4168,NA,1323621.99999999,72798.00866,55702.88051,1786765095,331204.991,16715.0000000001,172279312.2,325280.2083,354180.9892,3462135.281,839844.9341,5051.00000000001,107299.6454,3879.708993,3986287.216,2199.053046,4721897,107,144975295.8,NA,NA,113009520.3,13140.71066,23180.16341,22786946.38,122195173.6,29006,3898,78991.39976,452621.1198,20,8576.078764,50,1056186
"9036-E",23681047.05,442.7975512,147294513.3,381817,1514634,1643,5124725,8082170,NA,10020797,NA,483785324,253.6277113,NA,274758428,80966.09274,2808,8032.011277,36288886.18,2657974.975,NA,72140.9999999995,87400.66981,621942.7908,412990994,87472.13397,71969.9999999995,169223645.9,361185.4785,286155.1149,716632.8051,1568589.306,2550.00000000003,152398.0255,47492.83988,28294268.88,273019.7218,14406890,269448,154486974.8,NA,NA,114482332,20007.16277,38926.94928,20404603,1668855823,117407,11851,114952.2061,87092.39304,2020,1012550.485,438,185210
"9035-A",316950971.1,549388.8428,652305.0845,615961.000000002,2043157,23643,1549168,218420761,4043466,41634377,NA,882119801,1187.099149,51324596,6936480,75197.95911,3740,4311.947316,367369.118,8720534.369,3288073,79441.9999999996,274345.3692,5902585.111,229365413,24718.90017,40834.9999999999,925624610.3,3364629.327,949806.9298,1641330.253,7682739.478,10155.0000000001,1612172.867,70067.80344,333354236.4,98576.41309,48082763,5596,721445719.6,NA,23166580,1021751894,218451.98,432682.0907,213117182.2,777789493.3,32169,1028,12230.23107,8937.022863,2254,106318.8303,44746,6858294
"9035-B",29479012.49,238.4058571,99014727.54,502214.999999999,NA,38657,779062,62971965,3672897,13435221,4493791,592847326,2328.291119,21420191,1288351,188100.8271,570,5675.732422,1627359.775,1937228.833,746594,443726.000000003,184938.8125,159740.2894,250089422,212602.2571,6762,273293213.8,342594.7934,483931.8236,3686242.516,1435503.01,5297.00000000003,113927.3276,11205.07528,8297329.666,679661.6381,23250654,1358,237277201.9,NA,9643188,186560022.5,25930.47097,68000.04254,32062318.41,367572346.4,13044,3740,78666.96191,443719.3082,832,141207.3709,438,2818851
"9035-C",33398005.47,22.42378891,60487628.34,2022.99999999998,NA,NA,NA,21275174,1177512,NA,NA,NA,1554.376277,5677038,NA,142703.9734,4529,1348.485124,406526.9847,1829626.247,NA,240582.999999999,239954.9266,185699.5501,697800182,269048.7734,13430.0000000002,374104505.8,676747.9108,658840.4768,6287909.688,1671680.213,1809.99999999998,121919.1596,11774.5277,7754252.208,284409.0688,6219174,422,322308753.9,NA,NA,247959021.6,31195.56743,61935.52423,45935972.47,325629408.2,10880,570,102722.3577,650490.6732,17,24564.24149,20,749894
"9035-D",9342556.384,194.3604046,282890563.7,308713.000000002,5087619,29823,1099697,28512080,6462726,60389652,15303010,1241204628,743.2408604,17238068,933675910,29546.95232,10354,11770.89987,5703341.325,155238.9084,NA,33594.9999999998,47355.12012,688313.6091,392684882,44189.4646,37045.0000000001,100339428.1,242738.6279,240011.743,8742884.466,379546.6644,6046.99999999998,76839.92716,2029.523023,6821870.855,2224.30051,13375437,1249404,68623113.74,NA,753602,75840143.91,10082.55026,19471.90954,14730160.9,83925593.46,14784,4529,41558.50874,115484.6982,7160,7336.062567,2296,17524610
"9034-A",413906751.5,1454936.464,1006324.725,36054.9999999998,NA,1851,414321,5145829,1638043,NA,NA,NA,NA,3116678,NA,47844.92088,1705,9258.935173,867350.3108,217510.5405,2475321,379029.000000005,390118.6634,8070851.246,431714875,25551.31905,50924,1005584676,4296310.743,1008630.724,1546691.828,10033551.06,2603.00000000003,2468021.2,97512.00627,536148017.1,3687.623484,3845386,16,915632788.9,NA,NA,1000798821,376069.9952,831106.7825,228542188.1,856539880.4,14249,2389,10482.57295,4524.649452,1,48840.69315,167,7083621
"9034-B",5101750.85,396.8236214,173998913.9,333,NA,NA,NA,2487486,1425402,NA,NA,NA,2471.899053,NA,NA,162217.9295,1824,149.8120638,458504.28,393961.1409,NA,7650.00000000004,55827.28723,141483.2265,4147359565,63807.45484,1854.00000000001,96369289.72,180338.0553,142889.498,582240.1273,891965.8684,955.000000000009,39472.8036,1992.143753,2272372.569,2303.360481,2927050,68,73529285.79,NA,NA,56352997.38,7388.945004,13902.20283,10840353.68,78947882.91,3481,1705,14986.55681,9783.26281,NA,1893.160783,NA,5758261
"9034-C",8021116.009,1211.507548,280698079.3,5906.00000000001,NA,NA,274972,2883760,913345,NA,NA,NA,3918.144082,NA,NA,141130.2087,20516,999.4710736,263539.5903,613552.0043,NA,11867.0000000001,84617.95763,42824.11871,4289963338,106892.6611,1316.99999999999,140845096.7,97803.18301,229477.8336,1620572.12,1001450.081,820.000000000006,38923.19127,2479.1957,989404.7779,939.6659142,1643115,51,129891470,NA,NA,83690495.59,7458.428293,23729.96235,17046259.16,132337444.9,5842,1824,34229.39239,8789.54616,NA,2692.138313,86,2729614
"9004-D",25023266.39,1471.455877,7934203.276,13988.9999999999,14632348,3111,2728750,7168400,5507658,35335475,NA,580280766,462.5133193,4876545,737586694,54534.61372,4674,4434.858726,2177139.965,613347.3043,NA,231918.999999998,154341.8656,468346.4514,328723009,74143.61723,28868.0000000003,169341486.7,89191.88814,294155.5438,243178.5747,1098690.632,7463.99999999995,245514.5597,55887.02608,9241186.879,10731.47993,14257707,606414,122673355.2,NA,1051313,122093126.3,17275.94582,39769.3151,23386104.87,1884243906,60142,4170,91765.96016,91617.64365,7002,1318941.622,859,NA
"9034-D",35094904.88,NA,1966138.54,4473.99999999999,1575281,2514,NA,7757880,3666331,2263850,789635,155846519,898.7533114,NA,148580224,54382.42323,26461,23244.06723,3337133.828,937837.8205,NA,40137.9999999998,59674.62667,254764.1486,282598627,131205.0174,10338,85020456.83,404130.5342,144230.4574,4757347.633,322908.3481,25477.9999999998,59033.82989,4632.298768,4420454.356,51628.15719,3578983,153050,54144160.79,NA,668901,68989093.75,7331.288402,30340.60154,16834372.89,964094970.1,52341,20516,271378.46,206672.9986,952,1020415.302,142,NA
"9034-E",17385875.72,26.58198622,5032757.113,8991.00000000007,2816512,1218,311151,11923542,5674116,16619950,NA,266432280,1767.702083,3435914,342752392,92964.58969,1028,15832.52635,15032584.3,1272485.587,NA,7488.99999999998,77808.42721,276228.1866,281205977,84177.76646,3651.99999999999,101226482.2,73375.14262,148367.3561,942291.5384,893829.624,9096.99999999998,44845.28753,57492.40586,8664707.054,101845.9266,5119551,436257,85072234.06,NA,NA,71823405.89,14292.24792,26621.8592,15860379.84,2735854635,24648,26461,53630.63397,124846.7286,4297,1242193.937,151,NA
"9033-A",441300942,1033784.441,5442476.796,68746.0000000005,NA,15977,654763,30443177,1072559,21614683,NA,148327422,NA,4538710,NA,56647.81162,3378,5941.678271,134853.0509,181697.6998,NA,72788.0000000001,298059.4647,8170953.852,376561560,29787.23252,38980.9999999998,841342300.8,4605948.622,713798.4681,687707.2402,7696202.669,8494,2152309.274,82300.64801,375461330.7,23302.32995,3086455,197,772725260.8,NA,3229333,1163728805,258751.5115,486506.315,265914351.9,701532514.4,38493,5511,17060.01558,7642.394872,156,36037.34437,330247,3820183
"9033-B",42373471.7,62190.80116,1150106067,235363,3228506,2262,952579,280963724,1247264,8572708,1170350,262252416,525.9282747,76996209,17280428,98976.22409,2328,558.0924833,4948849.454,1069213.052,NA,205040.999999998,219082.5946,1668971.225,314479133,436897.7455,20918.0000000001,463358232.3,1665161.07,1023319.942,2067067.634,2667405.632,5688.99999999998,201387.9334,14491.2799,9677672.25,3631.078353,27869747,15337,414029247.1,NA,9263851,354944773.9,38837.84716,49904.0735,65134818.99,317686767.5,16937,3378,115457.3384,230403.5267,NA,2344164.898,730,2787577
"9033-C",25376077.76,546.1720129,131152356.4,5521.00000000003,NA,12,623408,1800988,1404684,NA,NA,NA,778.3162223,NA,NA,119266.4091,6041,340.196787,2644206.118,710278.5533,NA,71507.9999999999,130996.867,240471.8554,2339282852,356417.336,23140,275810002.6,874020.4162,592282.6061,6365879.616,1247535.384,1669.00000000001,166170.5135,8542.906909,10330817.45,25934.30692,3965527,0,289282048.6,NA,NA,206317901.1,22801.62634,57421.50334,42859157.85,205884125.7,9804,2328,100295.5843,373061.6538,119,2775680.78,261,617060
"9033-D",526971715.5,1335018.367,845478.7217,568287.000000002,2291752,8127,3576421,47101633,1104952,18408868,NA,430469411,NA,14645112,4339024,51178.10262,9931,5566.620618,1387722.625,683915.3605,NA,72856.0000000006,450229.4135,2176959.485,890486814,63954.63904,58213.0000000004,899596763,3448094.333,625293.9005,185403056.9,8876258.964,18861,1395954.999,78801.19191,45512176.43,1747.047024,17436355,4543,854705995.7,NA,908421,1008372334,19011.68701,43634.34018,280370084.1,1025627080,320975,6041,2197.196113,8674.992119,321,22528.37218,145270,NA
"9033-E",401730501.9,1279972.776,684661.7874,64967.9999999997,17724672,2939,8899688,30768317,1452243,9806494,NA,448041158,NA,13090610,6180799,53666.92581,2389,6945.158138,1190746.159,546584.2465,NA,41664.9999999998,304637.1543,6446145.365,470233267,23236.32557,68406,608786146.2,3828673.463,413689.9852,3563135.562,6466679.04,10714,2247644.489,79359.04364,83189879.37,2652.978157,32407575,5833,488685325.3,NA,1474095,791997712.5,364993.3481,874198.0732,211524178.5,697009162.5,53413,9931,3521.499234,4426.898588,1051,32778.76814,3888,4588219
"9032-A",267834903.9,557855.1378,807177.4194,1348846.00000001,NA,43,1031749,1302657166,1882715,NA,NA,NA,NA,783449931,NA,41866.97533,1931,3262.332091,273170.472,50175.40661,NA,332900.000000002,186104.8459,6204102.53,366459296,35147.51101,46222.9999999996,464222800.8,3493402.01,345400.2655,2029954.779,3596740.975,4134.00000000001,1095710.643,52835.54623,500499348.3,2891.89248,33621388,48,415494700.4,NA,4794938,595668946.3,226590.4282,364158.5609,164090813.7,493794894.6,27186,3468,5645.098208,3832.133906,282,33664.84016,41,5961930
"9032-B",2730508.327,210.1438734,11667934.44,812305.999999993,NA,NA,NA,86476477,3495467,NA,NA,NA,307.2958149,13511421,NA,35733.54008,1488,80.67835141,732978.6625,240582.6327,NA,103747.000000001,15044.61174,13703.28135,2276334336,25772.72048,12365.0000000001,30023882.46,31633.51695,54599.60232,137242.9573,234194.8925,3823.00000000002,10693.47196,812.0635109,1368727.028,5009.238583,3624426,31,27428696.23,NA,NA,18629087.95,1733.528556,4545.443662,4613517.183,25711643.8,16023,1931,3611.306625,101598.1212,NA,7310.261197,115,7301495
"9032-D",27146749.62,13180.12122,311714236.9,23630.0000000001,NA,900,4093403,15331690,NA,3184523,NA,48682351,808.8267034,8182989,1661755,110188.1341,8306,14326.81224,29715323.86,3372682.787,NA,4111,138921.9587,1900256.433,282469409,112414.9671,7528.99999999993,227713230.7,688570.8952,424881.4452,2443057.645,1218447.944,9059.99999999995,167323.0381,12572.648,6667151.691,66485.8963,5711596,1100,203632316.5,NA,745769,156361557.5,31738.76938,55623.04652,30124143.1,608537209.6,43524,900,86365.2868,159280.8435,3926,1694778.616,222,NA
"9032-E",20628261.45,NA,8354025.587,18381.0000000002,1889785,935,2826483,18771740,NA,4330995,NA,226364115,946.8620416,11786107,6825495,87092.19415,5511,8970.19459,1523081.994,1017925.214,NA,25254.0000000003,76919.30834,734145.9553,435061493,158978.7249,19660.0000000002,173313264.9,111560.6384,218356.0907,936834.7138,988862.1364,6459.99999999994,17683.08971,77819.12133,3035063.355,391353.9608,14134117,5760,150422670.7,NA,404770,109799872,17169.96106,33134.29033,19799073.49,3175661129,72891,8306,49172.13373,125241.6187,5313,675447.8601,334,123509
"9031-A",164237229.8,435552.9969,593593.8864,468729.000000001,NA,2349,NA,163741139,1704367,19225822,1348656,114149904,24.09851393,153960354,NA,48075.11774,4760,2212.101823,89715.22347,147200.1021,NA,997730.999999995,190530.6477,3257903.615,173424652,16836.35588,35194.0000000002,526510632.7,1340204.831,567057.8787,498236.0668,5725008.824,5715.99999999997,798867.8632,36193.84159,195519407.3,5005.4031,99941406,775,441911962.5,NA,20377170,517913328.4,129287.8185,283650.1407,93817416.4,355234705.4,12789,1585,7384.068181,5884.998858,421,48647.10305,971,6885878
"9031-B",8808395.236,241.3520056,30473344.33,808345.000000007,NA,NA,904293,7417076,1928610,NA,NA,NA,3457.305276,4637114,NA,156005.4577,1671,523.7587337,67333.4773,885725.782,NA,354783.999999997,58792.85092,55502.2527,188439722,126133.7927,15788.0000000001,128069313.9,180171.7603,241656.8058,1769071.634,765885.8027,12318.0000000001,58489.29479,4553.341961,2584448.283,106.9910952,3582709,327,120211841.8,NA,372010,82227392.92,11073.57836,21549.99711,17099228.51,104828735.5,22562,4760,99695.79545,820027.0291,2,6675.74671,78,1379609
"9031-C",10577974.11,1413.827262,113160353,8553.99999999996,NA,NA,242596,1940575,1113472,NA,NA,NA,3200.400681,NA,NA,158783.3427,6690,14124.14521,424905.6248,1038712.047,NA,104961,66385.76462,32004.00681,575643212,348104.7023,4550.99999999998,128696592.2,115651.2874,247436.0717,2430426.659,800041.4872,6732.00000000006,183223.754,3925.24525,4917820.451,14.12740538,1972944,113,113646529.2,NA,NA,107402046.5,12851.59201,25080.49145,21248280.6,155278249.8,10760,1671,179614.7453,579848.4867,6,7420.147997,163,934238
"9031-D",7072013.331,364.4344032,319603.8145,6894.00000000003,2306365,3502,1197200,8675732,NA,25601621,NA,409901759,NA,4718780,307693949,31855.77846,10748,1615.458634,197649.7952,1103855.047,NA,4751.00000000006,405446.596,764543.8402,187214220,60398.98572,7401.00000000004,821531153,3964412.414,114684.6703,67416354.52,8264119.521,9628.99999999999,146352.2149,62294.21652,262151364.3,68332.73987,2520775,336127,756500343.6,NA,3175003,710528516.1,7435.235389,14847.69363,11277421.75,820668123.4,21087,6690,20279.39931,6546.067016,2036,151413.8994,1072,1440855
"9030-A",169752592.8,486863.5428,8419179.104,25791.0000000002,2699202,7856,1618692,91437934,NA,15987426,748528,177312868,914.2748403,10350905,242937694,44945.75115,1081,6724.999381,319543.1201,307763.1967,NA,148941.000000001,212554.6783,4514107.073,444478465,15820.00232,39033.9999999997,428379907.7,2234274.379,305706.0784,1039489.859,9590013.687,8334.99999999993,1618383.291,64430.97972,55398809.81,38842.45866,11483030,386677,352723738.8,NA,787835,561121539.6,172391.6004,285531.0802,93119633.05,350329409.5,61587,4289,6914.965375,5057.971589,579,79499.24495,37196,13744754
"9030-B",37706884.32,15939.40284,279461275.8,556775,NA,12278,521618,4903444,2099432,NA,NA,NA,2234.255714,3642557,NA,113367.3823,852,13201.30839,5561755.863,3436522.533,2248396,271963.999999999,231518.7867,1077451.78,457857528,688670.4965,59524.0000000006,485940586.3,1671695.317,947850.274,7955655.079,2637687.454,11590.0000000001,249527.3525,15641.01291,10479021.28,74240.39185,4006245,72427,404039880.6,NA,NA,360104711.9,46739.6023,73462.62138,60683161.75,376025003.1,79602,1081,238336.5073,267295.0051,NA,38165.78357,2980,7974399
"9003-A",400007684.9,661155.3383,394131.5657,50357.0000000001,NA,62,723053,64869742,2582013,NA,NA,57264763,NA,48475376,NA,44133.87967,1134,2591.42879,128531.6552,438544.3763,8278272,335096.999999999,303127.8009,7556313.549,710288522,68847.01222,48546.0000000003,890190877.1,5582867.871,514184.3054,3844276.908,4747714.409,10495,1810295.191,61914.62988,900552112.6,5820.309633,10656860,50,392840417.2,3228.150657,2040543,987426482.1,276116.7741,561896.0947,213356521.4,710515240.4,7834,4503,7515.070474,6394.965722,NA,110030.2118,67,15714337
"9030-C",32703657.31,2688.502653,102466561.4,5482.00000000001,NA,NA,719983,3587210,804192,NA,NA,NA,1341.274497,NA,NA,102031.2698,7532,4751.020507,7293674.655,726035.2021,NA,97010.0000000009,147566.5609,71856.42096,1677035198,510769.5759,22374,335408166.4,676663.2026,565525.3849,1534786.301,1880460.891,2160,157190.2266,13234.13517,5075282.334,285412.4963,2662482,181,304017656.8,NA,537582,257094339.7,33051.31702,52542.74863,48591353.96,287101528.3,5173,852,102286.4266,158339.283,24,16649.83484,255,1175923
"9030-D",21151983.03,NA,10202155.42,662609.000000007,6939501,4075,1830789,15186520,1831944,96384388,NA,340059369,3255.662827,5074658,531538147,136622.662,10832,13117.86409,4817998.597,1421460.783,NA,188077.999999999,316014.2908,839541.766,891543043,30882.72616,60254.0000000005,200996006.2,122227.1038,281061.9861,952187.6998,974888.2696,11830,108092.6129,42765.89547,6994951.296,118708.838,5358360,671638,157862905.7,NA,182363,116898935.2,23807.80227,46104.48556,25607500.43,2641965106,148858,7532,53506.51142,79676.20493,146,1384710.185,1720,1244177
"9030-E",328846287.3,2654.877679,677031.7465,441946,2916634,3163,3152789,26777736,1900019,64848526,NA,258760472,1657.986851,14449422,276695863,54649.79735,1585,5857.036314,380755.7924,116437.6559,1826878,120711,307582.3912,3623008.005,538685848,53770.75759,50766.9999999997,615196352.8,816352.6883,514362.5721,356727.8982,5151141.552,19473.0000000002,878492.4856,70207.75186,124245204.8,23227.95989,6484536,381414,582486124.7,NA,554545,986853236,3456.426337,57536.34116,245563007,605940470.9,31844,10832,20871.74586,11331.46028,1238,109692.7006,31855,1569386
"9029-A",518430284.4,968280.5895,2126864.253,1126885.00000001,NA,2825,417570,572043096,1166675,414132,NA,21875659,NA,241272922,NA,66521.27689,2876,3453.885763,1175416.431,299773.1593,NA,576547.999999997,395736.5004,7336873.609,349350096,22334.85988,86445.0000000006,1106189849,3876026.195,1392552.861,954732.029,10182087.4,20078.9999999999,1874949.325,93644.13114,638216521.5,4845.090041,30837703,120,1086018894,NA,21369808,1129152218,285779.0918,496559.4064,247508172.7,930790632.9,29692,459,3354.973552,5175.601577,114,20785.23523,148,1267133
"9029-B",27719379.08,7204.531034,8825609.963,4086747,NA,3678,966788,929107298,1791018,437235,NA,NA,NA,690377824,NA,138646.5765,980,6102.973351,1684361.914,510252.5485,2618327,355572.999999996,137034.3487,10805.00598,452577303,125821.8094,146081,335123764.6,615919.0037,644653.3292,2535389.712,1796601.904,12322,69120.23779,5491.315184,7658355.61,8783.09614,71086663,20,314034679.1,NA,38062483,292803771.3,11526.96316,51377.85358,48826477.68,280188477,33244,2876,47193.65333,240595.8117,23,37167.18649,148,1585844
"9029-C",49948188.41,17297.02112,1548787038,2625.00000000003,NA,NA,276637,1928790,676559,NA,NA,NA,2208.498322,NA,NA,96181.22607,3732,14744.3637,7334173.024,541688.2586,NA,8097.00000000003,275401.6432,160871.0301,3724197969,793519.3273,153.999999999999,556871000.6,1540359.267,1106496.572,5092323.264,2901729.862,435.000000000003,178673.9132,16014.63936,16289039.66,35565.12431,1153378,13,515076735,NA,NA,389845262.7,37481.34682,110651.4731,74471374.53,398208008.8,8065,980,227680.2661,782085.9816,NA,6932.471045,18,705840
"9029-D",49220737.08,738.3335216,26343531.04,50662,3078742,2177,23630070,14589632,3383827,375293,NA,448142754,4044.138385,15541182,146619749,87843.13798,5474,15079.56554,6845286.72,1940119.118,2021663,749.000000000007,211137.4156,1582185.663,416116133,242059.615,51520.0000000005,409909880.7,881978.3488,761173.6279,964620.9969,2788725.287,6808.99999999996,290787.154,12632.05794,6219792.08,18735.3677,19355822,173607,339586433.7,NA,792455,307418381.2,42201.26425,66142.06879,52499688.62,6147084918,232875,3732,50314.27581,225411.8637,19435,15044.93683,316608,NA
"9029-E",37149703,23.40395662,13541524.62,55177.9999999996,9250344,4511,5857309,52132825,6123621,6474850,NA,342204852,3392.403512,37088916,47709413,82971.70701,4289,11724.21207,775637.5476,1921991.428,1603888,69221.0000000002,129267.0736,1501775.727,774092298,44722.62071,84532.9999999996,296189177.9,344888.8961,447872.1563,929296.2247,19430265.53,16972.9999999999,32200.33372,12964.62177,6854411.562,42907.64387,30864746,62059,220108674.6,NA,5661322,200348453.1,30449.71776,51908.80559,33867735.73,1919640629,243570,5474,21931.84775,53513.14681,5191,42747.32677,5032,NA
"9027-C",1758575.114,61.22303183,10164285.73,18046,NA,NA,NA,2940816,4273686,NA,NA,NA,414.3174971,NA,NA,29611.95621,5148,2453.919072,222028.4486,252891.3538,NA,297516.000000003,17805.65678,48288.47938,916788025,46089.69792,19736,14193922.46,68597.78333,31736.02058,721291.5279,123151.5029,5756.99999999995,19282.00646,1068.279433,1389393.235,10329.20009,1793045,50,18268356.46,NA,NA,12953994.39,2770.029828,6104.061219,3013586.544,32499934.09,10305,1122,21980.81766,22022.79917,45,19880.99261,1059,1014080
"9003-B",NA,NA,NA,4759.99999999997,NA,NA,185419,1635270,2380814,NA,NA,NA,NA,NA,NA,NA,734,NA,NA,NA,NA,15567,NA,NA,3199035923,NA,3339.99999999997,NA,NA,NA,NA,NA,1156,NA,NA,NA,NA,2825613,268,NA,NA,NA,NA,NA,NA,NA,NA,1748,1134,NA,NA,NA,NA,26,7870081
"9027-D",403843645.7,1044.751282,727066.1322,12483.9999999999,11033464,8281,1132888,54394941,959592,32528653,388538,610709371,NA,60640657,556769081,70254.71657,5258,3504.723932,365488.6098,2349030.319,3308410,132886.999999999,455068.0203,2174710.684,317423218,71876.32438,33394.9999999998,773930805.9,6474599.303,972545.5083,194594908.4,17045836.31,7626.99999999994,241863.1265,103061.1887,145215126.2,6597.956868,13305693,812756,696573634.2,NA,2341625,621430366.1,40942.71312,71923.75481,149124648.3,882277901.5,19585,5148,19513.13376,15354.63908,2463,1268378.05,1161,5353377
"9026-A",241423222,572790.8506,1025043.673,628750.999999994,NA,52891,1797476,14506568,1422241,6167835,1665844,269607277,70.49502177,NA,3987840,109764.5086,3011,4387.610155,246590.6462,290054.1169,NA,754073.000000006,276854.629,3684280.383,185235948,22744.51382,24796.0000000003,759464325.4,1779112.002,716814.0599,1550496.647,7520660.825,16364.0000000001,995499.6797,46985.40198,50195225.49,47301.21968,NA,3352,563680269.5,NA,1861651,746419112.6,148657.0821,318798.2271,135382328.1,537379113.5,19513,1842,11907.07914,13113.01398,529,27667.88615,6078,10446098
"9026-C",18689347.74,1012.5853,70620792.26,4213.00000000003,NA,NA,333930,2160033,543706,NA,NA,NA,3550.52288,3826382,NA,156955.901,1895,3610.086722,11652639.99,1187210.944,NA,129621,102965.1635,584809.4464,659403964,113352.5795,7462.00000000001,180612981.8,311496.8766,332761.1679,2228171.94,1215341.91,4019.00000000005,91434.3808,6236.075198,4685154.491,27631.14797,1766010,352,178580399.4,NA,328284,121388039.5,18902.45551,40970.85867,23393584.67,175698040.4,9715,1018,95028.92913,890740.9885,22,50642.21366,235,383319
"9026-D",NA,NA,NA,220972.000000002,4111548,6092,436832,40491127,2836615,18682999,NA,779264049,NA,4628651,116876733,NA,6261,NA,NA,NA,NA,189074.000000002,NA,NA,256986988,NA,95596.9999999993,NA,NA,NA,NA,NA,5380.00000000002,NA,NA,NA,NA,3599083,133011,NA,NA,294118,NA,NA,NA,NA,NA,66716,1895,NA,NA,490,NA,528,6215015
"9025-A",553744699.4,980198.8085,1897906.333,999945,NA,237979,2360724,33306614,1840977,NA,1596969,106330758,NA,16458550,NA,67262.22845,2565,10868.99671,1509125.174,191467.6236,NA,81064.0000000003,386083.3651,8396027.589,215513038,28606.99183,6822.00000000003,1375111978,4007636.183,1573725.925,940894.0261,11951851.77,5549.00000000005,2060358.146,84973.24563,260638868.1,4523.992905,5856333,35,1306315378,NA,39342696,1344413214,291678.2168,414642.6267,272083096.7,1042754642,272,257,7934.627005,4415.043534,NA,41815.80598,163,10415187
"9025-C",9045874.286,162.5922149,521374026.4,42782,NA,NA,258710,1863172,1426766,NA,NA,NA,2798.07929,NA,NA,121729.3072,6176,1793.491677,128474.3954,772095.6781,NA,63088.0000000004,64827.00928,14003.66928,3212381617,74736.83886,207.999999999999,121533642.4,94337.49628,200140.2324,1954742.506,651186.798,727.000000000004,39097.62082,2980.580756,1126618.878,127200.2034,1221488,112,110592730.9,NA,NA,84441836.27,6974.874198,23038.32139,14330350.23,137462278.2,3946,1511,41461.0148,17909.20065,NA,4378.376073,58,3037686
"9025-E",19078109.32,248.3312952,3659633.629,122148.999999999,5216574,4981,731648,72539372,NA,20873151,NA,657899923,2040.92144,38553858,342045252,96998.86175,1842,20169.10599,8649535.248,75793.67155,NA,2561,50051.09033,203220.5176,221304733,9078.07119,22578.0000000001,20558963.1,55011.13792,32028.15877,2099290.806,314546.9439,9958,39323.50729,12460.96837,1622866.394,223833.6597,25344839,429785,16721065.43,NA,2136555,17027424.02,4164.071785,12576.08884,4048457.944,1579972210,9050,11023,45622.24147,162010.6792,2575,238659.5314,1022,3948692
"9024-A",NA,NA,NA,571835.000000002,1742891,7370,719134,2882634234,1780155,NA,NA,NA,NA,1212436875,34281065,NA,2716,NA,NA,NA,1731614,353141.999999999,NA,NA,346363578,NA,108699.999999999,NA,NA,NA,NA,NA,2029.00000000002,NA,NA,NA,NA,85144211,37158,NA,NA,98853866,NA,NA,NA,NA,NA,21320,5238,NA,NA,286,NA,285,7653438
"9024-B",53416307.36,75863.41225,2920386.304,1378321,NA,1014,756908,472046874,2028461,NA,NA,NA,634.8177602,212660750,NA,86470.38316,3507,5558.017784,3348072.578,720667.4476,3039107,185791.000000001,170740.4234,531570.4348,297190585,83602.94361,45202.9999999999,418531772.4,1252713.996,684478.128,2064390.37,2410116.561,7618.99999999999,215858.8853,9021.271455,15661324.01,4734.906621,31803553,NA,339422979.5,NA,12880431,276004558.1,29447.07087,56067.05079,49710590.96,313461144.2,64141,2716,9856.487195,110506.0361,201,1060779.132,59,4541630
"9003-C",9750592.22,204.9753608,45709840.68,2255.00000000001,NA,NA,360376,2259828,725721,NA,NA,NA,2844.975743,NA,NA,79168.4768,7664,9657.150191,3420439.612,565674.4107,NA,4180.99999999996,88240.17897,111174.1111,2485892585,151147.7342,1505.99999999999,150008292.6,158657.7846,308360.4082,1052021.3,869580.8894,580.000000000004,50125.73045,4427.879114,4978598.55,45952.87085,1963387,63,142549583.4,NA,NA,96271781.32,12079.15002,27119.81696,21177957.61,149850796.8,4883,734,87006.21359,385385.8984,14,2921.070275,49,2885345
"9024-D",71381971.33,18901.15053,2830575.507,126212,783583,7583,598973,16793516,NA,NA,NA,349213684,NA,15529624,3763007,119767.6878,1200,36756.81299,9383661.833,674056.4741,NA,592795.999999995,53407.74811,2093498.725,448775874,799289.9121,25143.0000000002,128585921.8,288131.9018,137052.2853,75736132.66,821204.5283,3775.99999999999,51568.26016,4189.639724,2521283.454,5747.988024,6159693,3946,119684497.9,NA,1352697,79362873.69,12429.44755,15370.43187,16574524.44,3911531267,171965,3507,40800.39188,232974.7183,364,21570.87902,23927,NA
"9024-E",1131861279,37160.32681,1011658.482,121075.000000001,6963083,4871,434025,59908577,747260,58399690,NA,654769320,NA,14143649,NA,94201.17531,257,13405.88825,1282052.909,1353793.1,NA,14343,614130.9029,10821801.56,124841217,633519.8201,22634.0000000001,1354986988,7975640.897,1671592.376,74825324.28,13276658.87,5140.99999999996,213298.3426,116385.9779,14013782.95,5809.954726,15496995,1291,1103925680,NA,17559913,1760680852,18054.95676,40739.64926,522543638.3,1450677476,24550,1200,39714.09237,31039.20671,315,568883.0381,68432,1756820
"9022-A",247247891.3,779527.3115,1685115.293,1963865.99999999,NA,7606,1796436,33593287,2267811,22494151,NA,448695901,2172.328067,11516120,1385039,73516.58698,6485,10282.14772,473092.6425,130559.1733,3850283,46410.9999999999,264315.2996,3285337.481,233289084,24162.27791,46292.0000000005,851881024,1959316.839,737847.9462,491594.3545,5881627.474,6255.00000000002,1551003.265,57724.64399,175184165.2,36382.90535,64363071,2016,730820721.3,NA,3917429,901521300.9,223818.5095,433480.9889,193717958.5,569765081.5,40743,7763,23721.24813,9141.624205,NA,91071.62343,793359,4710603
"9022-B",5613838.76,20.17424508,51954136.2,560324.000000001,NA,4280,767111,268785941,976037,21636124,NA,94709432,2367.649403,18145246,NA,132912.7684,6435,1906.869645,122911.1847,1388175.278,NA,1351293,51643.64649,64620.5279,309433383,72510.27167,8125.99999999995,58518145.59,85376.59821,104812.4659,2047827.902,767153.1061,7028.00000000005,32459.55336,2550.024578,1177528.723,3188.337692,36529777,334,50035937.5,NA,16320418,41995392.06,6296.785374,13098.73385,9261482.683,77235257.4,26864,6485,40138.67801,198019.0921,470,4347.14633,1496,6029970
"9022-C",6851881.635,NA,38901455.31,15867.9999999999,NA,NA,868512,2287863,1500080,NA,NA,NA,3365.670852,NA,NA,97309.5022,21929,2171.989324,106815.1496,1676991.862,NA,1810219,65985.40071,54136.19508,599541931,95311.27202,19995.9999999999,60393683.91,175858.1272,120243.5192,3333518.839,637079.1476,5077.99999999996,17613.92082,3247.39782,2920630.604,26133.95961,9749202,69,50601512.8,NA,448883,40889108.08,7469.453034,18289.97531,9251020.158,80821807.13,76805,6435,55378.06192,169607.1784,NA,5769.825757,180,2253462
"9022-D",183311199,212.1722409,968290.7389,72498,5944037,5190,1015225,23497164,971334,22587572,2002929,475227713,NA,11736049,497618684,43319.34788,13565,5071.765247,387465.5516,3113771.913,4632229,10795,295380.5359,715924.0228,286244859,29948.53615,35499.0000000002,573796429.5,6265394.788,723789.1063,77396277.18,4926296.564,6111.00000000005,96842.76607,65519.91959,208484248.3,8253.783069,8816155,684327,556181235.5,NA,954348,557155775.9,16101.89281,30089.98431,27459189.41,644468167.2,7997,21929,4029.009407,13446.06215,2373,49072.89326,8071,6568304
"9019-A",228584950.1,424643.197,807318.5669,728601.000000005,NA,7025,1706526,263768821,1464147,4827848,NA,49307580,NA,135555718,5263073,31601.09368,10171,2425.252316,142208.9223,137735.288,NA,174870.000000001,67791.84335,5974160.596,196800681,38022.29125,30606,379180091.6,3289211.046,217640.5905,2208459.883,1866278.466,12086.0000000001,1433620.174,35458.61312,416019317.4,8014.294686,48481452,3542,248495062.5,NA,4201745,614125743.2,185937.0777,396370.7241,127848227.2,393499706.3,2576,7766,13348.08945,6526.817267,55,115691.9768,16681,7577838
"9019-B",19600692.72,1342.499143,245704627.1,1275027,NA,730,1892279,306535368,2139273,1794547,1490734,NA,4181.894243,130883775,NA,131558.3259,4876,109.2075039,32173.84867,2156937.639,1454732,4087234.00000001,175029.5025,19732.66622,267922712,249813.1066,68407.0000000006,272666092.9,68784.7229,359975.2347,1836880.571,2277937.67,24902,151807.8448,7343.263192,2484803.984,1230.467307,40906215,48,164125421.3,NA,17163354,181895684.3,17147.461,63977.70984,27303848.3,177836474.3,12717,10171,58658.55124,523920.1755,12,5161.937446,82,10498847
"9019-C",8301410.449,29.62766745,243033513,1989.00000000002,NA,NA,860915,2115268,1108555,NA,NA,NA,1147.682276,NA,NA,106623.7378,13108,240.9197169,30493.10721,676388.7325,NA,43934.0000000002,62904.99573,40548.58161,610227683,104921.7062,11028.9999999999,117588572.6,128700.2484,199960.2463,2960943.864,655430.2764,2159,39405.57739,3164.702689,2015217.024,8393.985994,2324645,157,112259437,NA,NA,67899386.99,8206.863884,24559.77697,14638587.63,97557619.28,7321,4876,45282.771,650413.0649,30,5120.908416,18,NA
"9019-D",2334231.492,NA,1024488.989,14851.9999999999,729279,5687,1132513,60052234,NA,4136828,NA,201168993,210.7906459,6274212,139288041,25175.2191,32895,4681.57189,737633.9702,291020.0901,NA,1414,13099.56575,40670.2249,485486267,46478.70631,6364.99999999994,11404426.76,42845.02899,35906.10386,395139.8141,233119.8126,1931.99999999998,12844.59743,798.9849032,921490.6204,18857.55838,2505489,147095,10790996.45,NA,128732,12229182.15,2016.774215,8160.753544,3171348.044,80773752.41,11047,13108,5694.629209,16689.31783,2826,7391.052132,81,NA
"9019-E",30751278.35,NA,6351569.146,102089,3600348,3134,6850260,9014441,NA,7700137,341502,507180076,1581.308559,4392123,445131375,98699.0157,7763,17430.16055,7915916.843,434379.7168,NA,2367.99999999999,110277.5759,963064.6008,149409108,69071.42779,9829.00000000011,255760542.8,254919.0786,505040.04,2175541.338,1417970.982,5508.99999999999,187252.295,9708.952755,6267199.452,24152.07671,3007459,621396,213773848.2,NA,NA,178061290.7,29987.41961,42947.86357,37264746.83,2703790339,6897,32895,27090.34094,230356.2301,3238,997945.5147,297,NA
"9017-A",346998758.4,638955.5323,2497371.44,635536.999999995,NA,3989,4048391,114637087,2263719,46096492,715234,256341624,NA,20005839,NA,96448.11836,6004,6764.746329,419907.7455,89481.43931,NA,529137.000000001,348053.7711,3997616.746,473269323,17233.6961,17702.9999999999,1039960845,1724848.768,1002098.726,678599.9748,8296867.978,10314.0000000001,2118137.994,76548.91027,74212339.13,170594.0292,3624680,419,903233353.4,NA,8032680,1127814378,205455.1902,376845.5916,172760942.8,724733377.8,11305,7675,30703.87102,14785.2618,92,27725.36331,527711,6149433
"9017-B",12147980.16,51.38595717,851472.2841,388080.999999999,NA,6276,2980391,473708732,2148305,13005195,NA,75621571,107.1764249,51968634,NA,54627.30994,6148,2633.530305,1071609.725,144026.396,NA,208603.999999998,58624.40332,43647.59906,454934344,120483.9197,40624.0000000003,89686762.96,1311475.335,186319.608,1214804.402,417287.7401,11358,62548.82228,2935.239282,10605907.4,17761.55609,15610755,533,89433782.19,NA,13901111,130049121.2,10953.28381,24196.91314,13665971.25,194860871,21956,6004,88432.66299,38459.4526,113,611102.724,356162,2226635
"9017-C",8479442.552,472.2134805,1920886.132,17087.0000000002,NA,NA,800326,2758405,2073213,NA,NA,NA,444.5292731,3202911,NA,99560.31958,9798,9220.423019,4118225.177,230036.78,NA,242075.000000001,104477.8258,86650.77818,1290390519,217730.7544,20575.0000000001,56911466.87,2506584.297,141194.2036,3330195.004,757317.313,4438.00000000001,113691.921,4018.16496,16309904,31005.52131,862083,15,45153362.28,NA,1226914,77507813.99,7558.579597,40414.19694,24003213.15,520825524.9,28431,6148,280557.2946,133574.7187,7,1192554.184,166,927969
"9017-D",31597543.71,NA,8740138.041,276794.999999999,5479860,430,2912715,25907431,3508247,11958466,NA,503160475,1217.946788,22214507,19603342,92831.17284,9200,26675.2849,16248841.87,1762222.736,NA,6421.99999999995,386862.6545,1049372.264,649534597,398653.9546,184410,377817357.5,330846.9471,262947.1169,2468741.572,872234.1391,15326.0000000001,69238.72784,7397.690651,5044564.014,54461.62981,7989540,13372,286712192.5,NA,1003304,390789132.1,23877.94522,70147.26551,70139829.85,4385399051,93271,9798,60914.21625,365924.0959,109,617137.5753,3523,298979
"9016-A",511520420.6,1053852.28,1178300.734,434072.000000001,NA,79,788420,2301637748,2059258,NA,NA,NA,12.8854194,859743584,NA,65705.97488,949,10194.51432,1202219.294,172031.0868,NA,78156.0000000005,401436.6511,8978378.768,394749329,32301.59887,95028.9999999997,878495005.7,4706545.471,777863.777,1756943.042,13044499.57,9806.99999999998,2518275.9,99182.29448,395742002.3,5840.316343,82064002,14,803690620.1,NA,13567567,1054543263,364984.8734,692031.8508,226723234.5,851919868.7,18539,1572,6855.043121,7566.962543,138,27113.06999,385,6348217
