"sample_id","(+/-)-Tryptophan","(N(1) + N(8))-acetylspermidine","1-methyl-4-imidazoleacetate","1H-Indole-3-propanoic acid","2-aminoadipate","2-hydroxy-3-methylpentanoate","2,3-Pyridinedicarboxylate","2,5-Dihydroxybenzoate","3-Hydroxyanthranilate","3-Phenyllactate","39.01_1H-indole","4-acetamidobutanoate","4-imidazoleacetate","4-Imidazoleacrylic acid","Ala","Arg","Asp","citrulline","DL-Leucine","DL-Lysine","DL-METHIONINE","DL-Ornithine","Dl-Proline","Gln","Gly","His","histamine","homovanillate","I(-)","imidazole propionate","indole-3-lactate","L-(-)-Phenylalanine.1","L-serine","L-threonine","L-tyrosine","L-valine","N-epsilon-acetyl-L-lysine","pipecolic acid","taurine","xanthurenate"
"9016-B_S",55928496,49197,5000,NA,325298,3319429,1873978,NA,149,983810,45975,11919,100292,31475,165496,1905789,14894566,99761,125236130,1378847,116976,24895768,4374181,1367741,25763,102668797,749,2019993,70687543,352,1198828,88175483,21646,96094,24730030,143544013,4757,24688,236100,NA
"9016-C_S",36967535,60295,4370,NA,319638,3584568,3103118,32581,85,669172,49270,10118,97554,52465,143480,2000181,14816966,68177,157417040,1641306,150737,34066128,4514897,1516872,25719,125657841,269,2262397,94266185,232,885098,104416739,27440,114622,30969335,181564587,5824,19641,242953,92070
"9016-D_S",46320006,49519,19608,193134,352809,4168225,2729279,58854,210,1187560,43585,10202,77115,45655,130799,1872200,14781224,85393,123462127,1293005,133258,21934180,3485077,1140559,21972,88869923,3043,2617291,67847846,472,1475242,89071822,19572,87377,25833291,132391784,4566,19553,237963,335941
"9016-E_S",40775848,44476,4496157,1083387,318441,4302404,2504199,823101,124,1311008,45654,9343,81818,66169,103540,1586842,10990656,91283,112460151,947689,120652,23449509,2497529,992330,20652,90029869,528,2079919,62548079,2428,1933968,91147610,21228,86544,17960773,148570869,6522,38308,252745,314875
"9015-A_S",65286537,50215,641326,NA,386507,5688749,2314115,683832,256,849426,47966,5735,42553,55176,130351,1601964,17349616,51909,125026884,903258,116394,13886010,2175715,943913,10563,91083954,386,1881589,70352208,277,1692804,86208558,17977,61068,21275572,134663080,5021,19465,242661,111586
"9015-B_S",61262885,58166,550062,697670,405908,4858085,2645624,1043393,228,701734,47912,6185,38133,87598,131320,1413300,16912572,49416,135957751,974253,115630,17847747,2315305,1085568,11382,93769702,674,1791358,76957949,552,1659699,86910198,21153,80626,20499160,146175391,5701,28825,201417,NA
"9015-C_S",106341147,164123,291980,NA,299388,5388952,2401253,1351163,974,631449,98258,18399,95765,67819,283379,3451750,14705580,93349,301035972,1992356,294756,62688041,5915775,3406983,29367,274527692,380,1786647,188150961,490,1567002,154764130,43645,129930,49321343,273017813,11030,300779,524506,167893
"9015-D_S",56589528,62998,566820,1382152,296137,5086695,2353254,5138032,341,690958,51218,6486,75883,47162,100285,1469668,14390843,45406,131208270,793093,109650,10492018,1972620,911616,8669,104750412,601,1142209,73867851,319,2006346,78629597,17630,65191,14443084,126890872,5405,31726,248031,210661
"9002-B_S",64135559,61462,5789,310921,390086,6397891,2494922,4658311,156,1938439,61841,14132,145618,54980,152087,1958808,15002047,116931,166198100,1017146,163284,46461895,3053119,1443155,22171,160296165,54,3091921,96729054,347,4689333,104181760,27069,65101,20339023,153516265,5506,256501,298414,222444
"9009-A_S",89854180,50630,4675,NA,753231,5733397,2530719,NA,157,1604204,41776,11782,214962,62640,157472,1573576,9657617,83245,184351661,1118678,161420,22508223,3240833,1299911,12518,118671088,1452,3354912,103271182,438,2246419,104760016,17828,63799,22381893,167619802,6656,18250,248005,92901
"9009-B_S",101067420,53508,128336,NA,629602,6440522,2267148,NA,101,1659910,36775,9899,78957,86349,191763,1340999,9913514,77761,161747184,1059577,170305,21754869,4289076,1304577,12604,109982219,8451,3838692,101911948,354,2393168,103078838,18845,80843,25695821,172633049,5837,22011,262928,39211
"9009-C_S",62328517,61075,162864,NA,870506,6733070,2903771,NA,246,963668,41658,10072,69239,82672,147894,1211589,9336258,36072,199699618,1048135,183396,22731971,4374520,1344717,13889,119322168,1588,4392529,127982313,634,2057113,104276778,20801,89358,28357806,213367394,5771,19990,251483,200178
"9009-D_S",95088109,52718,158196,87145,847987,6051241,2282316,NA,386,1732623,47601,12900,70449,114232,186663,1374804,9733373,72523,154783389,1016059,165061,21725396,3456123,1213991,12838,110036412,647,4567432,84850898,1113,2633461,94434671,17649,81427,28882166,169645599,6315,23736,254052,220809
"9009-E_S",55201325,42857,732622,1636391,527846,6439418,1906348,989998,171,845048,48829,12459,85615,97752,118297,1258943,8828486,71257,119079653,688905,113205,20457838,2364043,1067036,11319,90688694,216,3277086,64957727,1543,2484500,68693632,17404,59764,18932731,134229304,5245,21120,228588,140019
"9008-A_S",53705811,47691,131046,NA,224048,6800073,3582897,5450840,267,573764,64117,10957,38653,28905,110500,1297589,8290630,60698,131715902,545090,118956,23543487,2432949,1114817,12607,79905382,NA,2333222,81358455,223,1995306,81627507,16820,48971,17605327,122119112,4992,60121,234169,121965
"9015-E_S",53486814,52490,408897,1152125,198645,3313082,1949156,830211,251,436637,52232,7380,55551,46291,97854,1148309,11461128,39403,106486513,646672,90349,9137697,1781235,866636,8455,91882719,63,1000160,64965850,202,1543663,65228937,14830,55911,12562442,108906532,4782,23321,270720,171172
"9014-A_S",69020336,63654,10580,NA,NA,3971979,3138200,6786342,102,1233175,45441,21150,107953,51105,163242,2217463,16804148,133215,125166408,914090,139978,33117811,2578330,1491255,21203,111896791,209,1487938,62527629,1183,2360339,92717067,24081,82850,20642392,116999727,9624,44559,450255,NA
"9003-E_S",75055597,43609,1730437,2931017,387021,3131097,2314511,1757323,79,1113597,63413,8809,90714,60882,154363,1738193,10497245,79950,120660554,805238,112539,22691270,4665084,1147100,15694,89698591,NA,1436374,77200007,514,1872516,81203900,15842,84744,17781968,128315774,4568,22444,269308,104157
"9014-B_S",72424684,60574,4515,NA,181395,4424068,3511591,10353803,353,1091471,60836,20562,117056,48341,160542,1932020,19759676,135662,117803607,819015,135172,32883979,2824102,1442136,23347,102850692,127,1676810,73886395,5031,2830235,100598095,26266,82123,20708373,118995125,12522,57006,586725,NA
"9014-C_S",50573662,69592,14458,NA,NA,4543572,2846875,NA,81,734567,57213,13227,81128,14984,172603,1735283,14889370,84285,134662375,919863,156571,29534339,3192153,1668695,28977,117966123,4,1441211,96710441,535,1206670,87516074,33593,93306,21204542,130140880,9304,28584,506680,NA
"9014-D_S",55440961,64808,5590,21764472,115267,5038199,3175955,4877445,312,910543,58352,14640,75330,28047,159464,2026585,15007779,106747,129657364,955239,123849,33609242,2329599,1493800,23329,124685050,23,1683377,77861967,798,1679375,88194121,29186,82818,18871687,130795482,9160,33076,459075,NA
"9002-A_S",62660735,55716,230319,871782,359371,6778368,1996738,3058840,198,1654215,62508,12223,247750,31415,144949,1912153,17949577,103832,141752241,878935,139269,43304953,2728357,1446947,23103,130321363,NA,2906442,85393087,1516,4096208,85152656,23815,57338,15982098,136306996,5524,98649,309091,98329
"9013-A_S",91270623,49905,NA,NA,362397,4449427,3114221,NA,359,899142,43396,8691,154266,53417,135988,2024106,15736808,107050,180331246,1338463,156057,34637702,3803000,1202605,12429,114035016,71,1437168,106105496,383,1525035,114123527,21667,67725,27045266,175994157,5817,19232,321231,NA
"9013-B_S",74529252,48612,7846,NA,415268,4550214,3064341,NA,50,564595,51181,10658,133390,49495,100108,1822230,14766515,101838,208556878,1332444,135083,36990479,3344541,1214652,12297,121334579,165,1757417,115295940,232,1331805,107955565,22596,58807,21503976,188182785,5987,17645,280298,143397
"9008-B_S",63916806,41902,4135103,4052994,268256,6102024,4197218,2140482,303,774186,45955,9249,118373,47125,123814,1440382,8456709,83662,151579702,717803,129630,23642037,3622247,1207768,26636,84482964,179,2055006,92294091,316,1984400,92325013,24180,73401,14273652,151539738,5469,12264,272300,95673
"9008-C_S",68620275,72637,3531,NA,173248,7094153,4212578,184108,312,NA,69397,14688,68100,40406,123618,1686584,7534582,69744,119320483,594421,102138,33966655,2536054,1093188,14823,89581515,NA,2648902,96817563,255,1646476,70059665,17945,68309,22310604,142645241,5873,27171,228385,37322
"9008-D_S",61260430,57114,118380,8792797,218612,6889756,3884376,1834259,250,672041,62161,13312,63241,37045,108840,1514524,10884731,54928,146198351,662808,114431,29278514,2077935,1161732,14874,90286388,106,2405851,88581059,917,1652083,85269963,21648,62746,17938953,140238900,5652,66418,295209,76007
"9006-A_S",86616347,47241,801077,NA,642863,5063223,2894255,1381523,322,601722,44984,7539,120835,28247,130642,1862699,12988087,72497,159987049,1259501,147642,30337054,3752250,1091868,14834,108148597,45,1495635,90519470,1063,2438355,105067232,22393,68680,23110726,155624741,6300,23408,309155,NA
"9002-C_S",52814913,53155,40734,NA,246901,6216569,2509196,77741,69,1147883,53523,9127,129434,95555,144003,1552019,14228981,61472,137102808,976999,148430,41551349,3220762,1371483,23587,146156577,NA,2787544,79818731,638,2630550,79053152,26706,63229,17477632,118522084,5053,18915,281897,NA
"9006-B_S",88108778,55958,1095794,522236,648551,6757251,3204097,779231,405,872623,46349,8079,100242,66667,146436,2047202,12600923,73988,176729762,1439626,174080,34535883,3776669,1224644,15429,118973715,16,1966964,116240391,596,2461627,110383223,25513,86911,22676603,170866254,6661,26222,331094,119641
"9006-C_S",72159695,56177,368823,NA,789207,5336788,3757111,NA,450,624210,50171,6323,88789,41440,145067,1880709,12496663,47323,153114816,1354291,163418,32258019,4272478,1135957,17248,119983766,NA,1440310,90767066,528,2635084,101482644,22093,81367,20090934,144436734,6573,26224,334536,89905
"9013-C_S",70398513,51727,9857,NA,440655,4715700,3559199,NA,283,530608,40541,8808,145667,62404,113132,1597463,18466386,60384,200640201,1330946,153312,32265207,3633847,1265822,12494,117275411,125,1639487,115585921,380,1368313,114016754,21452,65835,23686381,189577384,6145,18064,303957,NA
"9013-D_S",68329132,45202,19992,141120,444285,4854441,3627582,NA,385,407526,45361,9858,127998,65420,104480,1654983,23477553,83521,197006001,1195273,135665,28650709,3009215,1178906,11222,112751581,NA,1845623,97114600,277,1403899,103307180,17162,53991,23597569,178409601,6014,16743,325424,NA
"9013-E_S",61103433,47662,147950,1463932,224722,3266278,3031846,1576771,264,451390,44226,12335,96720,108600,146223,1857371,15071644,105902,133638798,781519,123914,34990540,3719865,1325249,12830,111628078,NA,1696986,72959909,1338,1595619,93647154,19708,68377,25453652,124301447,5455,24224,348434,188764
"9010-A_S",60316603,44117,836286,62290,186579,6296073,3931037,2194088,217,1361126,51206,6846,116865,86452,136712,1815317,8488695,76225,102630961,677632,106248,20782499,2919216,1207586,19770,94292697,1805,1946428,63901102,1620,1171125,84106090,29852,88241,18990559,106291276,4739,21887,249815,NA
"9010-B_S",54684072,46068,618900,1547171,253052,6263857,4306189,1053786,246,957440,41145,6553,107180,54211,95791,1505173,7655969,63860,128754087,856120,98841,22491029,2427469,1077483,17434,105796207,873,1948361,89979185,642,1061891,75217382,30009,107887,12884749,139861631,5010,22303,207348,NA
"9010-C_S",54232757,54494,422756,NA,335144,5195834,3899062,26806,381,1065164,45570,5228,84519,34081,138320,1315635,9304113,33159,134475217,743890,110044,16620071,3281057,1104715,20242,108001534,272,1393543,84556078,1024,983435,90743214,26890,86283,14168752,130783837,4807,23347,230229,121795
"9010-D_S",54829631,34380,733368,1916251,284596,6136510,3830666,1831371,351,948461,46134,7467,83642,32779,74303,1020317,8299019,51664,118036392,734034,82608,11132200,2108384,923331,13579,97237760,329,1721388,74363473,733,1856079,70043102,21947,56847,11605914,128330212,4729,21084,226691,163682
"9010-E_S",52054891,36549,839739,1227753,244160,5155044,3260111,1608356,233,1547387,50722,6707,66924,53341,125206,1061115,8089493,47810,89480293,669086,95456,16411426,2342567,961215,15371,88783438,NA,1539430,61836230,914,1193540,76630540,20245,65536,12904583,108000016,3817,25887,286391,81952
"9006-D_S",83208381,54723,1006178,2921823,721227,5289752,3163758,2057095,466,774850,48048,8420,83567,43260,134552,1822414,9964458,79387,185999158,1360293,164632,42917000,4099748,1198052,15994,113449369,39,1854014,101990593,416,2878799,112563896,22632,73132,25030122,172072016,7287,31341,370711,NA
"9006-E_S",79467634,51649,1297603,3011880,872555,5333183,3203251,2782228,342,606538,55536,9952,107351,52017,131865,2051910,11514973,89697,142458561,1396121,157412,35733581,3628299,1185460,15197,115819276,NA,2128306,90799269,902,3280736,92145257,22409,100567,25198805,158588613,7540,29369,392780,148154
"9005-A_S",68441236,38093,2611091,237062,401997,8576994,5536035,932803,486,1623402,46199,8674,91306,73529,148399,1386954,6317650,83680,144476163,647817,158109,30379252,6798822,1166690,20025,83215380,29,2829682,87700459,1009,3899206,76637082,15088,71267,23001532,174093703,5964,15391,238708,78942
"9005-B_S",66383242,44629,4340528,NA,309165,7793740,4319718,696754,388,1602676,49578,10029,131059,85586,154599,1440380,9342288,85680,161590047,807104,130887,27752243,3924457,1263312,28355,94431171,65,2271781,80140416,735,3113185,99851724,18564,65198,18929162,154561974,6439,12179,280371,46362
"9005-C_S",75576727,40597,3563009,NA,485670,9487745,4226790,NA,20,1789094,47122,9376,141695,104857,149610,1433260,13893034,71229,152402274,692989,131105,20273569,3868440,1215485,25549,84274386,196,2837915,87872004,759,3352894,98849601,19266,67653,17159006,139101730,5707,10273,267424,172977
"9040-E_S",76080458,38721,1064428,2785957,444343,7767887,1924673,531102,371,2355778,44964,10423,69387,55319,144730,1484617,24454027,74331,162384057,718042,151982,16044579,2128420,970641,12119,87126581,646,3629207,90948216,1165,3008699,93282777,14187,52115,28231594,160803068,5303,17945,241704,251965
"9038-A_S",48096729,37697,7547,NA,553710,5627122,3583300,NA,424,472800,39109,12528,64564,37739,212300,1565887,11104322,65160,171246796,1464352,119169,25385425,4330295,962878,9486,105043264,347,2217191,100423093,596,1758087,82728293,14267,67590,26778645,206419291,6109,23681,256307,200426
"9038-E_S",41048616,33380,1241552,2095640,398759,5106391,3519728,1148912,422,515345,49040,12319,64743,47760,166746,1486788,24052596,64286,160469706,1212776,110302,27400721,3446732,1022001,9080,102278266,NA,2173418,90189636,598,2211290,77362608,15427,59679,27559107,183628001,7458,14738,275507,179626
"9037-C_S",60951953,53563,1903771,NA,506830,9232229,3466368,NA,109,1103102,35424,6524,72686,50103,138096,1550102,27141575,27110,131095797,1081574,155861,24385734,3109895,1004261,14491,81623011,286,2917383,82246812,448,2355948,93499388,19093,62670,18841649,135018928,3676,14323,254425,127767
"9005-E_S",59511074,44273,8361,6736058,786289,6671026,4242992,1190570,980,1952488,44626,10865,104678,52062,120608,1660607,14187033,78158,155448842,1084473,136674,20463307,2733208,1015496,12110,76003331,1094,3082753,97174112,1052,4679339,92327034,15001,61123,27868161,157553139,6413,12839,239138,441376
"9004-A_S",96875081,45964,5523,NA,82090,5082975,1631963,4258486,150,956774,60200,13404,73309,49122,108214,1346399,15531499,70648,124804123,521434,113601,22545076,2943054,1235100,14470,85333109,NA,2655693,86358210,574,5972120,74414852,12702,67352,23108954,111501326,6174,20282,199651,NA
"9040-A_S",85975989,37812,1780996,296593,579630,8102180,2361805,2474598,415,1536796,41274,9579,62912,87506,138457,1769497,37170818,73550,182975247,760606,143745,19682195,2636178,1012609,11686,88979633,1439,3130786,121540423,1176,3408455,105341392,13164,48776,22864322,169148962,4900,14186,238099,205436
"9040-B_S",87658436,43609,2166715,912379,463584,8172399,3079248,2260331,237,1688557,35785,10370,63610,40690,145193,1742756,14779171,71758,177354400,831848,162621,18432149,2617978,1112778,11657,90815479,1006,3745938,116066450,1681,3071225,109843890,14290,57191,23491941,166990312,4928,15151,226115,102926
"9002-D_S",53413556,49116,115540,3524523,280461,5679697,1813344,4267115,88,1522524,59156,10655,130272,43450,123619,1742666,18030112,100019,138442078,811773,122583,39093856,3003767,1399955,19102,141530938,193,3138561,65332159,873,3696311,81897853,20077,53386,17128343,139060587,4828,24733,305731,175565
"9040-C_S",83387610,49895,1200213,NA,788671,9615967,3305709,54134,598,1638773,40050,8337,62493,49581,171975,1764149,16689963,37070,214134357,965597,175553,22016050,3031784,1092753,13439,100287058,2576,3924304,134079720,1390,3094084,121970941,14823,62005,27727802,192052962,6565,16156,271082,302281
"9040-D_S",81895280,48058,1681074,7605917,527204,10035131,2314435,2261563,493,2026582,43702,9047,80055,66180,188758,1979105,15629123,71587,198576991,853370,194587,17943256,2680754,1116417,12584,97542611,631,4115904,122526105,908,2994681,113384646,14121,56656,29379216,169063138,5030,15754,257885,271437
"9004-B_S",63178701,56791,7835,NA,97475,4577732,1889329,5326044,14,1092900,54681,14894,73548,39515,138429,1471692,15178576,89418,128138554,834472,166548,24668187,2975809,1292120,15728,105015711,29,1995684,72550749,629,1773562,92786672,21529,74465,21849200,113308109,5757,15681,224648,NA
"9038-B_S",46801065,33394,3587,NA,433937,5205799,3164073,NA,342,460269,39578,13389,49162,45587,204302,1178223,11547284,56175,143924326,1173790,108556,19806262,4210665,893089,8900,75814547,186,2520873,87614043,329,1552155,82776537,11840,68260,25106773,183666150,5453,21485,224215,125814
"9038-D_S",43922721,35850,144357,621920,395730,6109688,3187584,NA,449,886004,40683,14140,60387,30875,192082,1185634,24189728,46789,172845487,1188983,114373,25081551,4000949,918218,8596,83401111,163,2882065,101772121,825,1585212,83540228,10592,58198,30703960,205654751,5869,22475,309789,145550
"9037-A_S",67454764,47624,2422819,NA,481737,7850051,2360232,1242587,223,1066501,34472,6104,95956,33055,132092,1586359,25198660,49008,125645027,967300,155401,20849128,2954908,973471,12253,72976381,2107,2239757,73876603,851,2241373,96655752,18775,61776,19813134,139058431,4161,18965,252444,94698
"9037-B_S",82475790,57403,1988114,NA,517371,7629759,2512316,1121163,346,1280252,32563,6646,102757,35044,135471,1941874,26993243,57833,153967805,1239939,186012,26588589,3204987,1045488,12643,93274743,NA,2913141,86325848,890,2429797,115317305,19923,69389,22658265,161044704,3528,16611,281755,182181
"9037-D_S",62785001,53376,1896254,7006350,549263,7999921,2301992,1790874,341,1298967,35354,6009,73072,61194,137937,1662241,27091234,57579,159507360,1099073,174014,23946649,2794687,1101580,12481,89617537,323,3200422,89699654,225,2380915,106467528,18069,58796,21396187,155833670,3791,17545,275220,237447
"9037-E_S",69334487,42415,2915592,6186395,351917,6244410,2008014,2825781,215,1272946,38501,7410,82969,44482,147148,1433579,23081562,51216,105422544,743362,153209,19259968,2811451,980757,13203,72153726,154,2744153,62204562,335,2599522,87400818,16777,57138,17844364,120383655,3529,13756,244004,104863
"9036-A_S",79502378,53330,2120337,70390,612900,4501969,3087481,2155122,503,646721,39582,8245,177806,36089,153041,2341934,27204786,85715,158073049,1538716,142557,33428836,2895243,1267737,13646,111737229,171,2008478,89707436,4491,2168973,98839815,14291,65832,23348632,152623917,6163,19683,280735,149506
"9004-C_S",65027308,51055,12316,NA,NA,4917808,2030887,NA,208,557041,61411,14027,74002,89371,139615,1328889,16422686,67475,104929168,624077,120044,22413920,3016731,1234294,18515,86351633,NA,1654668,66261777,593,1391219,77395564,21067,70234,22163364,112964106,5239,21124,223808,144777
"9036-C_S",75393843,69227,789434,NA,1116313,4388925,4080224,99497,585,759526,38958,9420,143551,35238,190999,2355955,27250580,56113,202412609,1709257,203525,42578243,4737747,1339587,16502,147550119,344,2414703,123982938,1899,1790627,118991723,20854,89415,26661247,186306499,7369,19815,279191,264645
"9036-E_S",79384682,51443,2014398,176835,873703,3944290,3340764,2124068,689,976484,41100,7377,135708,38370,144701,2503946,24664714,95782,169129140,1458665,141304,41927943,2761499,1250912,13190,131062121,1020,2424112,91712946,1408,2337710,88963821,14506,63617,22295680,160557929,7105,17959,315414,272055
"9035-A_S",77234943,64609,324450,542782,257128,6177430,2519443,1671752,160,2950419,54528,12447,242618,66365,158877,2342192,22529326,96377,145924446,755612,157308,33741429,3451296,1311036,20779,93847595,1985,1813597,116154478,3919,2716279,95220928,21563,63993,18944257,141100510,7235,41368,223236,38984
"9035-B_S",77956706,61616,174374,NA,202764,5034304,2201081,1765754,152,1072271,56164,16654,207625,49120,172366,2166167,26895724,98502,149049835,753950,173140,27402670,3985713,1421796,18694,101566841,760,2049915,101208978,3241,1820514,107445129,23524,61665,20000408,134469189,4991,28992,229235,58114
"9035-C_S",66640240,68593,171528,NA,374818,7384264,2600124,158909,209,1513050,50953,9486,227512,40798,126914,1771930,20018397,37786,142788349,1182299,174211,25637941,3111591,1485912,22136,115221734,601,1970718,95371120,1220,1474666,92511146,25478,77683,17948207,132540002,5535,22476,261464,79166
"9035-D_S",68435348,51544,258489,2230642,309846,5621086,2616416,3981759,244,1534533,54647,11089,275391,28880,122325,2030226,16665812,87081,138760239,827901,140776,26886264,3378631,1330189,16274,96943060,771,1988354,84211455,387,1685224,86930258,20084,58860,16268172,132326431,5248,19275,236010,118173
"9034-A_S",76919659,50872,NA,NA,201300,2422096,3794864,NA,155,593731,48216,13447,66712,80327,178345,1614176,19102122,91255,137175236,1125576,125720,23929978,4331664,1248962,27451,105006417,302,1793760,81290877,277,1933264,96578447,22540,63521,26288489,156456965,5635,13770,329260,NA
"9034-B_S",96827985,71074,5547,NA,291280,2821794,2922694,NA,370,622907,46483,14204,11837,78283,260313,2089498,19935555,114603,142632225,1563413,146092,34978022,5648619,1686076,37061,120537405,541,1977447,85515287,71,1478843,47410781,31090,116666,30858720,153624088,6145,18986,324963,NA
"9034-C_S",40779852,78808,6076,NA,359756,4627201,3336180,NA,332,528345,49732,13474,51286,43569,206684,2079948,15236357,45029,140416473,1778372,172935,37154245,5388503,1886142,35048,138990099,295,2208017,96706326,75,1286513,95778876,38447,127179,30488108,166006437,5746,15008,307543,NA
"9004-D_S",66437724,42603,7492,902267,NA,4284458,2014824,4352279,97,1324970,58744,15913,86803,82286,115899,1615966,12345459,76846,107419333,710634,124565,20843808,2123124,1157435,13320,102535352,165,1744288,53461437,362,1756960,92185113,18485,58951,19788774,104416133,4622,15840,254684,92558
"9034-D_S",60987013,64877,9855,580237,299668,2966649,3152218,NA,469,1014045,52045,12570,58161,118655,218095,2109325,15766526,92499,126811702,1443416,157322,29968435,4635158,1519564,33836,121283066,295,2360500,70795053,307,1819489,95922244,28275,112911,29622870,148313703,6192,20378,373472,NA
"9034-E_S",49062006,64381,16874,5820612,181961,3779676,3327290,3350078,277,880997,58462,13553,53721,52461,145630,2148009,14743390,88784,96985771,1055327,112184,34061754,2749398,1453944,29607,103082183,88,2356622,54713510,303,2053377,80863712,31968,98023,23817954,114106032,6172,94608,268236,NA
"9033-A_S",67450306,51307,2077754,70512,877037,5424641,3425939,2228789,480,1394461,52105,13192,257815,29148,176713,2111966,17997257,90215,157741538,1187124,165671,29638796,4787684,1434402,14553,136380653,66,3977446,91304603,814,2707410,109430454,17105,80147,30133967,157986333,5727,21037,248664,NA
"9033-B_S",61720944,44010,1941469,2034232,754417,4437571,3315345,813619,542,1308175,43516,11840,199651,40108,131738,1709240,18500965,93415,143910862,1051850,137083,34076446,4118417,1219714,11577,122850163,88,3095696,84052458,635,2248364,97422061,18603,79383,25618991,157514906,5755,17492,227817,NA
"9033-C_S",56170200,52530,1669298,NA,1059803,5855969,4028384,115877,699,1415930,53641,10404,203802,27190,135551,1798346,21418511,58932,184042802,1114016,158122,34108555,4176338,1336329,14019,132238517,93,3245075,111118031,1243,1944039,113699091,19257,67649,30480469,163839974,6573,15912,239422,NA
"9033-D_S",53989153,40381,2801261,1198355,787951,5412924,3931203,1681605,542,1465479,54059,12844,166004,30543,150785,1810573,18982056,84410,145259684,934211,136124,27398793,3895558,1176957,11073,111461169,155,4331967,77511986,665,2809360,92710593,11531,54755,29145383,145683873,5183,17922,275383,NA
"9033-E_S",54795266,43660,3489579,598052,817713,4353731,3905516,2121306,348,1160443,53353,12553,204279,29218,136236,1766668,16044283,99957,147190879,1078779,136366,30023894,4599125,1233999,12123,131373590,22,4018797,76920774,683,2711055,83176134,14008,70168,34241638,161533696,5876,20053,262172,NA
"9032-A_S",51477658,46862,NA,NA,831309,7235688,4348429,NA,770,1389783,45877,9051,95203,45564,91407,1549421,17027139,63701,143975520,1104628,131971,21034790,2806470,1085396,12378,76832851,3178,2515247,97254003,711,1699498,96061091,16832,68566,25571315,163500932,6347,11836,240288,284369
"9032-B_S",49295521,35984,NA,NA,755813,6069822,4015194,NA,568,689874,51862,8173,83132,29635,85429,1428234,15287426,64148,142764034,698695,112304,19652466,1974152,1010524,9996,73809991,389,2478689,75377975,826,1460162,99856954,16624,52245,21579377,127517162,6023,7905,221995,250056
"9032-D_S",52408462,46481,14376,208767,1017637,5478779,2921962,39577,902,900729,46538,12397,88760,40666,111083,1632031,16419486,73761,158544159,1101310,123322,20729087,2831760,1128495,12334,80191780,1145,2483278,96932645,778,1512656,94724791,16535,67342,25372197,165846487,6461,12066,215395,327931
"9032-E_S",90409755,45781,2159688,1184141,441309,4485304,5835052,304157,245,641636,38978,12082,70011,46573,151797,1845827,13890681,75930,182910612,883453,167520,20163953,2752227,1185336,12346,98258644,749,2000202,120521086,1628,1417103,114224989,15190,58685,23979893,169715138,5370,16172,233786,135386
"9031-A_S",43621136,57223,8297,NA,142977,5910469,3220120,2093020,355,1197668,73673,14407,96587,36755,112477,1973863,13616720,107551,132134729,981715,126728,34115078,3030369,1224766,22391,117524108,30,1635642,82640694,2561,1546323,86811415,31500,67826,21072889,129925982,7206,21984,324105,NA
"9031-B_S",58238669,53689,5746,NA,NA,6097366,2374215,622974,166,2509149,62096,16164,103866,30772,210095,1895656,13459514,106030,127144897,1080145,168657,30813017,4033769,1402959,28954,117233136,12,2731020,72595437,2178,1818731,101027069,30558,77552,29837461,120927602,8010,54426,404441,NA
"9031-C_S",49508460,54955,4117,NA,NA,5179537,2129667,NA,NA,804277,74908,10540,73933,67117,187883,1772119,15002638,77208,112057764,965380,171408,30662512,3999996,1375297,33139,109128652,17,2534118,71752844,2339,1221928,90781765,29957,81286,25611390,106169909,6781,13109,371417,NA
"9031-D_S",48318311,44143,60951,6943882,196290,5611709,1652025,4650958,100,1150387,75134,16024,101255,120762,130670,1440459,12345663,80559,99657783,798936,116628,23673257,2659888,1098402,19139,105811583,NA,2382854,55498943,2113,1366397,85470846,23211,51571,23540418,101738851,7315,79789,413823,NA
"9030-A_S",77612565,47554,2654462,391543,661507,7441036,3227862,1269909,234,928125,47146,10256,83440,47511,116936,1944067,15985714,85002,175135971,980699,152995,26762418,3042622,1075930,14654,90381377,3436,2372049,109648000,1313,2099686,117973438,24832,87329,19909372,159083214,6051,16487,279393,NA
"9030-B_S",66716951,52706,1980259,NA,242870,2480656,4170172,NA,59,436884,50658,11857,62575,63873,126256,2119928,19495025,78632,166987037,1121327,157683,33195306,3157694,1179685,15874,97638930,1209,1720723,105711830,1000,2041864,106200140,30901,98204,18963229,164558688,5777,18853,233953,88898
"9003-A_S",76664302,57857,83158,NA,585669,4569806,3704536,NA,412,1498842,55786,11544,75133,189436,157543,1846126,7862408,84379,153916929,1147529,171957,22977770,4896198,1193060,15609,104673129,11083,2027694,96652904,695,1871701,102807174,23511,95209,23638126,149210813,6113,17540,292392,203229
"9030-C_S",66714111,51214,1434335,NA,605795,8800372,3598177,58033,311,837970,50484,8802,72874,46036,114918,1705387,14570613,40335,180877037,1071597,157802,27466129,3351987,1160746,15776,93811968,1382,2460033,118824933,440,1884942,111887417,24621,82910,19593000,166797496,6054,17599,286030,NA
"9030-D_S",58447645,49202,1663831,1271418,469381,8208352,2327772,3563147,229,918302,55442,12022,83754,49947,112011,2257022,13303652,83950,170245767,1002818,152418,32028648,2942441,1184939,14264,92607190,4271,2384053,101203977,457,1569398,105367627,24972,79236,21578219,149871483,5851,26093,284812,NA
"9030-E_S",53602791,37241,387592,999403,749478,9735423,2508868,2482642,NA,560370,61262,12667,118785,35356,86492,1765204,12896156,75370,175835082,820232,109109,26887880,2147496,874949,10020,82380976,2563,2516211,91490632,843,1961284,103272395,16304,45615,17664683,148396423,5905,51788,215405,81079
"9029-A_S",74830025,57335,12751,NA,786934,6523997,2807850,23183,605,2634855,44212,7569,64103,64661,190600,1840496,13916002,60764,160795933,1367743,151546,20971728,3654622,1267304,10939,102123614,2195,2862718,97867237,134,2310160,116288909,14295,53482,28921624,161946113,5141,16439,216408,329200
"9029-B_S",76634787,54489,4583,NA,777893,7052607,2389774,73723,434,2804408,41499,6278,29297,38534,193048,1730407,43036810,60555,155350451,1329389,143770,21262432,3888698,1311241,11541,99433193,1835,3038612,100189097,204,2112897,117423257,14018,55114,27861102,163808151,4611,16408,193692,NA
"9029-C_S",53594834,57572,28069,NA,721063,6388343,2888666,17968,422,558804,47787,7644,61259,68663,139446,1493711,14003826,23673,156211797,1232028,137942,20409854,3321086,1275748,10866,94893002,1429,2690744,104876346,503,1619543,107023518,16348,59454,25199462,168163835,4630,12763,183026,271874
"9029-D_S",62753887,53889,3810,326904,765500,5960142,2583964,41971,490,1348703,44720,7294,47326,49006,178015,1766787,13013666,57684,161377946,1344550,143083,22553092,3547815,1249916,10782,95346414,1629,3326029,98138970,310,1822040,108768869,13119,55184,29136343,167065136,5112,16272,225386,326971
"9029-E_S",61965192,52959,2192535,857160,968932,8216701,3045396,694125,495,1433173,47265,7052,65304,39827,128689,1727531,12932930,60378,184681778,1234909,127999,23684005,2264019,1129067,10148,99923137,1409,2784363,95983358,682,2430146,113034589,16871,52684,25788788,187432490,4843,31394,228306,416532
"9027-C_S",53332454,85298,5831,NA,NA,5430696,2312482,NA,NA,812344,55198,12098,100482,21800,151555,2234883,17754183,75196,120971117,834613,137727,26844821,2613949,1415806,25734,121375315,96,1840147,74325200,373,1490832,89547891,28651,115600,20838805,113730997,4970,272782,185771,NA
"9003-B_S",98477277,62264,163425,NA,660826,4498979,4155329,NA,294,1540876,49469,10008,78841,61831,147476,1863373,12001458,83913,144986456,1223180,175567,24012730,5184737,1193615,15881,117489077,1543,2042433,93148347,745,2003748,105692470,23517,95196,19411158,148389695,5361,17712,301429,162886
"9027-D_S",51037225,66246,8275,9747408,NA,4745681,2019649,6814385,189,1101421,50196,14826,134659,47571,119328,2311279,25949844,72594,107166473,542111,110864,50610838,2122130,1250892,15042,112426993,156,1759203,57459220,408,1511921,85083852,20189,85762,16104520,95759317,5116,313966,185086,NA
"9026-A_S",50421868,50639,12369,33690,NA,5797543,1631155,3914204,NA,822205,68497,10404,96348,74708,106232,1153261,11748897,56864,78840547,352362,96239,20555028,2917119,1076329,28558,71474253,32,1792392,43438036,591,1245487,84059133,21055,52128,18267102,86447172,4931,74437,223373,NA
"9026-C_S",54535879,62144,8841,NA,NA,4802797,1568955,32479,209,868332,67191,8917,88740,87971,139493,1457101,22467919,42590,99261638,597005,134445,29626437,3761837,1234749,35120,73344188,451,2155759,71384056,115,1255275,101548139,26127,70406,25651477,90955823,6171,21100,318440,NA
"9026-D_S",41601806,49740,8028,1679089,NA,7995602,1044568,339502,NA,703914,63852,6414,54339,28466,126236,1818160,10091599,55550,92090136,833445,140532,24636072,2588071,1233580,26652,75700567,204,1429483,62880761,217,685669,79210610,24614,58632,17137546,89304201,5129,52357,265101,NA
"9025-A_S",63226710,59103,13020,NA,613169,5224397,2598518,NA,NA,1006442,44572,13189,155737,19728,155901,1553218,15871628,83477,127908565,975045,137874,16166513,3795785,1056115,13343,98449466,68,2401830,75625479,450,2104753,93254994,14869,72287,22097526,132174952,4852,31139,231864,NA
"9025-C_S",49203495,65204,43621,NA,358237,5802679,2774480,NA,192,1059760,52355,6980,121336,28654,121421,1340935,24871895,64151,132417515,946300,151109,17789442,4113320,1191134,14239,119086553,55,2629666,72948286,888,1455503,95700871,17810,65285,22982254,146910747,4941,26529,207440,NA
"9025-E_S",36784215,54088,617809,3018473,313324,4614135,1369174,1224183,73,408483,54915,6544,112037,30883,153934,1838117,14290113,84225,114105195,705304,103948,21749222,3621231,927359,17743,97746728,18,2003419,74153193,211,1337197,65682516,14706,70926,17752556,135572782,4415,24838,231776,NA
"9024-A_S",70263732,39329,5067,NA,530361,5071324,2578617,NA,383,944741,45895,15178,75407,59100,140156,1866247,14566877,91951,144576188,1291048,173123,24814973,4126320,1164058,13082,86038837,216,2817001,94623277,872,1365021,100200184,20986,81297,32498564,165018509,4824,20316,211111,NA
"9024-B_S",65559081,40647,6901,NA,397027,4369895,2920389,NA,543,697643,48664,16529,69476,57342,134578,1768387,21094563,90992,146493616,1248266,158199,28392720,4232621,1275365,12254,91173523,370,2743281,99383119,856,888707,104437581,22226,85746,33751805,166191375,4741,22810,195851,NA
"9003-C_S",93035772,63296,750251,NA,616656,4426410,4889888,NA,369,1335710,54845,9928,69064,64730,137968,1688949,14389494,62208,185183818,1321736,194308,25059922,5986488,1274657,16003,118874429,3097,2543405,113858663,809,1979177,115310537,22820,101900,26340481,182271301,5314,19437,238991,153066
"9024-D_S",67787617,45065,NA,NA,384575,4922364,2910824,NA,431,999100,48282,15194,66811,77026,151059,2067355,10431325,90224,153386519,1359834,176052,27180743,4254664,1225973,12763,94945275,1003,3372541,96058537,1294,1087977,110264156,21781,92119,38529393,180181412,4754,25478,239418,NA
"9024-E_S",52671807,32336,1113908,NA,472126,7728304,2822136,126133,578,986942,49439,10164,96943,36531,111972,1646820,18366699,77035,130203045,886909,140662,22944839,3008558,1123352,12216,84967798,105,2609872,88079439,1654,1210629,99812666,20825,53812,27131606,133719019,4976,24481,223505,NA
"9022-A_S",72753595,56171,3536,NA,NA,3828249,2122288,1065296,112,948302,60099,22446,72793,22982,123285,1956181,16296214,124237,154806791,666912,144064,38540934,3441177,1407562,24458,117446830,82,2180638,95887503,1430,2725379,104274007,24789,57832,24372835,142332396,7514,29646,253110,NA
"9022-B_S",76924581,64823,10041,NA,525452,4010585,2276687,11533703,225,1574092,63329,22283,73896,34479,185574,2384649,16038312,170610,176402639,534010,178744,50729531,6426859,1539668,24815,135098995,29,3579209,112341072,1211,2319136,151941471,27811,77510,39981539,175704247,7451,591703,246050,NA
"9022-C_S",83098019,64285,7773,NA,274819,4108810,2657856,200226,443,1148654,59853,17622,72978,26392,150414,2072136,21754103,102154,181825398,890194,187342,39231957,4187316,1372486,28767,120088638,14,2708173,105836460,668,2822150,118457931,24067,78832,30399215,165872731,7509,23180,253526,NA
"9022-D_S",65794676,56562,3666,17239878,179136,3772435,1734700,5256885,166,1109922,61230,27405,120514,47660,130520,2124532,15760813,110881,152158311,826714,167339,35256568,3311856,1446452,24022,116621004,35,2706949,82556171,394,2328658,112858614,22403,57520,27061757,136638641,6551,27661,257060,NA
"9019-A_S",55807945,48066,1289531,NA,845783,8378163,2637966,2312813,553,2776067,49904,13596,242395,63285,142127,1965085,17292336,110116,167490360,1101592,153539,29566655,2873496,1180245,13829,107240566,298,4406916,95655577,1288,6069383,98307192,21639,65789,19844390,175772290,5336,20699,280352,NA
"9019-B_S",53706490,49391,1276236,NA,667463,8810808,3142569,4471918,364,3599136,42576,10118,178384,65987,117910,1852736,16365734,100460,170525530,1072792,156539,31116710,2458153,1125381,13708,108264961,710,5442637,95560294,332,5826569,93785732,26050,70035,18606417,180760461,4569,18572,220011,NA
"9019-C_S",45277636,49916,852569,NA,500044,8705654,2431129,209544,172,2707536,52412,10294,208627,93390,111753,1447082,31326218,80327,166430610,990847,154867,28938624,2619395,1107464,15866,102958306,490,4296142,93118648,1116,4489444,95045129,23839,59647,18250894,162600755,4527,20296,214172,NA
"9019-D_S",48190050,47155,1371937,7965119,620476,8243147,2598178,10783763,494,2536725,51566,10224,204385,58776,103981,1734296,22726447,103404,171382767,984896,139104,29627827,2470157,1226345,13115,111331227,NA,3770583,94174768,347,5179522,91733246,23193,55193,17058659,166972382,4958,21243,248760,NA
"9019-E_S",50681534,50756,1078102,2353837,625419,6473524,2653560,2812144,404,1469796,49011,12238,172012,90397,120179,1679772,24702695,101973,148968313,977539,136672,32001491,2528604,1178002,13854,120410068,NA,3267019,81809851,397,4508558,79202488,20794,62804,18263135,156762773,5447,33695,309165,NA
"9017-A_S",71902551,58931,5798,NA,NA,6718434,3771781,1590441,197,1005570,52252,10760,217101,50154,180416,2095950,26014943,94918,135680363,683845,147517,27623414,4333164,1636534,24116,104118234,211,2354659,86518848,1171,3190979,102437367,21825,90792,21535037,129008945,5467,100065,312498,NA
"9017-B_S",66710612,55307,7485,NA,249519,5830153,2061984,2398838,NA,1596968,61983,10888,201881,35564,171166,1767843,17436842,93140,155356267,558310,143026,27203958,3770658,1632236,22757,102991525,336,1646996,81042904,1270,2066757,104623355,24163,81050,19931651,143892971,5706,175359,331944,NA
"9017-C_S",67873946,57659,78618,NA,209232,5825340,3441661,NA,294,696115,55458,11054,227854,58447,119530,1539782,20326191,56179,160248283,1001735,148997,29288830,3885211,1654240,23334,111767558,163,1739238,92742717,1823,1833413,94888141,23753,80010,21602583,152312165,6290,32850,335410,NA
"9017-D_S",58563188,51239,61978,2096573,382892,5962194,2624124,3510622,NA,1075609,60398,10491,180802,48107,138312,1785678,17334711,76792,143849790,515441,106700,30125437,3754028,1516994,19681,95171238,288,1878101,82725214,2191,1656446,98423955,22469,81870,20687212,141505245,5475,223990,259836,NA
"9016-A_S",54702393,55179,6892,NA,320842,4144305,2255779,NA,197,1313499,45187,14022,92406,57418,166440,1955749,15267563,106407,132258195,1459024,140519,25616735,4239207,1385603,23853,110712543,1142,1841024,77411439,446,1159771,84134572,21458,91390,25929261,149159648,4949,23585,246582,149112
