"","Abiotrophia_defectiva","Acetanaerobacterium_elongatum","Acetivibrio_ethanolgignens","Acidaminobacter_hydrogenoformans","Acidaminococcus_fermentans","Acidaminococcus_intestini","Acidovorax_facilis","Acinetobacter_baumannii","Acinetobacter_guillouiae","Acinetobacter_johnsonii","Actinoalloteichus_hymeniacidonis","Actinomyces_cardiffensis","Actinomyces_graevenitzii","Actinomyces_lingnae","Actinomyces_naeslundii","Actinomyces_odontolyticus","Actinomyces_turicensis","Actinomycetospora_chlora","Adlercreutzia_equolifaciens","Aerococcus_viridans","Aeromicrobium_fastidiosum","Aeromicrobium_halocynthiae","Aerosphaera_taetra","Aggregatibacter_segnis","Akkermansia_muciniphila","Alistipes_finegoldii","Alistipes_indistinctus","Alistipes_massiliensis","Alistipes_onderdonkii","Alistipes_putredinis","Alistipes_senegalensis","Alistipes_shahii","Alkaliflexus_imshenetskii","Alkanindiges_hongkongensis","Allisonella_histaminiformans","Allobaculum_stercoricanis","Alloprevotella_rava","Anaerofilum_pentosovorans","Anaeroglobus_geminatus","Anaerosporobacter_mobilis","Anaerostipes_caccae","Anaerostipes_hadrus","Anaerotruncus_colihominis","Anaerovorax_odorimutans","Arcobacter_mytili","Atopobium_parvulum","Atopostipes_suicloacalis","Bacillus_cereus","Bacillus_coagulans","Bacteroides_acidifaciens","Bacteroides_caccae","Bacteroides_cellulosilyticus","Bacteroides_chinchillae","Bacteroides_clarus","Bacteroides_coprocola","Bacteroides_coprophilus","Bacteroides_dorei","Bacteroides_eggerthii","Bacteroides_faecichinchillae","Bacteroides_faecis","Bacteroides_finegoldii","Bacteroides_fluxus","Bacteroides_fragilis","Bacteroides_intestinalis","Bacteroides_massiliensis","Bacteroides_nordii","Bacteroides_oleiciplenus","Bacteroides_ovatus","Bacteroides_plebeius","Bacteroides_rodentium","Bacteroides_salyersiae","Bacteroides_sartorii","Bacteroides_stercoris","Bacteroides_thetaiotaomicron","Bacteroides_uniformis","Bacteroides_vulgatus","Bacteroides_xylanisolvens","Barnesiella_intestinihominis","Bifidobacterium_adolescentis","Bifidobacterium_angulatum","Bifidobacterium_animalis","Bifidobacterium_bifidum","Bifidobacterium_breve","Bifidobacterium_dentium","Bifidobacterium_longum","Bifidobacterium_pseudocatenulatum","Bifidobacterium_pseudolongum","Bifidobacterium_pullorum","Bilophila_wadsworthia","Blautia_faecis","Blautia_glucerasea","Blautia_luti","Blautia_producta","Blautia_stercoris","Blautia_wexlerae","Brevundimonas_mediterranea","Burkholderia_ferrariae","Butyricicoccus_pullicaecorum","Butyricimonas_synergistica","Butyricimonas_virosa","Butyrivibrio_crossotus","Butyrivibrio_fibrisolvens","Caenispirillum_bisanense","Campylobacter_concisus","Campylobacter_gracilis","Campylobacter_ureolyticus","Cardiobacterium_hominis","Cardiobacterium_valvarum","Carnobacterium_maltaromaticum","Catabacter_hongkongensis","Catenibacterium_mitsuokai","Cellulomonas_marina","Cellulosilyticum_lentocellum","Cetobacterium_somerae","Christensenella_minuta","Chthonomonas_calidirosea","Citrobacter_amalonaticus","Citrobacter_freundii","Citrobacter_koseri","Cloacibacillus_porcorum","Clostridium_aldenense","Clostridium_aminobutyricum","Clostridium_asparagiforme","Clostridium_bartlettii","Clostridium_butyricum","Clostridium_cellulolyticum","Clostridium_chartatabidum","Clostridium_citroniae","Clostridium_clariflavum","Clostridium_clostridioforme","Clostridium_colinum","Clostridium_disporicum","Clostridium_glycolicum","Clostridium_glycyrrhizinilyticum","Clostridium_hathewayi","Clostridium_hylemonae","Clostridium_innocuum","Clostridium_lactatifermentans","Clostridium_lavalense","Clostridium_leptum","Clostridium_methylpentosum","Clostridium_neonatale","Clostridium_nexile","Clostridium_paraputrificum","Clostridium_perfringens","Clostridium_piliforme","Clostridium_polysaccharolyticum","Clostridium_propionicum","Clostridium_ramosum","Clostridium_ruminantium","Clostridium_saccharogumia","Clostridium_sartagoforme","Clostridium_scindens","Clostridium_spiroforme","Clostridium_sporosphaeroides","Clostridium_symbiosum","Clostridium_tertium","Clostridium_thermocellum","Clostridium_viride","Collinsella_aerofaciens","Collinsella_tanakaei","Comamonas_denitrificans","Comamonas_kerstersii","Comamonas_testosteroni","Coprobacillus_cateniformis","Coprobacter_fastidiosus","Coprococcus_catus","Coprococcus_comes","Coprococcus_eutactus","Corynebacterium_argentoratense","Corynebacterium_callunae","Corynebacterium_imitans","Corynebacterium_macginleyi","Corynebacterium_matruchotii","Corynebacterium_variabile","Cosenzaea_myxofaciens","Cronobacter_pulveris","Cryptobacterium_curtum","Curvibacter_gracilis","Curvibacter_lanceolatus","Dehalobacterium_formicoaceticum","Deinococcus_grandis","Deinococcus_radiodurans","Delftia_tsuruhatensis","Denitrobacterium_detoxificans","Desulfovibrio_desulfuricans","Desulfovibrio_fairfieldensis","Desulfovibrio_intestinalis","Desulfovibrio_legallii","Desulfovibrio_piger","Dialister_invisus","Dialister_micraerophilus","Dialister_pneumosintes","Dialister_propionicifaciens","Dialister_succinatiphilus","Dietzia_natronolimnaea","Dioscorea_elephantipes","Dorea_formicigenerans","Dorea_longicatena","Dysgonomonas_capnocytophagoides","Eggerthella_lenta","Eggerthella_sinensis","Eikenella_corrodens","Enterobacter_aerogenes","Enterobacter_asburiae","Enterobacter_cloacae","Enterobacter_lignolyticus","Enterobacter_sacchari","Enterococcus_asini","Enterococcus_casseliflavus","Enterococcus_durans","Enterococcus_faecalis","Enterococcus_faecium","Enterococcus_inusitatus","Escherichia/Shigella_boydii","Escherichia/Shigella_coli","Escherichia/Shigella_flexneri","Escherichia/Shigella_sonnei","Eubacterium_biforme","Eubacterium_contortum","Eubacterium_coprostanoligenes","Eubacterium_cylindroides","Eubacterium_desmolans","Eubacterium_dolichum","Eubacterium_eligens","Eubacterium_fissicatena","Eubacterium_hallii","Eubacterium_infirmum","Eubacterium_limosum","Eubacterium_ramulus","Eubacterium_rangiferina","Eubacterium_rectale","Eubacterium_ruminantium","Eubacterium_siraeum","Eubacterium_sulci","Eubacterium_ventriosum","Eubacterium_xylanophilum","Exiguobacterium_indicum","Facklamia_tabacinasalis","Faecalibacterium_prausnitzii","Filifactor_villosus","Finegoldia_magna","Flavonifractor_plautii","Fusicatenibacter_saccharivorans","Fusobacterium_mortiferum","Fusobacterium_necrogenes","Fusobacterium_nucleatum","Fusobacterium_periodonticum","Fusobacterium_varium","Gardnerella_vaginalis","Gemella_haemolysans","Gemella_morbillorum","Gemella_sanguinis","Gemmiger_formicilis","Gilliamella_apicola","Gordonia_polyisoprenivorans","Gordonibacter_pamelaeae","Haemophilus_parainfluenzae","Haemophilus_pittmaniae","Halomonas_pantelleriensis","Helicobacter_pullorum","Helicobacter_rodentium","Herbaspirillum_huttiense","Herminiimonas_glaciei","Holdemania_filiformis","Howardella_ureilytica","Hydrogenoanaerobacterium_saccharovorans","Insolitispirillum_peregrinum","Intestinimonas_butyriciproducens","Jonesia_denitrificans","Kaistia_granuli","Klebsiella_granulomatis","Klebsiella_oxytoca","Klebsiella_pneumoniae","Klebsiella_variicola","Kluyvera_cryocrescens","Kluyvera_georgiana","Lachnospira_pectinoschiza","Lactobacillus_brevis","Lactobacillus_delbrueckii","Lactobacillus_gasseri","Lactobacillus_iners","Lactobacillus_johnsonii","Lactobacillus_kunkeei","Lactobacillus_mucosae","Lactobacillus_plantarum","Lactobacillus_reuteri","Lactobacillus_salivarius","Lactobacillus_sanfranciscensis","Lactobacillus_senioris","Lactococcus_garvieae","Lactococcus_lactis","Lactococcus_piscium","Lactonifactor_longoviformis","Larkinella_arboricola","Lautropia_mirabilis","Leuconostoc_carnosum","Leuconostoc_gelidum","Limnobacter_thiooxidans","Luteibacter_anthropi","Lysobacter_daejeonensis","Lysobacter_soli","Lysobacter_xinjiangensis","Mangroviflexus_xiamenensis","Marmoricola_aequoreus","Marvinbryantia_formatexigens","Megamonas_funiformis","Megamonas_rupellensis","Megasphaera_elsdenii","Megasphaera_micronuciformis","Megasphaera_paucivorans","Methanobrevibacter_smithii","Methylobacterium_adhaesivum","Methylobacterium_radiotolerans","Methylophilus_flavus","Methyloversatilis_universalis","Microbacterium_oleivorans","Mitsuokella_jalaludinii","Mobiluncus_curtisii","Morganella_morganii","Murdochiella_asaccharolytica","Myroides_odoratus","Myroides_profundi","Naasia_aerilata","Natranaerovirga_pectinivora","Neisseria_mucosa","Nesterenkonia_lacusekhoensis","Nevskia_ramosa","Nitriliruptor_alkaliphilus","Nocardioides_ganghwensis","Nocardioides_marinisabuli","Nocardioides_oleivorans","Nocardioides_pyridinolyticus","Nocardiopsis_coralliicola","Nocardiopsis_salina","Noviherbaspirillum_psychrotolerans","Oceanobacillus_chironomi","Odoribacter_laneus","Odoribacter_splanchnicus","Olsenella_profusa","Olsenella_uli","Oribacterium_sinus","Oscillibacter_valericigenes","Oscillospira_guilliermondii","Oxalobacter_formigenes","Pantoea_ananatis","Parabacteroides_chinchillae","Parabacteroides_distasonis","Parabacteroides_goldsteinii","Parabacteroides_gordonii","Parabacteroides_johnsonii","Parabacteroides_merdae","Paraeggerthella_hongkongensis","Paraprevotella_clara","Paraprevotella_xylaniphila","Parasutterella_excrementihominis","Parasutterella_secunda","Parvimonas_micra","Pasteurella_pneumotropica","Pediococcus_acidilactici","Peptoclostridium_difficile","Peptococcus_niger","Peptoniphilus_asaccharolyticus","Peptoniphilus_coxii","Peptoniphilus_duerdenii","Peptostreptococcus_stomatis","Phascolarctobacterium_faecium","Phascolarctobacterium_succinatutens","Phenylobacterium_muchangponense","Photorhabdus_luminescens","Planococcus_maitriensis","Plesiomonas_shigelloides","Porphyromonas_bennonis","Porphyromonas_somerae","Porphyromonas_uenonis","Prevotella_baroniae","Prevotella_bivia","Prevotella_buccae","Prevotella_buccalis","Prevotella_copri","Prevotella_corporis","Prevotella_denticola","Prevotella_melaninogenica","Prevotella_oralis","Prevotella_ruminicola","Prevotella_stercorea","Prevotella_timonensis","Propionibacterium_acnes","Proteiniphilum_acetatigenes","Proteus_mirabilis","Providencia_rettgeri","Pseudacidovorax_intermedius","Pseudoflavonifractor_capillosus","Pseudolabrys_taiwanensis","Pseudomonas_aeruginosa","Pseudomonas_caeni","Pseudomonas_formosensis","Pyramidobacter_piscolens","Ralstonia_insidiosa","Ralstonia_solanacearum","Raoultella_ornithinolytica","Raoultella_planticola","Rhodococcus_erythropolis","Rhodovarius_lipocyclicus","Robinsoniella_peoriensis","Roseateles_aquatilis","Roseburia_faecis","Roseburia_hominis","Roseburia_intestinalis","Roseburia_inulinivorans","Roseomonas_frigidaquae","Rothia_aeria","Rothia_dentocariosa","Rothia_mucilaginosa","Ruminococcus_albus","Ruminococcus_bromii","Ruminococcus_callidus","Ruminococcus_champanellensis","Ruminococcus_flavefaciens","Ruminococcus_gauvreauii","Ruminococcus_gnavus","Ruminococcus_lactaris","Ruminococcus_obeum","Ruminococcus_torques","Salmonella_bongori","Salmonella_enterica","Schlegelella_aquatica","Schlegelella_thermodepolymerans","Selenomonas_noxia","Selenomonas_ruminantium","Selenomonas_sputigena","Slackia_faecicanis","Slackia_isoflavoniconvertens","Slackia_piriformis","Snodgrassella_alvi","Solobacterium_moorei","Sphingobium_xenophagum","Sporobacter_termitidis","Staphylococcus_lentus","Staphylococcus_saprophyticus","Staphylococcus_sciuri","Stenotrophomonas_maltophilia","Stomatobaculum_longum","Streptococcus_anginosus","Streptococcus_cristatus","Streptococcus_equinus","Streptococcus_gordonii","Streptococcus_intermedius","Streptococcus_macedonicus","Streptococcus_mutans","Streptococcus_parasanguinis","Streptococcus_peroris","Streptococcus_pleomorphus","Streptococcus_salivarius","Streptococcus_sanguinis","Streptococcus_sobrinus","Streptococcus_thermophilus","Subdoligranulum_variabile","Succinatimonas_hippei","Succinivibrio_dextrinosolvens","Sutterella_parvirubra","Sutterella_stercoricanis","Sutterella_wadsworthensis","Synergistes_jonesii","Treponema_refringens","Turicibacter_sanguinis","Undibacterium_oligocarboniphilum","Undibacterium_pigrum","Vampirovibrio_chlorellavorus","Veillonella_atypica","Veillonella_denticariosi","Veillonella_dispar","Veillonella_magna","Veillonella_parvula","Veillonella_ratti","Veillonella_rogosae","Veillonella_tobetsuensis","Vibrio_rumoiensis","Victivallis_vadensis","Weissella_paramesenteroides"
"HC_10",0,0,0,0,0,0,0,0,0,0,0,0,0,0,0,0,0,0,2,0,0,0,0,0,640,128,91,0,0,383,0,57,0,0,73,0,0,0,0,0,0,101,0,0,0,0,0,0,0,0,147,230,0,0,0,0,0,0,0,0,0,0,0,0,1040,52,0,556,10,0,0,0,0,1171,349,211,0,68,0,0,0,0,0,0,0,0,0,0,35,144,0,0,0,0,0,0,0,0,0,83,0,0,0,0,0,0,0,0,0,0,0,0,0,0,8,0,0,0,0,0,0,0,0,0,0,0,0,0,0,0,0,179,0,0,0,0,0,15,0,40,12,0,0,0,0,0,0,0,0,245,0,0,0,0,0,0,0,0,0,33,0,0,0,0,0,0,38,61,0,0,0,0,0,0,0,0,0,0,0,0,4,0,0,0,0,0,0,0,71,0,0,0,0,0,3502,0,0,62,113,0,0,0,0,0,0,0,0,0,0,0,0,0,0,0,0,58,0,0,0,0,223,0,57,0,254,0,6,0,0,0,0,1377,207,79,0,116,0,0,0,15171,0,0,6,74,0,0,0,0,0,0,0,0,0,386,0,0,0,29,0,0,0,0,0,0,5,0,0,0,54,0,0,0,0,0,0,0,0,0,0,0,0,0,0,0,0,24,0,0,0,0,0,0,0,0,0,0,0,0,0,0,0,0,0,0,0,0,1964,0,0,0,0,0,0,0,0,0,0,0,0,0,0,0,0,0,0,0,0,0,0,0,0,0,0,0,0,0,0,0,105,0,0,0,53,313,0,0,0,176,0,0,0,162,0,0,0,0,0,0,0,0,0,5,0,0,0,0,221,2,0,0,0,0,0,0,0,0,0,0,0,1005,0,0,0,0,0,0,0,0,0,0,0,0,0,0,0,0,0,0,22,0,0,0,0,0,0,0,733,634,0,3142,0,0,0,0,74,0,17,0,19,0,0,290,0,416,0,2,0,0,0,0,0,0,0,0,0,0,0,0,0,0,0,0,0,0,0,0,0,0,0,0,0,0,0,0,0,0,0,0,0,0,0,99,0,0,0,0,0,0,0,0,0,18,0,0,0,0,0,0,0,0
"HC_12",0,0,0,0,0,0,0,0,0,0,0,0,0,0,0,14,0,0,0,0,0,0,0,0,666,0,0,0,0,0,0,0,0,0,27,0,0,0,0,0,0,0,0,0,0,0,0,0,0,959,314,59,0,39,0,0,0,0,0,0,0,0,2695,0,0,0,0,1324,3728,0,0,0,0,733,3125,578,613,0,0,0,0,0,0,0,252,0,0,0,51,43,0,0,0,0,0,0,0,0,0,19,0,0,0,0,0,0,0,0,0,0,0,0,0,0,0,0,0,0,0,0,0,0,0,0,0,0,0,0,0,0,0,92,0,35,28,0,34,0,0,63,0,0,0,0,0,0,0,0,0,170,0,0,31,1,0,0,0,0,0,29,0,0,0,0,0,0,0,0,0,0,0,0,0,0,0,0,0,0,0,0,0,0,0,0,0,0,0,0,0,0,0,0,0,0,0,0,0,0,0,0,0,0,0,0,0,0,0,0,0,0,0,0,0,0,0,2348,0,0,0,0,0,0,289,0,2634,0,0,0,0,0,0,3826,0,0,7,0,0,0,0,15782,0,0,278,0,0,0,0,0,214,0,0,0,7,0,0,0,0,0,0,0,0,0,0,0,4,0,0,0,0,0,0,0,0,755,23,0,0,0,0,0,0,0,0,0,0,0,0,0,0,0,0,0,0,0,0,0,0,0,0,0,0,0,0,0,0,0,0,0,0,0,0,0,0,0,0,0,0,0,0,0,0,0,0,0,0,0,0,0,0,0,0,0,0,0,0,0,0,0,0,0,0,0,28,27,0,0,0,157,0,28,0,0,0,0,0,144,0,0,0,0,0,0,0,0,0,0,802,0,0,0,0,0,0,0,0,0,0,0,0,0,0,0,0,0,0,0,0,0,0,0,0,0,0,0,0,0,0,0,29,0,0,0,0,0,0,0,0,76,0,0,0,0,0,31,0,28,0,0,0,0,777,930,0,33,0,0,0,0,0,0,0,0,0,0,0,0,0,0,0,0,0,0,0,0,0,0,0,0,0,0,0,0,0,0,0,0,0,0,0,0,0,0,0,0,0,53,0,0,0,0,0,11,0,35,0,0,0,0,0,0
"HC_14",0,0,0,0,0,0,0,0,43,0,0,0,0,0,0,12,0,0,44,0,0,0,0,0,23,816,215,0,0,1526,65,209,0,0,0,0,0,0,0,0,0,99,0,0,0,0,0,0,18,0,0,2831,0,0,0,0,0,0,0,0,0,0,844,0,0,50,0,1507,98,0,531,0,0,4077,8534,727,1459,2419,0,0,0,0,0,0,0,0,0,0,230,209,0,0,0,0,0,71,0,0,0,362,0,0,0,0,0,0,0,0,0,0,0,0,0,0,12,0,0,0,0,0,71,0,0,0,0,0,0,0,0,0,7,0,0,0,0,0,0,0,28,44,0,0,0,0,0,0,0,0,17,7,0,0,0,0,0,18,0,14,0,87,0,0,0,0,0,0,0,0,0,0,0,35,0,0,0,7,0,0,64,57,0,9,0,18,0,0,0,0,0,0,8,0,0,0,766,0,0,0,81,0,0,0,0,0,0,0,0,0,0,0,0,0,0,0,0,0,0,0,0,0,0,0,489,0,158,0,40,0,0,41,0,365,0,0,0,44,0,0,0,22453,0,0,269,0,0,0,0,0,0,0,0,0,0,0,0,0,0,29,0,0,0,0,0,0,14,0,0,0,35,0,0,0,0,0,0,0,0,0,0,0,0,0,92,0,0,0,0,0,0,0,0,0,0,0,0,0,0,0,11,0,20,23,36,0,0,0,1194,0,39,0,0,0,0,0,20,0,0,0,0,0,0,0,0,0,0,0,0,8,0,0,0,0,0,0,0,0,0,0,226,0,0,0,417,129,0,0,0,3005,562,0,0,0,0,0,0,709,0,0,0,0,0,0,0,0,0,0,809,0,0,0,0,0,0,0,0,0,0,0,0,28,0,0,0,0,0,0,0,17,0,7,0,0,0,0,0,0,0,0,0,0,0,0,0,0,0,0,70,176,0,832,0,0,0,0,2125,1727,37,0,0,0,52,65,53,594,0,0,0,0,0,0,0,0,0,0,0,0,31,0,0,0,0,55,0,0,0,0,0,0,0,0,0,0,0,0,0,0,100,0,0,0,0,0,0,0,0,0,51,51,0,0,0,0,0,0,0,0,0,0,0,0
"HC_17",0,0,0,0,0,0,0,0,0,0,0,0,0,0,0,36,0,0,0,0,0,0,0,0,0,0,0,0,0,0,0,0,0,0,0,0,0,0,0,0,23,0,42,0,0,0,0,0,0,1923,0,0,0,0,0,0,0,0,0,0,0,0,0,0,0,0,0,13063,0,0,0,0,0,0,0,33,376,2,0,0,0,0,0,12,0,0,0,0,0,0,0,0,25,0,0,0,0,0,0,0,0,0,0,0,2,0,0,0,0,0,0,0,0,0,0,0,0,0,0,0,361,0,0,57,0,0,0,0,0,229,42,0,0,0,517,710,156,0,0,132,0,16,0,0,0,6,0,0,862,0,0,0,32,0,0,208,0,0,0,0,0,0,0,0,0,0,0,0,0,0,0,0,0,0,0,0,0,0,0,0,0,0,0,0,0,0,0,0,0,0,0,0,0,0,0,0,0,0,0,55,0,37,0,0,0,0,0,0,0,0,0,0,0,0,0,4308,0,0,0,0,0,0,35,0,7,0,0,0,0,0,0,0,0,0,7,0,0,0,0,53,0,0,483,0,0,0,0,0,2332,0,0,0,0,42,12,0,0,3,0,0,0,0,0,0,0,0,0,0,23,0,0,0,0,0,0,0,0,0,0,0,0,0,0,0,0,0,0,0,0,0,0,0,0,0,0,0,0,0,0,0,0,0,0,0,0,0,0,0,0,64,0,0,0,0,0,0,0,0,0,0,0,0,0,0,0,0,0,0,0,0,0,0,0,0,0,0,0,0,0,0,0,0,0,0,0,0,0,0,66,0,0,0,0,0,0,0,0,0,0,0,0,0,0,0,2,0,8,0,0,2,0,0,0,0,0,0,0,0,0,0,0,0,0,0,0,0,0,0,0,0,0,0,0,0,0,0,0,2,0,0,0,0,0,0,62,0,0,0,0,0,0,0,0,50,0,3,0,0,0,0,2308,0,0,0,0,1,0,0,0,0,0,0,0,0,17,16,0,0,0,0,0,0,0,0,0,5,0,0,0,0,22,0,0,0,0,0,2,0,0,0,0,0,0,0,0,0,0,0,0,155,0,2715,0,1306,0,0,0,0,0,0
"HC_19",0,0,0,0,0,11,0,0,53,59,0,0,0,0,0,0,0,6,0,0,0,0,0,0,20,0,0,0,0,216,0,0,0,0,0,0,0,0,0,0,0,0,0,0,0,0,0,0,0,0,158,0,0,0,0,0,2757,0,0,0,195,0,0,0,0,0,0,87,11102,0,0,0,811,0,341,76,103,0,0,0,0,0,0,0,0,6,0,0,10,1691,0,882,0,0,0,0,21,0,0,20,0,0,0,0,0,0,0,0,0,0,0,0,0,0,0,0,0,0,0,4,28,0,0,0,0,0,0,0,0,0,0,0,0,0,0,59,0,78,0,75,0,0,0,0,0,0,0,0,0,335,0,0,0,0,0,0,0,0,0,0,0,0,0,0,0,0,43,0,0,0,0,0,0,0,0,0,0,0,16,94,0,7,0,0,0,0,0,0,0,0,10,0,0,0,0,0,0,30,0,0,2,0,0,0,0,0,0,0,0,0,0,0,0,0,0,44,0,0,351,0,22,0,61,124,433,0,66,0,0,79,0,3780,0,0,0,0,0,0,0,13357,0,0,29,164,0,0,0,0,0,0,0,0,0,738,0,0,0,40,0,0,0,0,0,0,23,0,0,0,4,0,0,0,0,4,0,0,0,3,0,0,0,0,73,0,0,0,0,0,0,60,0,0,0,0,0,0,0,0,0,0,0,0,35,0,0,0,11525,0,0,0,0,0,0,42,0,0,0,0,0,0,0,0,0,0,0,0,26,0,0,0,0,0,0,0,0,0,0,0,21,0,0,0,190,0,0,0,0,62,0,0,0,39,0,0,0,149,0,0,12,0,0,0,0,0,0,0,1131,0,0,0,0,0,0,0,0,0,0,0,0,76,0,0,0,0,0,0,0,0,0,0,0,0,0,0,0,0,0,0,0,0,0,0,0,0,0,0,253,0,0,5021,0,0,0,0,0,5828,0,0,0,0,0,0,824,315,0,0,0,0,0,0,0,0,0,0,9,0,34,0,0,0,0,62,0,0,0,0,0,0,0,0,0,0,0,0,0,0,0,0,0,0,0,0,0,0,0,98,19,0,0,0,0,0,0,0,0,0,0,0,0,0
"HC_21",0,0,0,0,0,0,0,0,0,0,0,0,0,0,0,0,0,0,0,0,0,0,0,0,0,167,231,0,0,899,0,0,0,0,0,0,0,0,0,0,0,92,22,0,0,0,0,0,0,0,74,95,0,0,0,0,195,0,0,0,0,0,0,0,29,0,0,179,0,0,0,0,402,102,1848,0,205,1052,0,0,0,0,0,0,14,0,0,0,11,201,0,0,0,0,0,0,0,0,0,50,0,0,0,0,0,0,0,0,0,0,0,0,0,0,13,0,0,0,0,0,0,0,0,0,0,0,0,0,6,0,0,0,0,0,0,6,0,479,0,18,0,0,0,0,0,0,0,0,35,13,0,0,0,10,0,0,0,0,6,66,0,0,0,0,0,0,0,73,0,0,0,0,0,0,0,0,0,0,0,0,0,0,0,0,0,0,0,0,0,117,0,0,0,0,26,0,0,54,23,0,0,0,0,0,0,0,0,0,0,0,0,0,0,0,0,0,0,0,0,0,530,0,259,0,435,0,17,0,0,95,0,0,904,0,0,0,0,0,0,15352,0,0,699,41,21,0,0,0,0,0,0,0,0,1011,0,0,4,0,0,0,0,0,0,0,43,0,0,0,28,0,0,0,0,0,0,0,0,0,0,0,0,0,0,0,0,0,0,0,0,0,0,0,0,0,0,0,0,0,0,0,0,0,0,0,0,0,0,0,0,0,0,0,0,0,0,0,0,0,0,0,0,0,0,0,0,0,0,0,0,0,0,0,0,0,0,0,0,0,46,0,0,0,142,34,0,0,0,142,0,0,0,372,0,342,0,47,0,0,0,0,0,7,0,0,0,0,732,120,0,0,0,0,0,0,0,0,0,0,0,2532,0,0,0,0,0,12,0,0,0,0,0,0,0,0,0,0,0,0,0,0,0,0,0,0,0,0,222,0,99,2048,0,0,0,13,177,109,0,0,117,0,0,0,25,754,0,0,0,0,0,0,0,0,0,0,14,0,0,0,0,0,0,0,0,0,0,0,0,0,0,0,19,0,0,0,0,0,0,0,0,0,0,7,0,0,0,0,0,0,0,0,0,0,0,0,0,0,0,0,0,0
"HC_23",0,0,0,0,0,0,0,0,0,0,0,0,0,0,0,0,0,0,20,0,0,0,0,0,46,0,61,0,0,180,0,55,0,0,0,0,0,0,0,0,0,30,0,0,0,4,0,0,0,0,0,0,0,0,13,0,834,0,0,0,0,0,88,64,607,0,0,455,24,0,0,0,1309,159,1302,2906,99,229,0,0,0,0,0,0,0,0,0,0,53,235,0,0,0,0,0,0,0,0,8,0,0,9,0,0,0,0,0,0,0,0,0,0,0,0,0,0,0,0,0,0,55,0,0,19,0,0,0,0,0,0,0,64,0,0,0,0,0,341,0,26,0,0,88,0,0,0,0,0,18,30,0,0,0,2,0,0,0,16,0,20,0,0,0,0,0,0,128,0,70,0,0,0,0,0,0,0,0,0,0,0,0,0,0,0,0,16,0,0,0,0,0,0,0,0,135,0,0,202,47,0,0,0,0,0,0,0,0,0,0,0,0,0,0,0,0,496,0,0,559,0,612,0,810,0,0,0,23,0,0,0,0,7562,11,56,0,0,0,0,0,18903,0,0,115,0,0,0,0,0,0,0,0,0,0,1176,0,0,0,74,0,0,0,0,0,0,12,47,66,0,69,0,0,0,0,505,0,0,0,0,0,0,0,0,0,0,0,0,0,0,0,0,0,0,0,23,0,0,0,0,0,0,0,0,0,0,0,0,0,42,0,0,0,10,0,0,0,0,0,0,0,0,0,0,0,0,0,0,0,0,0,0,0,0,0,0,0,0,0,0,53,0,0,0,94,372,0,0,0,815,0,0,0,372,0,1293,0,15,0,0,0,0,0,0,0,0,0,0,12,769,0,0,0,0,0,0,0,0,0,0,0,375,0,0,0,0,0,542,0,0,0,0,0,0,0,0,0,0,0,0,0,0,0,0,6,0,0,0,1009,0,1029,3010,0,0,0,0,88,707,0,78,0,0,105,0,37,408,0,0,0,0,0,0,0,0,0,0,17,0,0,0,0,0,0,0,0,0,0,0,0,0,0,0,0,0,0,0,0,0,0,0,0,0,38,19,0,0,0,0,0,0,0,0,0,0,0,0,0,0,0,0,0,0
"HC_25",0,0,0,0,0,0,0,0,0,0,0,0,0,0,0,0,0,0,0,0,0,0,0,0,33,0,61,0,17,0,0,119,0,0,0,0,676,0,0,0,0,0,0,0,0,0,0,0,0,0,0,48,0,0,0,0,482,0,0,0,0,0,0,0,0,0,0,146,2962,0,57,0,185,0,367,228,185,160,0,0,0,0,0,0,65,0,0,0,90,114,0,0,0,0,0,0,0,0,0,50,0,0,0,0,0,0,0,0,0,0,1291,0,0,0,0,0,0,0,0,0,0,0,0,0,0,0,0,0,0,0,54,0,0,0,0,0,5,98,0,11,0,0,0,0,0,0,0,0,0,68,0,0,0,0,16,0,0,0,0,68,0,0,0,0,0,39,33,0,141,0,0,0,0,0,0,0,0,0,0,0,0,0,0,0,0,0,0,0,0,0,0,0,0,0,0,0,0,51,40,0,0,0,0,0,0,0,0,0,0,0,0,0,0,0,0,1057,0,0,0,0,727,0,461,0,31,0,0,0,0,0,0,485,467,0,0,0,0,0,0,16949,0,0,19,0,0,0,0,0,0,0,0,0,0,300,0,0,0,207,0,0,0,0,0,0,0,0,0,0,0,0,0,0,0,0,0,0,0,0,0,0,0,0,0,0,0,0,0,0,0,0,0,0,0,0,0,0,0,0,0,0,0,0,0,0,0,0,0,0,0,0,0,7,0,0,0,0,0,0,0,0,0,0,0,0,0,0,0,0,0,0,0,0,0,0,0,0,0,0,128,0,0,0,155,324,0,0,0,437,0,0,0,93,0,0,0,28,0,0,0,0,0,0,0,0,0,0,0,1687,0,0,0,0,0,0,0,0,0,0,0,1197,0,0,0,0,0,0,0,0,0,0,0,0,0,0,0,0,0,0,0,0,0,0,0,0,0,0,917,370,0,4543,0,0,0,0,0,1325,267,0,0,0,0,0,0,1764,0,0,0,0,0,0,0,0,0,0,0,0,0,0,0,0,0,0,0,0,0,0,0,0,0,0,0,0,0,0,0,0,54,0,0,0,0,0,3,0,0,0,0,0,0,0,0,0,0,0,0,0,0,0,0,0
"HC_28",0,0,129,0,0,0,0,0,0,0,0,0,0,3,0,18,0,0,0,0,0,0,0,0,3,87,379,344,0,0,0,57,0,0,0,0,2,31,0,0,0,3568,316,0,0,0,0,0,0,0,0,308,0,0,0,0,0,0,0,0,7,0,2621,0,0,35,0,3703,0,0,0,0,2658,272,5874,367,35,0,0,0,0,0,1746,22,0,0,160,0,1137,36,84,0,0,0,0,0,0,0,0,227,0,0,0,0,0,0,0,0,0,44,0,0,0,0,52,0,0,0,0,0,245,0,93,69,0,0,0,0,0,24,34,0,0,0,1145,0,26,1852,79,37,22,0,671,0,0,0,0,0,328,47,0,0,63,97,0,407,0,0,42,6,0,0,0,0,0,0,126,0,0,0,0,0,0,0,0,0,0,0,0,0,0,0,0,0,0,0,41,0,0,0,0,0,0,0,4,18,0,0,0,0,93,91,0,0,0,0,0,0,0,0,0,0,0,0,0,1646,0,0,0,61,3383,0,37,231,0,0,0,0,46,0,0,0,0,0,0,77,0,0,0,17317,0,0,1449,0,0,0,0,0,106,0,0,0,0,0,0,0,32,0,0,19,0,0,0,0,48,0,0,0,0,0,0,0,0,0,0,0,0,0,0,0,0,13,0,0,0,0,0,0,0,0,0,0,0,0,0,0,0,0,0,0,0,0,0,0,0,0,5,0,2725,0,0,0,0,0,0,0,0,0,0,0,0,0,0,0,0,0,0,0,3,0,0,0,0,0,0,0,0,0,98,0,0,0,540,0,0,0,0,5985,171,0,109,0,0,0,0,527,0,17,0,0,0,0,0,0,0,0,9104,0,0,0,0,0,0,0,0,0,0,0,0,4,0,0,0,0,0,0,11,0,0,0,0,0,0,0,0,0,0,0,0,0,0,0,14,0,3,0,0,0,70,0,2,0,0,15,0,0,0,0,0,0,758,0,55,2104,0,0,0,0,0,0,0,0,0,0,0,0,0,0,0,0,0,0,0,0,0,0,0,0,0,0,0,0,0,0,0,0,676,0,0,0,0,0,0,0,0,0,0,0,0,0,0,0,0,0,0,0,0,0,0,0
"HC_30",0,0,0,8,0,0,0,0,0,0,0,0,0,0,0,0,0,0,0,0,0,0,0,0,2201,0,71,0,0,1259,2,497,0,3,0,0,0,0,0,0,0,0,135,0,0,0,0,0,0,0,265,0,0,0,0,0,0,632,0,0,0,0,105,0,0,0,0,48,0,0,87,0,674,0,1824,294,101,2143,0,0,0,0,0,0,256,316,0,0,161,143,0,0,0,0,0,0,0,0,0,93,0,0,0,0,0,0,0,0,0,0,0,0,0,0,124,0,0,0,0,267,54,0,0,47,0,0,0,0,0,0,0,0,0,0,0,0,0,84,0,97,0,0,0,0,0,0,0,0,0,37,0,0,0,0,115,31,0,0,17,0,77,0,0,0,0,0,0,0,1722,0,0,0,0,0,0,0,0,0,0,0,0,0,0,0,0,0,0,0,0,1076,0,0,0,0,0,0,0,84,0,0,0,0,0,0,0,0,0,0,0,0,0,0,0,0,0,0,0,0,0,0,729,0,72,0,379,0,108,0,0,121,0,2,381,50,0,0,0,0,0,7146,0,0,464,23,0,0,0,0,0,0,0,0,0,0,0,0,0,0,0,0,0,0,0,0,15,0,0,0,7,0,0,0,0,0,0,0,0,0,0,0,0,0,0,0,0,0,0,0,0,0,0,0,0,0,0,0,0,0,0,0,0,0,0,0,0,0,3953,0,0,0,0,0,0,0,0,0,0,0,0,0,0,0,0,0,0,0,0,0,0,0,0,0,0,0,0,0,0,0,40,0,0,0,634,614,0,0,0,628,90,0,0,96,0,0,0,0,0,0,0,0,0,0,0,0,0,0,5878,0,0,0,0,0,0,0,0,0,0,0,0,0,0,0,0,0,0,0,0,0,0,0,0,0,88,0,0,0,0,0,0,0,0,0,0,0,0,0,1266,0,0,472,0,0,0,32,1247,243,131,0,1,0,0,380,224,252,0,0,0,0,0,0,0,0,0,0,0,0,0,0,0,0,0,0,0,0,0,0,0,0,0,0,0,0,0,0,0,0,0,0,0,0,0,105,0,0,0,0,0,0,0,0,0,0,0,0,0,0,0,0,0,0
"HC_32",0,0,0,0,0,0,0,0,0,0,0,0,0,0,0,0,0,0,0,0,0,0,0,0,1141,0,25,0,0,498,1,71,0,0,0,0,0,0,0,0,0,302,0,0,0,0,0,0,0,0,101,59,0,92,0,0,0,74,0,0,2,0,29,0,0,0,0,83,4990,0,56,0,0,58,1211,117,31,310,0,0,0,0,0,0,9,0,0,0,112,0,0,19,0,0,0,0,0,0,0,123,0,0,0,0,0,0,0,0,0,0,0,0,0,0,0,0,0,0,0,0,21,0,0,0,0,0,0,0,0,0,0,72,0,0,0,0,0,244,0,10,0,0,294,0,0,0,0,0,0,18,0,0,0,0,0,23,0,0,0,0,0,0,0,0,0,0,19,0,0,0,0,0,0,0,0,0,0,0,0,0,0,0,0,0,0,0,0,0,0,0,0,0,0,0,0,0,0,0,0,0,0,0,0,0,0,0,0,0,0,0,0,0,0,0,0,54,0,0,0,0,0,0,321,0,1690,0,0,0,0,0,0,850,0,0,0,228,0,0,0,26649,0,0,104,0,409,0,0,0,0,0,0,0,0,0,0,0,0,36,0,0,0,0,0,0,0,0,0,0,56,0,0,0,0,0,0,0,0,0,0,0,0,0,0,0,0,0,0,0,0,0,0,0,0,0,0,0,0,0,0,0,0,0,0,0,0,0,2804,0,0,0,0,0,0,0,0,0,0,0,0,0,0,0,0,0,0,0,0,0,0,0,0,0,0,0,0,0,0,0,42,0,0,0,118,657,0,0,0,197,0,0,16,0,0,249,0,165,0,0,0,0,0,0,0,0,0,0,2227,0,0,0,0,0,0,0,0,0,0,0,0,0,7,0,0,0,0,0,0,0,0,0,0,0,0,0,0,0,0,0,0,0,0,0,2,0,0,0,0,0,0,287,0,0,0,0,0,0,0,0,0,0,0,0,0,0,0,0,11,0,0,0,0,27,0,0,0,0,0,0,0,0,0,0,0,0,23,0,0,0,0,0,0,0,0,0,0,0,0,0,0,0,0,0,0,0,0,0,0,0,0,0,0,72,0,0,0,32,0,0,0,0
"HC_34",0,0,0,0,0,0,0,0,0,0,0,0,0,0,0,42,0,0,0,0,0,0,0,0,9,18,15,0,0,0,0,45,0,0,0,0,0,0,0,0,0,0,0,0,0,7,0,0,0,0,1107,0,0,0,7052,0,58,466,0,0,0,0,0,0,8065,69,0,1173,4959,0,0,0,0,552,1285,2034,323,0,0,0,0,0,0,0,0,126,0,0,857,24,0,35,0,0,0,0,0,0,0,0,0,0,0,0,0,0,0,0,0,0,0,0,0,0,0,0,0,0,0,0,191,0,0,133,0,0,0,0,0,53,0,54,0,0,63,0,14,79,63,0,0,0,176,0,0,0,0,0,20,0,0,0,30,0,0,0,0,0,0,224,0,0,0,0,0,0,0,0,0,0,0,0,0,0,0,0,0,0,0,0,0,0,0,0,0,0,0,0,0,0,0,0,0,0,0,0,0,0,0,0,0,0,0,0,0,0,0,0,0,0,0,0,0,0,0,1689,0,0,0,0,0,0,122,0,0,0,36,0,0,0,0,0,0,0,0,0,0,0,0,9717,0,0,1576,0,0,0,0,0,0,0,0,0,0,0,0,0,0,61,0,0,0,0,0,0,51,0,0,0,0,0,0,0,0,110,0,0,0,0,0,0,0,0,0,0,0,0,0,0,0,0,0,0,0,0,0,0,0,0,0,0,0,0,0,0,0,0,0,0,0,7,0,0,0,0,0,0,0,0,0,0,0,0,0,0,0,0,0,0,0,0,0,0,0,0,0,0,0,0,127,0,0,0,304,0,0,0,0,0,0,0,0,1428,0,0,2692,4417,0,0,0,0,0,0,0,0,0,0,6755,0,0,0,0,0,0,0,0,0,0,0,0,0,0,0,0,0,0,0,0,0,0,0,0,0,0,0,0,0,0,0,0,0,0,0,0,0,0,0,0,0,0,0,0,0,0,62,0,1904,0,0,0,0,6295,0,0,660,0,0,0,0,0,0,0,0,0,0,0,0,0,0,0,0,0,0,0,0,0,0,0,0,0,0,86,0,0,0,0,0,0,0,0,0,0,0,0,0,0,0,0,0,0,0,0,0,0,0,0,0,0,0,0,0
"HC_36",0,0,0,0,0,0,0,0,0,0,0,0,0,0,0,0,0,0,0,0,0,0,0,0,0,0,0,0,0,133,0,15,0,0,0,0,0,0,0,0,0,216,0,0,0,0,0,0,0,0,0,0,0,0,0,0,0,0,0,0,0,0,27,0,0,0,0,61,0,0,0,0,0,0,0,253,230,15,0,0,0,259,0,0,145,1,0,0,8,0,0,37,0,0,0,0,0,0,0,0,0,0,0,0,0,0,0,0,0,0,0,0,0,0,0,0,0,0,0,0,0,0,0,0,0,0,0,0,0,0,0,0,0,0,0,0,0,203,0,28,0,0,0,0,0,0,0,0,13,71,0,0,0,0,0,0,0,0,0,44,0,0,0,0,0,0,0,0,68,0,0,0,0,0,0,0,0,0,0,0,0,0,0,0,0,0,0,0,0,0,2085,0,0,0,83,0,0,80,0,0,0,0,0,0,0,0,0,0,0,0,0,0,0,0,0,226,0,0,0,0,425,0,90,0,208,0,29,0,0,63,0,621,0,0,0,57,0,0,0,20498,0,0,0,61,0,0,0,0,0,0,0,0,0,1198,0,0,0,298,0,0,0,0,0,0,0,0,0,0,0,0,0,0,0,49,0,0,0,0,0,0,0,0,0,0,0,0,0,0,0,0,0,0,0,0,0,0,0,0,0,0,0,0,0,0,0,0,0,0,0,0,0,0,0,0,0,0,0,0,0,0,0,0,0,0,0,0,0,0,0,0,0,0,0,0,0,0,0,0,0,0,0,0,66,0,0,0,0,0,0,0,0,158,0,0,0,100,0,0,0,0,0,0,0,0,0,0,5842,0,0,0,0,0,0,0,0,0,0,0,0,3480,0,0,0,0,0,0,0,0,0,0,0,0,0,0,0,0,0,0,0,0,0,0,0,0,0,0,170,0,615,434,0,0,0,0,0,0,0,0,0,0,0,0,0,0,0,0,0,0,0,0,0,0,0,0,0,0,0,0,0,0,0,0,0,0,7,0,0,0,0,0,0,0,0,0,0,0,550,0,0,0,0,0,0,0,0,0,0,0,0,0,0,0,0,116,0,0,0,0,0,0
"HC_39",0,64,0,0,0,0,0,0,0,0,0,0,0,0,0,0,0,0,0,0,0,0,0,0,575,22,0,0,0,105,0,55,0,0,1,0,0,0,0,0,0,52,2,0,0,0,0,0,0,0,65,0,0,0,228,0,0,0,0,0,0,0,0,9,61,0,0,49,981,0,0,0,0,32,372,0,0,30,0,0,0,0,0,0,28,181,0,0,24,119,0,29,0,0,0,0,0,0,0,82,0,0,0,0,0,0,0,0,0,0,0,0,0,0,0,0,0,0,0,0,0,0,0,0,0,0,0,0,0,0,0,0,0,0,0,0,0,0,0,0,9,0,0,0,0,0,16,0,0,0,0,0,0,0,0,0,0,0,4,122,0,0,0,0,0,71,61,80,24,0,0,0,0,0,0,0,0,0,0,0,0,0,0,0,0,0,0,0,0,0,0,0,0,0,203,0,0,0,84,0,0,0,0,0,0,0,0,0,0,0,0,0,0,0,0,0,0,0,0,0,478,0,95,0,100,0,25,0,0,56,5,1508,722,224,0,185,38,0,0,11853,0,0,26,0,0,0,0,0,0,0,0,0,0,455,0,0,0,8,0,0,0,0,0,0,0,6,0,0,98,0,0,0,0,0,0,0,0,0,0,0,0,0,0,0,0,0,0,0,0,0,0,0,0,0,0,0,0,0,0,0,0,0,0,0,0,3,1357,0,0,0,0,0,0,0,0,0,0,0,0,0,0,0,0,0,0,2,0,0,0,0,0,0,0,0,0,0,0,0,31,0,0,0,97,245,0,0,0,292,0,0,0,198,0,504,0,9,0,0,0,0,0,0,0,0,0,0,178,0,0,0,0,0,0,0,0,0,0,0,0,1521,0,0,0,0,0,1457,0,0,0,0,0,0,19,0,0,0,0,0,0,0,0,0,0,0,0,0,1188,799,0,0,0,0,0,8,78,102,0,88,0,0,0,208,0,50,0,0,0,0,0,3,0,0,0,0,0,0,0,0,0,0,0,0,0,0,0,0,0,0,0,0,0,0,0,0,0,0,0,0,0,0,0,0,0,0,0,0,0,0,18,0,0,0,0,24,0,0,0,0,0,0
"HC_6",0,0,0,0,0,0,0,0,0,0,0,0,0,9,0,0,0,0,0,0,0,0,0,0,0,0,0,0,0,20,0,0,0,0,0,0,0,0,0,0,0,0,0,0,0,0,0,0,0,0,0,0,0,0,0,0,0,0,0,0,0,0,13,12,0,0,0,0,0,0,0,0,0,0,14,92,0,21,0,0,0,0,0,625,0,0,0,0,2,0,0,0,0,0,0,0,0,0,0,0,0,0,0,32,0,0,0,0,0,0,0,0,0,0,0,0,0,0,0,0,0,0,0,0,0,0,0,0,0,0,0,0,0,0,0,0,0,0,0,6,0,0,0,0,0,0,0,0,274,0,0,0,0,0,0,0,0,0,0,0,0,0,0,0,0,0,0,0,12,0,0,0,0,0,0,0,0,0,0,0,0,0,0,0,0,0,0,0,0,0,0,0,0,0,0,0,5,0,0,0,0,0,0,0,0,0,0,0,0,0,0,0,8,0,0,14118,0,0,0,0,5,0,10,0,20,0,0,0,0,0,0,0,0,12,0,0,0,0,0,217,0,0,0,0,0,0,0,0,0,0,0,0,0,33,0,0,0,0,0,0,0,0,0,0,0,0,0,0,0,0,0,0,0,2290,33,193,1290,0,0,0,0,0,0,0,0,0,12,0,0,0,0,0,0,0,0,0,0,0,0,0,0,0,0,0,0,0,0,0,0,0,0,0,0,0,0,0,0,0,0,0,0,0,0,0,0,0,0,0,0,0,0,0,0,0,0,0,0,0,0,0,0,0,0,0,0,0,0,0,0,0,0,0,0,23,0,0,0,0,0,0,0,0,0,0,0,0,11,0,0,28,0,0,0,0,0,0,0,1099,0,0,0,0,0,0,0,0,0,0,0,8,0,0,0,0,0,0,0,0,13,0,0,0,0,0,0,0,0,0,92,55,0,0,0,33,0,0,0,0,0,0,0,0,0,0,0,0,0,0,0,0,0,0,0,0,0,0,0,0,0,0,0,0,0,0,0,0,0,0,0,0,53,0,0,0,0,0,73,0,0,0,0,0,0,0,0,0,0,0,0,0,0,8264,0,20,0,221,34,0,0,0
"HC_8",0,119,0,0,0,0,0,0,0,0,0,0,0,0,0,0,0,0,0,0,0,0,0,0,0,0,37,0,0,508,41,136,0,0,28,0,0,0,0,0,0,0,0,0,0,0,0,0,0,0,102,61,0,0,52,0,436,0,0,0,17,0,0,0,73,7,0,0,382,0,95,0,0,300,196,0,55,32,0,0,0,0,0,0,0,0,0,0,68,132,0,0,0,0,0,0,0,0,0,293,0,0,0,0,0,0,0,0,0,0,0,0,0,0,4,0,0,0,0,3,27,0,0,0,0,0,0,0,0,0,0,0,0,0,0,0,0,262,17,6066,0,0,0,0,0,0,0,0,0,24,0,0,0,0,0,0,0,0,0,0,240,0,0,0,0,0,11,141,234,0,0,0,0,0,0,0,0,0,0,0,0,0,0,0,0,0,0,0,0,0,0,0,0,0,0,0,0,59,278,0,0,0,0,0,0,0,0,0,0,0,0,0,0,0,0,81,0,0,0,0,2335,0,169,0,0,0,14,0,0,0,0,0,638,189,0,32,0,0,0,17273,0,0,70,17,0,0,0,0,0,0,0,0,0,409,0,0,0,0,0,0,0,0,0,0,10,0,0,0,31,0,0,0,0,55,0,0,0,0,0,0,0,0,0,0,0,0,0,0,0,0,0,0,0,0,0,0,0,0,0,0,0,0,0,0,0,0,944,0,0,0,0,0,0,0,0,0,0,0,0,0,0,0,0,0,0,0,0,0,0,0,0,0,0,0,0,0,0,0,34,0,0,0,231,1038,13,0,0,306,0,0,0,173,0,0,0,0,19,0,0,0,0,0,0,0,0,0,2017,0,0,0,0,0,0,0,0,0,0,0,0,1585,0,0,0,0,0,91,0,0,0,0,0,0,0,0,0,0,0,0,0,0,0,0,0,0,0,0,234,251,0,879,0,0,0,0,0,0,309,0,18,0,0,67,0,255,0,0,0,0,0,0,0,0,0,0,0,0,0,0,0,0,0,0,0,0,0,0,0,0,0,0,0,0,0,0,0,0,0,0,0,0,0,0,127,0,0,0,0,0,0,0,0,0,0,0,0,0,0,0,0,0
"LC_11",30,0,0,0,0,0,0,0,0,0,0,0,0,0,0,39,0,0,0,0,0,0,0,0,29,0,0,0,0,0,0,30,0,0,996,0,13,0,0,0,0,0,3,0,0,0,7,0,0,10,0,0,0,0,0,0,0,0,41,2288,1495,0,8524,0,0,0,0,1478,20,0,0,0,939,44,4679,7129,769,24,0,0,0,0,0,0,0,0,0,0,0,0,103,0,0,0,3,0,0,0,0,0,0,0,0,0,0,0,0,2,0,0,0,0,0,0,0,0,0,0,0,0,521,0,0,165,0,0,0,116,0,0,0,0,0,158,188,204,79,0,0,0,0,0,1620,0,41,0,0,0,96,0,0,0,0,0,0,61,0,26,0,6,0,0,0,0,0,0,0,0,9,0,0,0,0,0,0,0,0,0,0,0,0,0,0,21,0,0,0,0,0,0,0,0,0,0,30,0,0,0,0,0,30,0,0,0,0,0,0,0,0,0,8,0,0,0,0,7861,0,0,0,47,23,0,16,7,0,0,0,0,0,0,0,0,16,0,0,0,0,0,0,404,0,0,2467,0,0,0,0,0,0,0,0,0,0,108,0,0,0,0,0,0,0,0,0,0,0,0,0,0,0,5,0,0,0,0,0,0,0,0,0,0,0,0,0,0,0,0,0,18,0,0,0,0,0,0,0,0,0,0,0,0,0,0,0,0,0,0,0,0,904,30,0,0,0,0,0,0,0,0,0,0,0,0,0,0,0,0,0,0,0,0,0,0,0,0,0,0,0,0,0,0,0,0,1390,22,0,0,0,435,0,0,0,29,0,30,0,0,16,0,0,0,0,0,2,0,0,0,15,0,0,0,0,0,0,0,0,0,0,0,0,124,0,0,0,0,0,0,0,0,0,0,0,0,0,0,0,0,9,0,0,0,0,0,0,0,0,0,0,0,0,1275,0,0,0,83,3,18,0,0,0,0,1132,0,0,0,0,0,0,0,0,0,0,0,0,0,0,0,0,0,0,0,0,96,0,0,40,0,1,0,0,0,93,0,0,0,25,0,3,0,0,0,0,0,0,0,0,0,0,0,0,0,191,3684,0,2002,0,0,0,0,0,0
"LC_16",0,10,0,0,0,1,0,0,0,0,0,0,0,0,0,0,0,0,19,0,0,0,0,0,0,0,32,0,0,198,24,557,0,0,140,0,164,0,0,0,0,23,37,0,0,0,0,0,0,44,0,0,0,0,10,0,0,0,0,0,0,0,0,0,0,0,0,0,60,0,0,0,0,0,62,11,0,1926,0,0,0,0,0,0,630,946,0,0,110,175,0,54,0,0,0,0,0,0,0,226,0,0,0,0,0,0,0,0,0,0,0,0,0,0,0,0,0,0,0,0,68,0,0,323,0,3,0,0,0,0,0,30,0,0,0,0,0,38,39,23,0,0,0,0,0,0,0,0,18,85,0,0,73,0,0,59,0,27,0,685,0,0,0,0,0,0,9,0,45,0,0,0,0,0,0,0,0,0,0,0,0,0,0,21,0,0,0,0,0,0,0,0,0,0,0,0,0,0,0,0,0,0,0,0,0,0,0,0,0,0,0,0,0,0,0,89,0,0,49,0,417,0,97,0,0,0,0,0,6,0,0,0,8,18,0,0,0,0,0,14081,0,0,970,32,0,0,0,0,20,0,0,0,0,499,0,0,0,0,0,0,0,0,0,0,9,52,0,0,121,0,0,0,0,0,0,0,0,0,0,0,0,0,0,0,0,0,0,0,0,0,0,0,0,0,0,0,0,0,0,0,0,0,0,0,0,0,0,0,0,0,0,0,0,0,0,0,0,0,0,0,0,0,0,0,31,0,0,0,0,0,0,0,0,0,0,0,0,0,0,0,0,0,658,0,0,0,0,27,0,0,0,9,0,33,0,13,0,0,0,0,0,0,0,0,0,0,2685,0,0,0,0,0,0,0,0,0,0,0,0,2301,0,0,0,0,0,0,0,0,0,0,0,0,57,3,0,0,0,0,0,0,0,0,0,0,0,0,3568,0,0,57,0,0,0,0,150,232,0,0,268,0,0,0,0,0,0,0,0,0,0,39,0,0,0,0,0,0,0,0,0,0,0,173,0,0,0,0,0,0,0,0,0,0,0,0,0,0,0,0,0,0,0,88,0,0,0,0,0,0,0,0,0,106,0,0,0,0,0,0,0,0
"LC_18",0,0,0,0,0,0,0,0,0,0,0,0,0,0,0,16,0,0,0,0,0,0,0,0,0,0,4,0,0,0,0,65,0,0,0,0,6,0,0,0,0,32,48,0,0,0,0,12,0,0,0,74,0,0,0,0,0,0,0,0,428,0,71,0,1127,0,0,2170,10,0,0,0,268,1829,349,924,17,8,0,0,0,0,0,0,0,0,0,0,175,0,0,0,0,0,0,0,0,0,0,0,0,0,0,0,0,0,0,0,0,0,0,0,0,0,0,0,0,0,0,0,653,0,1,0,0,0,0,0,0,12,0,0,0,0,956,0,46,0,0,23,0,0,0,0,0,0,0,0,83,0,0,0,0,0,0,231,0,0,0,0,0,0,0,0,0,0,0,0,0,0,0,0,0,0,0,0,0,0,0,0,0,0,0,7,0,0,0,0,0,0,0,0,0,0,0,0,0,0,0,0,0,0,0,8,0,6,0,0,0,0,0,0,0,0,0,502,0,0,0,0,0,0,0,0,9,0,0,0,0,0,0,0,0,0,0,0,0,0,0,149,0,0,0,0,0,0,0,0,5802,0,0,8,0,44,0,0,0,285,0,0,0,0,0,0,0,0,0,0,0,0,0,0,0,1446,0,0,0,0,0,0,0,0,0,0,0,0,0,0,0,0,0,0,0,0,0,0,0,0,0,0,0,0,0,0,0,0,0,0,0,667,0,0,0,0,0,0,0,0,0,0,0,0,0,0,0,0,0,0,0,0,0,0,0,0,0,0,0,0,0,0,0,0,0,0,0,0,0,396,0,0,0,158,0,0,0,0,0,0,0,0,20,0,0,0,0,0,3771,0,0,0,0,0,0,0,0,0,0,0,0,20,0,0,0,0,0,0,0,0,0,0,0,0,0,0,0,0,0,0,0,0,0,0,0,0,0,0,0,0,0,63,0,0,0,46,0,0,0,0,0,0,1856,0,0,0,0,0,0,0,0,0,0,0,0,0,0,0,0,0,0,0,0,49,0,0,9,0,0,0,0,0,38,0,0,0,0,0,0,0,0,0,0,0,0,0,0,0,0,0,0,8,0,3189,0,1354,0,30,11,0,0,0
"LC_20",0,88,0,0,0,0,0,0,0,0,0,0,0,0,0,30,0,0,0,0,0,0,0,0,1458,65,607,0,0,532,49,76,0,0,0,0,0,0,0,0,0,0,12,0,0,0,0,0,0,0,97,389,0,0,0,0,0,0,0,0,0,0,0,0,0,157,0,75,129,0,0,0,0,215,1192,1540,0,0,0,0,0,0,0,0,13,0,0,0,102,0,0,0,0,0,0,0,0,57,0,343,0,0,0,0,0,0,0,0,0,18,2,0,0,0,0,0,0,0,0,0,0,0,0,0,0,0,0,0,0,0,0,0,0,0,198,0,21,85,0,20,0,0,0,0,0,0,0,0,0,0,0,0,0,0,0,0,0,0,13,0,35,0,0,0,0,0,0,0,0,0,0,0,0,0,0,0,0,0,0,0,0,0,0,0,0,0,0,0,0,185,0,0,0,0,0,0,0,0,0,0,16,0,0,0,0,0,0,0,0,0,0,0,0,0,0,0,0,0,0,0,596,0,34,0,0,0,0,0,0,0,0,0,0,0,0,0,0,0,0,8435,0,0,163,0,0,0,0,0,0,0,0,0,0,15556,0,0,0,0,0,0,0,0,0,0,0,0,0,0,38,0,0,0,0,0,0,0,0,0,0,0,0,0,0,0,0,0,0,0,36,0,0,0,0,0,0,0,0,0,0,0,0,0,0,0,0,0,0,0,0,0,0,0,0,0,0,0,0,0,0,0,0,0,0,0,0,0,0,0,0,0,0,0,0,0,0,0,0,0,88,0,0,0,241,0,0,0,0,887,0,40,0,1537,0,35,0,0,0,0,0,0,0,0,0,0,0,0,0,398,0,0,0,0,0,0,0,0,0,0,0,238,0,0,0,0,0,110,0,0,0,0,0,0,0,0,0,0,0,0,0,0,0,0,0,0,0,0,0,0,0,0,0,0,0,270,0,0,20,0,0,0,206,0,0,450,0,0,0,0,0,0,0,0,0,0,0,0,0,0,0,0,0,75,0,0,0,0,0,0,0,0,0,0,0,0,0,0,0,0,0,0,0,0,0,0,0,0,0,0,0,0,0,0,0,0,0,0,0,0,0,0
"LC_22",0,0,0,0,0,0,0,0,0,0,0,0,0,0,0,23,0,0,0,0,0,0,0,0,17768,0,0,0,0,0,0,0,0,0,44,0,0,0,0,0,0,0,69,0,0,7,0,0,0,0,0,0,0,0,0,0,1656,0,11,0,0,0,0,0,0,0,0,7308,0,0,0,0,479,1568,6305,8993,24,0,0,0,0,0,0,0,206,135,0,0,0,0,0,0,0,0,0,0,0,0,0,0,0,0,0,0,0,0,0,0,0,0,0,0,0,0,0,0,0,0,294,0,138,0,0,0,0,0,0,0,0,2,0,0,0,0,177,0,0,160,0,56,0,0,0,0,0,0,0,0,0,39,0,0,0,0,21,207,20,12,0,0,0,0,0,0,0,0,0,0,0,0,0,0,0,0,0,0,0,0,0,0,0,0,0,0,0,0,0,0,0,0,5356,0,6,4,0,0,0,66,0,0,0,0,24,0,0,0,0,0,0,0,0,0,0,0,0,4,0,0,0,0,81,0,18,0,0,0,63,0,0,0,0,0,0,0,6,29,0,0,0,9985,0,0,1236,0,0,0,0,0,0,0,0,0,0,33,0,0,0,0,0,0,0,0,0,0,14,0,0,0,0,0,0,0,0,0,0,0,0,0,0,0,0,0,70,0,0,0,0,0,0,0,0,0,0,0,0,0,0,0,0,0,0,0,0,0,0,0,0,0,0,0,0,0,0,0,0,2,0,0,0,1,0,0,11,0,0,0,0,0,0,0,0,0,0,0,0,0,0,0,0,0,0,0,597,0,0,0,0,871,163,0,0,1259,0,0,0,253,0,65,11,0,0,0,0,0,0,0,0,0,0,0,0,0,0,0,0,0,0,0,0,0,0,0,0,0,0,0,0,0,0,0,0,0,0,0,46,0,0,0,0,0,0,0,0,0,0,0,0,382,0,901,0,0,0,0,848,0,28,0,0,0,87,277,0,464,0,0,0,0,0,0,0,0,0,0,0,0,0,0,0,0,12,0,0,0,0,0,0,0,0,0,0,0,0,0,0,0,0,0,0,0,0,0,0,0,0,0,0,0,0,0,0,0,0,0,0,0,0,0,0,0
"LC_24",0,0,0,0,0,0,0,0,0,0,0,0,0,0,0,0,0,0,0,0,0,0,0,0,0,0,0,0,0,0,0,0,0,0,383,0,0,0,45,0,0,91,0,0,0,0,0,0,0,0,0,0,0,0,1455,0,0,0,0,0,0,0,335,0,0,0,0,385,0,0,0,0,0,138,0,164,1257,0,0,0,0,0,0,0,764,173,0,0,0,0,0,193,0,0,0,0,0,0,0,0,0,0,0,0,0,0,0,0,0,0,0,0,0,0,0,0,0,0,0,0,184,0,0,0,0,0,0,0,0,0,0,0,0,0,0,0,4,67,0,5,0,0,110,0,0,0,0,0,7,61,0,0,0,0,0,0,0,0,0,0,0,0,0,0,0,0,0,0,0,0,0,0,0,0,0,0,0,0,0,0,0,0,0,0,0,0,0,0,0,0,558,0,0,21,0,0,0,61,0,0,0,0,0,175,0,0,0,0,0,0,0,0,0,0,0,755,0,0,0,0,0,0,0,0,11,0,18,0,0,82,0,0,0,0,0,12,0,0,0,5148,0,0,493,0,0,0,84,0,0,0,0,0,0,0,0,0,0,0,0,0,0,0,0,0,0,0,0,0,0,0,0,0,0,27,0,1,0,0,0,0,0,0,0,0,0,0,0,0,0,0,0,0,0,0,0,0,0,0,0,0,0,0,0,0,0,0,0,0,3812,218,0,0,0,0,0,0,0,0,0,0,0,0,0,0,0,0,0,0,0,0,0,0,0,0,0,0,0,0,0,0,0,0,0,0,0,0,0,138,0,0,0,392,0,0,0,0,0,0,0,0,0,0,0,0,0,0,0,0,0,0,0,0,0,0,0,0,0,0,0,0,0,0,0,0,0,0,0,0,0,0,0,0,0,0,0,0,0,0,0,0,0,0,0,0,0,0,0,0,0,4382,0,0,0,19,0,0,0,0,0,0,43,0,0,204,0,1,0,0,0,0,0,0,0,0,0,0,0,0,0,0,0,0,0,0,0,0,0,0,0,0,11,0,0,0,0,0,1,0,0,0,0,0,0,0,0,0,0,0,0,0,0,2904,0,6984,0,0,0,0,0,0
"LC_33",0,914,0,0,0,0,0,0,0,0,0,0,0,0,0,32,0,0,0,0,0,0,0,0,115,481,763,0,0,905,0,354,0,0,23,0,0,0,0,0,0,48,13,0,0,0,0,0,0,0,489,119,0,0,0,0,0,0,0,0,0,0,0,0,0,91,0,93,97,0,126,0,346,109,1250,69,132,0,0,0,0,0,0,0,87,112,0,0,161,58,0,47,0,0,0,0,0,0,0,194,0,0,0,0,0,0,0,0,0,0,0,0,0,0,0,0,0,0,0,0,0,0,0,0,0,0,0,0,0,0,0,0,0,0,0,0,0,1612,0,256,0,0,0,0,0,0,0,0,0,15,0,0,0,0,0,0,0,27,0,215,0,0,0,0,0,0,0,103,4924,0,0,0,0,0,0,0,0,0,0,0,0,0,0,0,0,0,0,0,0,0,0,0,0,0,0,0,0,90,47,0,0,0,0,0,0,0,0,0,0,0,0,0,0,0,0,2503,0,0,0,0,423,0,102,0,0,0,43,0,0,0,0,792,2097,0,0,153,0,0,0,7616,0,0,61,74,0,0,0,0,0,0,0,0,0,953,0,0,0,0,0,0,0,0,0,0,21,0,0,0,82,0,0,0,0,0,0,0,0,0,0,0,0,0,0,0,0,0,0,0,0,0,0,0,0,0,0,0,0,0,0,0,0,0,0,0,0,0,0,0,0,0,0,0,0,0,0,0,0,0,0,0,0,0,0,0,0,0,0,0,0,0,0,0,0,0,0,0,0,0,191,0,0,0,675,543,30,0,0,297,0,25,0,829,0,37,0,0,0,0,0,0,0,0,0,0,0,0,4124,0,0,0,0,0,0,0,0,0,0,0,0,1483,0,0,0,0,0,0,0,0,0,0,0,0,0,0,0,0,0,0,0,0,0,0,0,0,0,0,393,89,0,466,0,0,0,0,0,0,92,0,0,0,0,112,80,298,0,0,0,0,0,0,0,0,0,0,0,0,0,0,0,0,0,0,0,0,0,0,0,0,0,0,0,0,0,0,0,0,0,0,0,0,0,0,0,0,0,0,0,0,0,0,0,0,0,0,0,0,0,0,0,0
"LC_35",0,0,0,0,0,0,0,0,0,0,0,0,0,0,0,18,0,0,0,0,0,0,0,0,0,0,0,0,0,0,0,0,0,0,0,0,0,0,0,0,0,9,3,0,0,0,0,0,0,0,0,0,0,0,0,0,0,0,0,0,9,0,10321,0,0,0,0,4590,0,0,0,0,3149,3,865,13159,3118,0,0,0,0,0,0,0,0,0,0,0,395,0,102,0,0,0,0,0,0,0,0,0,0,0,0,0,0,0,0,0,0,0,0,0,0,0,0,0,0,1026,0,0,423,0,0,0,0,0,0,0,0,1,0,0,0,0,157,0,13,192,66,36,19,5,591,0,0,0,0,0,14,85,0,0,0,0,0,141,0,0,0,0,0,0,0,0,6,0,0,0,0,21,0,0,0,0,0,0,0,0,0,0,0,0,0,0,0,0,0,0,0,0,2933,0,0,13,0,0,0,13,43,0,9,0,0,0,21,0,0,0,0,0,0,0,0,0,0,5522,0,0,0,0,0,0,0,0,0,0,0,0,0,0,0,0,0,0,0,0,0,0,0,60,0,0,1718,0,0,0,0,0,0,14,0,0,0,0,0,0,0,0,0,0,0,0,0,0,68,0,0,0,0,0,0,0,0,199,0,0,0,0,0,0,0,14,0,0,0,0,0,0,0,0,0,0,0,0,0,0,0,0,0,0,0,0,0,0,0,0,0,0,0,0,0,0,0,0,0,0,0,0,0,0,0,0,0,0,0,0,0,0,0,0,0,0,0,0,0,0,0,0,0,0,0,0,218,0,0,0,0,1142,0,0,0,0,0,334,0,0,103,0,0,0,0,0,0,0,0,0,84,0,0,0,0,69,0,0,0,0,29,0,0,0,0,0,0,0,0,0,0,0,0,0,0,0,0,0,0,0,0,0,0,0,0,0,0,0,0,0,101,0,0,71,0,0,0,0,0,20,0,0,0,0,505,0,0,865,0,0,0,0,0,0,0,0,0,0,0,0,0,0,0,0,0,0,0,0,0,0,0,0,0,0,0,0,0,0,0,0,0,0,0,0,0,0,0,0,0,0,0,0,0,0,0,516,0,662,0,0,0,0,0,0
"LC_38",0,0,0,0,0,0,0,0,0,0,0,0,0,0,0,0,0,0,0,0,0,0,0,0,0,0,0,0,0,0,0,0,0,0,0,0,0,0,0,0,0,0,0,0,0,0,0,0,0,0,0,0,0,0,0,0,0,0,0,0,0,0,50244,0,0,0,0,0,0,0,0,0,0,0,0,12,0,0,0,0,0,0,0,18,0,0,0,0,0,0,0,0,0,0,0,0,0,0,0,0,0,0,0,0,0,0,0,0,0,0,0,0,0,0,0,0,0,1,0,0,0,0,0,30,110,0,0,0,0,133,0,25,0,0,0,0,2,0,0,12,0,510,82,37,0,0,0,0,277,0,0,0,0,0,0,0,0,0,0,0,0,0,0,0,0,0,0,0,0,0,0,0,0,0,0,0,0,0,0,0,0,0,0,0,0,0,0,0,0,0,0,0,0,0,0,0,0,0,0,11,0,0,0,0,4,0,0,30,0,0,0,0,0,0,0,4185,0,0,0,0,0,0,0,0,0,0,0,0,0,0,0,0,0,0,0,0,0,0,0,185,0,0,0,0,0,0,0,0,0,0,0,0,0,0,0,0,0,5,0,0,0,0,0,0,0,0,0,0,0,0,0,0,5,163,2,0,46,0,0,0,0,0,0,0,0,0,0,0,0,0,0,0,0,0,0,0,0,0,0,0,0,0,0,0,0,0,0,0,0,0,0,0,0,0,0,0,0,0,0,31,0,0,0,0,0,0,0,0,0,0,0,0,0,0,0,0,0,0,0,0,0,0,0,0,0,0,0,0,0,0,0,0,0,0,0,0,0,0,0,0,0,0,0,0,0,0,0,0,0,0,0,0,0,0,0,0,2,0,0,0,0,0,0,0,0,0,0,0,0,0,0,0,0,0,0,0,0,0,0,0,0,0,0,0,0,0,0,0,71,0,0,0,0,17,0,0,0,0,0,0,183,0,0,0,0,0,0,0,0,0,0,0,0,0,0,0,0,0,0,0,0,0,0,0,0,0,0,0,0,0,4,0,0,0,0,0,0,0,0,0,0,0,0,0,0,0,0,0,0,0,0,323,0,47,0,0,0,0,0,0
"LC_40",0,0,0,0,0,0,0,0,0,0,0,0,0,0,0,0,0,0,0,0,0,0,0,0,0,0,0,0,0,0,0,0,0,0,0,0,0,0,14,180,0,0,0,0,0,0,0,0,0,0,0,0,0,0,0,0,0,0,0,0,0,0,1762,0,0,0,0,185,0,0,0,0,0,24,0,0,0,0,0,0,0,0,20,0,518,508,0,0,0,122,0,0,0,0,0,0,0,0,0,0,0,0,0,0,0,0,0,0,0,0,0,0,0,0,0,0,0,0,0,0,17,0,0,41,0,0,0,0,0,0,0,42,0,0,0,21,43,0,0,51,0,246,0,0,0,0,0,0,148,99,0,4,0,125,0,0,89,70,0,0,0,0,0,0,0,0,0,0,0,0,0,0,0,0,0,0,0,0,0,0,0,0,0,0,0,0,0,0,0,0,0,0,0,0,0,0,0,0,0,0,0,0,0,0,0,0,0,0,0,0,0,0,0,0,0,1407,0,0,0,0,0,0,439,0,9788,0,0,0,0,0,0,0,0,0,0,0,0,0,0,4037,0,0,0,262,0,0,0,0,0,0,0,0,0,0,0,0,0,33,0,0,0,0,0,0,0,0,0,0,0,0,0,0,5,106,7,0,0,0,0,0,0,0,0,0,0,0,0,0,0,0,0,0,0,0,0,0,0,0,0,0,0,0,0,0,0,0,0,0,0,19,0,0,0,0,0,0,0,0,0,0,0,0,0,0,0,0,0,0,2,0,0,0,0,0,0,0,0,0,0,0,0,0,0,0,0,0,0,0,0,0,0,0,0,0,0,0,410,0,0,0,0,0,0,0,0,0,0,0,0,0,0,0,0,0,0,0,0,0,0,0,0,0,0,0,0,0,0,0,0,35,0,0,0,0,0,0,0,0,0,0,0,0,0,0,0,0,0,0,1521,1093,0,0,0,0,211,0,0,0,0,0,105,0,38,0,0,0,0,0,0,0,0,0,0,0,0,0,0,0,0,0,0,0,0,0,0,0,0,0,0,0,0,0,0,0,0,0,0,0,0,0,0,0,0,0,0,0,0,0,0,0,381,2452,0,4010,0,0,166,0,0,0
"LC_5",0,0,10,0,0,0,0,0,0,0,0,0,0,0,0,0,0,0,0,0,0,0,0,0,127,0,0,0,0,1354,0,0,0,0,5,0,0,0,0,0,0,50,71,53,0,0,0,0,0,0,602,4021,0,0,844,0,0,290,3,0,0,0,47,2,0,0,0,684,2073,0,452,0,0,1070,0,775,12,32,0,0,0,0,0,0,69,0,0,0,53,1223,21,0,0,0,0,0,0,0,0,0,0,0,0,0,0,0,0,0,0,47,0,0,0,0,0,0,0,0,0,0,331,0,0,39,7,0,0,0,0,0,0,0,0,56,168,15,24,142,102,380,1,0,0,0,0,0,0,0,32,360,0,0,46,0,0,360,0,0,0,0,3,0,0,0,26,0,0,0,0,0,0,0,0,0,0,0,0,0,0,0,0,0,0,0,0,0,0,0,0,0,0,0,0,0,0,0,0,0,147,0,45,0,0,0,0,0,0,0,0,0,0,0,0,0,0,8073,0,0,0,9,0,9,170,6,688,0,40,0,0,0,0,75,0,0,7,45,0,0,0,23962,0,0,1059,0,0,0,0,0,68,0,0,2,0,0,0,0,0,0,0,0,0,0,0,0,0,0,0,0,101,0,0,0,0,48,0,0,0,0,0,0,0,0,0,0,0,0,0,0,0,0,0,0,0,4,0,0,0,0,0,0,0,0,0,0,0,0,21,0,0,0,0,0,0,0,0,0,0,0,0,0,0,0,0,0,0,0,0,0,0,0,0,0,0,0,0,0,0,0,0,0,0,0,1042,99,0,0,0,128,0,0,1192,0,0,0,0,136,0,0,0,0,0,0,0,0,0,0,1727,0,0,0,0,0,5,0,0,0,0,0,0,10,0,0,0,0,0,0,0,0,0,0,0,0,0,0,0,0,0,65,0,0,0,0,0,0,0,0,1186,0,0,822,0,0,0,37,774,1826,213,3,0,0,606,0,0,13606,0,0,0,0,0,0,0,0,0,0,0,0,0,0,17,0,0,0,0,0,0,0,0,0,0,0,0,0,0,0,0,0,0,0,0,0,0,0,0,0,0,0,0,0,0,0,0,0,0,0,0,0,0,0,0,0
"LC_7",0,110,0,0,0,0,0,0,0,0,0,0,0,0,0,13,0,0,0,0,0,0,0,0,32,0,0,0,0,0,0,27,0,0,63,0,0,0,0,0,0,0,0,0,0,0,0,0,0,0,45,0,0,0,0,0,31,15,0,0,0,0,0,0,77,0,0,48,67,0,0,0,4,32,91,0,0,91,0,0,0,0,0,0,25,0,0,0,0,337,0,0,0,0,0,0,0,0,0,20,0,0,0,0,0,0,0,0,0,0,1008,0,0,0,0,0,0,0,0,0,0,0,0,37,0,0,0,0,0,0,0,150,0,0,0,0,0,0,0,7,7,0,0,0,53,0,0,0,0,489,0,0,0,0,0,0,0,0,0,1488,0,0,0,0,0,0,26,307,351,0,0,0,0,0,0,0,0,0,0,0,0,0,0,0,0,0,0,0,0,65,0,0,0,0,0,0,0,129,268,0,0,0,0,0,0,0,0,0,0,0,0,3,0,0,0,140,0,0,133,0,130,0,122,0,157,0,0,0,0,0,0,519,0,0,0,0,0,0,0,24136,0,0,0,41,0,0,0,0,0,0,0,0,0,1627,0,0,0,53,0,0,0,0,0,0,0,0,0,0,25,0,0,0,0,0,0,0,0,0,0,0,0,0,0,0,0,0,0,0,0,0,0,0,0,0,0,0,0,0,0,0,0,0,0,0,0,0,0,0,0,0,0,9,0,0,0,0,0,26,0,0,0,0,0,0,0,0,0,0,0,0,0,0,0,0,0,0,0,0,15,0,0,0,0,210,0,0,0,17,0,0,0,110,0,0,0,13,3,0,0,0,0,0,0,0,0,0,0,1532,0,0,0,0,0,0,0,0,0,0,0,3813,0,0,0,0,0,205,0,0,0,0,0,0,0,0,0,0,0,0,0,0,0,0,3,0,0,0,603,0,414,1507,0,0,0,0,5,109,70,0,15,0,0,132,0,401,0,0,0,0,0,0,0,0,0,0,0,0,0,0,0,0,0,43,0,0,0,0,0,0,0,0,0,0,0,0,0,0,0,0,0,0,0,0,8,0,0,0,0,0,0,0,0,0,0,0,0,0,0,0,0,9
"LC_9",13,0,0,0,147,0,0,0,0,0,0,0,0,0,0,0,0,0,0,0,0,0,0,0,17,0,0,0,0,53,0,0,2,0,68,0,0,0,0,0,0,0,0,0,0,15,0,0,0,0,0,0,0,0,0,0,0,10,0,0,0,0,0,0,0,0,0,0,2,0,0,0,54,0,3,53,0,21,0,0,0,0,0,1173,537,73,0,0,107,0,0,0,0,0,0,0,0,0,0,0,0,0,0,0,2,0,0,0,0,0,0,0,0,0,0,0,0,0,0,0,1157,0,107,31,0,0,0,0,0,0,0,0,0,0,0,0,95,0,178,0,0,0,1216,131,0,0,0,0,0,0,0,0,0,0,0,0,152,0,0,0,0,0,0,0,4,0,0,0,0,0,0,0,0,0,0,1,0,4,0,0,0,0,0,0,0,0,0,0,0,0,0,0,0,0,49,0,0,0,0,0,0,0,0,0,0,0,0,0,0,0,0,0,0,0,0,528,0,0,0,0,0,0,12,0,0,0,0,0,0,0,0,28843,0,122,0,0,0,0,0,500,0,0,1456,44,13,25,0,0,0,0,8,0,0,59,0,0,0,0,0,0,0,8,0,0,0,0,0,0,0,0,0,0,0,0,0,0,0,0,0,0,27,0,0,0,938,0,0,27,0,0,0,18,0,0,0,0,0,0,0,0,0,0,0,0,0,0,0,0,19,24,0,0,0,0,0,0,0,0,0,0,0,0,0,0,0,0,0,0,0,0,0,0,0,0,0,0,0,0,0,0,0,0,0,0,0,0,0,50,0,0,0,14,54,28,0,0,8,0,0,0,0,0,0,0,0,0,0,0,0,0,0,0,0,0,0,0,0,0,0,87,0,0,0,0,0,0,0,0,0,0,0,0,0,0,0,0,3,7,0,0,0,0,7,0,0,0,194,0,3160,0,0,0,0,76,51,21,0,0,0,0,18,0,0,3,0,0,0,0,0,0,0,0,0,0,0,4,0,0,0,0,0,49,0,0,40,0,0,1,0,0,80,1,0,0,7,55,21,0,0,0,0,0,0,0,0,0,0,0,0,14,0,268,0,31,0,0,0,0,0,0
