"study","study_slug","record_type","title","description","local_path","rdataclass"
"ALL","study_index","study_index","HuMMANet Study Index","Study-level availability table for the HuMMANet ExperimentHub resources.","HuMMANet/v1/study_index.rds","data.frame"
"BarkerTejedaTC_2024_Targeted","barkertejedatc__384f3edf","study_bundle","HuMMANet Study Bundle: BarkerTejedaTC_2024_Targeted","Curated metadata, species, and metabolome tables for the HuMMANet study BarkerTejedaTC_2024_Targeted .","HuMMANet/v1/studies/barkertejedatc__384f3edf.rds","list"
"BarkerTejedaTC_2024_Untargeted","barkertejedatc__21059c5e","study_bundle","HuMMANet Study Bundle: BarkerTejedaTC_2024_Untargeted","Curated metadata, species, and metabolome tables for the HuMMANet study BarkerTejedaTC_2024_Untargeted .","HuMMANet/v1/studies/barkertejedatc__21059c5e.rds","list"
"CarterM_2025","carterm_2025","study_bundle","HuMMANet Study Bundle: CarterM_2025","Curated metadata, species, and metabolome tables for the HuMMANet study CarterM_2025 .","HuMMANet/v1/studies/carterm_2025.rds","list"
"ChengT_2024_F","chengt_2024_f","study_bundle","HuMMANet Study Bundle: ChengT_2024_F","Curated metadata, species, and metabolome tables for the HuMMANet study ChengT_2024_F .","HuMMANet/v1/studies/chengt_2024_f.rds","list"
"ChengT_2024_S","chengt_2024_s","study_bundle","HuMMANet Study Bundle: ChengT_2024_S","Curated metadata, species, and metabolome tables for the HuMMANet study ChengT_2024_S .","HuMMANet/v1/studies/chengt_2024_s.rds","list"
"ConleyT_2024","conleyt_2024","study_bundle","HuMMANet Study Bundle: ConleyT_2024","Curated metadata, species, and metabolome tables for the HuMMANet study ConleyT_2024 .","HuMMANet/v1/studies/conleyt_2024.rds","list"
"DawkinsJ_2022","dawkinsj_2022","study_bundle","HuMMANet Study Bundle: DawkinsJ_2022","Curated metadata, species, and metabolome tables for the HuMMANet study DawkinsJ_2022 .","HuMMANet/v1/studies/dawkinsj_2022.rds","list"
"DuL_2025","dul_2025","study_bundle","HuMMANet Study Bundle: DuL_2025","Curated metadata, species, and metabolome tables for the HuMMANet study DuL_2025 .","HuMMANet/v1/studies/dul_2025.rds","list"
"ERAWIJANTARI_2020","erawijantari_2020","study_bundle","HuMMANet Study Bundle: ERAWIJANTARI_2020","Curated metadata, species, and metabolome tables for the HuMMANet study ERAWIJANTARI_2020 .","HuMMANet/v1/studies/erawijantari_2020.rds","list"
"FangX_2020","fangx_2020","study_bundle","HuMMANet Study Bundle: FangX_2020","Curated metadata, species, and metabolome tables for the HuMMANet study FangX_2020 .","HuMMANet/v1/studies/fangx_2020.rds","list"
"FengZ_2021","fengz_2021","study_bundle","HuMMANet Study Bundle: FengZ_2021","Curated metadata, species, and metabolome tables for the HuMMANet study FengZ_2021 .","HuMMANet/v1/studies/fengz_2021.rds","list"
"FranzosaE_2019","franzosae_2019","study_bundle","HuMMANet Study Bundle: FranzosaE_2019","Curated metadata, species, and metabolome tables for the HuMMANet study FranzosaE_2019 .","HuMMANet/v1/studies/franzosae_2019.rds","list"
"FranzosaE_2019_Validation","franzosae_2019__22d0f995","study_bundle","HuMMANet Study Bundle: FranzosaE_2019_Validation","Curated metadata, species, and metabolome tables for the HuMMANet study FranzosaE_2019_Validation .","HuMMANet/v1/studies/franzosae_2019__22d0f995.rds","list"
"GotoY_2022","gotoy_2022","study_bundle","HuMMANet Study Bundle: GotoY_2022","Curated metadata, species, and metabolome tables for the HuMMANet study GotoY_2022 .","HuMMANet/v1/studies/gotoy_2022.rds","list"
"HE_INFANTS_2019","he_infants_2019","study_bundle","HuMMANet Study Bundle: HE_INFANTS_2019","Curated metadata, species, and metabolome tables for the HuMMANet study HE_INFANTS_2019 .","HuMMANet/v1/studies/he_infants_2019.rds","list"
"HanL_2021_Fecal","hanl_2021_fecal","study_bundle","HuMMANet Study Bundle: HanL_2021_Fecal","Curated metadata, species, and metabolome tables for the HuMMANet study HanL_2021_Fecal .","HuMMANet/v1/studies/hanl_2021_fecal.rds","list"
"HanL_2021_Serum","hanl_2021_serum","study_bundle","HuMMANet Study Bundle: HanL_2021_Serum","Curated metadata, species, and metabolome tables for the HuMMANet study HanL_2021_Serum .","HuMMANet/v1/studies/hanl_2021_serum.rds","list"
"HashmiM_2025_Serum","hashmim_2025_serum","study_bundle","HuMMANet Study Bundle: HashmiM_2025_Serum","Curated metadata, species, and metabolome tables for the HuMMANet study HashmiM_2025_Serum .","HuMMANet/v1/studies/hashmim_2025_serum.rds","list"
"HeJ_2020_Fecal","hej_2020_fecal","study_bundle","HuMMANet Study Bundle: HeJ_2020_Fecal","Curated metadata, species, and metabolome tables for the HuMMANet study HeJ_2020_Fecal .","HuMMANet/v1/studies/hej_2020_fecal.rds","list"
"HeJ_2020_Serum","hej_2020_serum","study_bundle","HuMMANet Study Bundle: HeJ_2020_Serum","Curated metadata, species, and metabolome tables for the HuMMANet study HeJ_2020_Serum .","HuMMANet/v1/studies/hej_2020_serum.rds","list"
"HuangW_2025","huangw_2025","study_bundle","HuMMANet Study Bundle: HuangW_2025","Curated metadata, species, and metabolome tables for the HuMMANet study HuangW_2025 .","HuMMANet/v1/studies/huangw_2025.rds","list"
"JiangC_2022","jiangc_2022","study_bundle","HuMMANet Study Bundle: JiangC_2022","Curated metadata, species, and metabolome tables for the HuMMANet study JiangC_2022 .","HuMMANet/v1/studies/jiangc_2022.rds","list"
"KangDW_2020_Fecal","kangdw_2020_fecal","study_bundle","HuMMANet Study Bundle: KangDW_2020_Fecal","Curated metadata, species, and metabolome tables for the HuMMANet study KangDW_2020_Fecal .","HuMMANet/v1/studies/kangdw_2020_fecal.rds","list"
"KangDW_2020_Serum","kangdw_2020_serum","study_bundle","HuMMANet Study Bundle: KangDW_2020_Serum","Curated metadata, species, and metabolome tables for the HuMMANet study KangDW_2020_Serum .","HuMMANet/v1/studies/kangdw_2020_serum.rds","list"
"KuiD_2023_Fecal","kuid_2023_fecal","study_bundle","HuMMANet Study Bundle: KuiD_2023_Fecal","Curated metadata, species, and metabolome tables for the HuMMANet study KuiD_2023_Fecal .","HuMMANet/v1/studies/kuid_2023_fecal.rds","list"
"KuiD_2023_Serum","kuid_2023_serum","study_bundle","HuMMANet Study Bundle: KuiD_2023_Serum","Curated metadata, species, and metabolome tables for the HuMMANet study KuiD_2023_Serum .","HuMMANet/v1/studies/kuid_2023_serum.rds","list"
"LloydPrice_2019","lloydprice_2019","study_bundle","HuMMANet Study Bundle: LloydPrice_2019","Curated metadata, species, and metabolome tables for the HuMMANet study LloydPrice_2019 .","HuMMANet/v1/studies/lloydprice_2019.rds","list"
"LouZ_2023","louz_2023","study_bundle","HuMMANet Study Bundle: LouZ_2023","Curated metadata, species, and metabolome tables for the HuMMANet study LouZ_2023 .","HuMMANet/v1/studies/louz_2023.rds","list"
"MetaCardis_2020","metacardis_2020","study_bundle","HuMMANet Study Bundle: MetaCardis_2020","Curated metadata, species, and metabolome tables for the HuMMANet study MetaCardis_2020 .","HuMMANet/v1/studies/metacardis_2020.rds","list"
"Metwaly_2020","metwaly_2020","study_bundle","HuMMANet Study Bundle: Metwaly_2020","Curated metadata, species, and metabolome tables for the HuMMANet study Metwaly_2020 .","HuMMANet/v1/studies/metwaly_2020.rds","list"
"NishimotoY_2021","nishimotoy_2021","study_bundle","HuMMANet Study Bundle: NishimotoY_2021","Curated metadata, species, and metabolome tables for the HuMMANet study NishimotoY_2021 .","HuMMANet/v1/studies/nishimotoy_2021.rds","list"
"OdenwaldA_2023","odenwalda_2023","study_bundle","HuMMANet Study Bundle: OdenwaldA_2023","Curated metadata, species, and metabolome tables for the HuMMANet study OdenwaldA_2023 .","HuMMANet/v1/studies/odenwalda_2023.rds","list"
"POYET_BIO_ML_2019","poyet_bio_ml_2019","study_bundle","HuMMANet Study Bundle: POYET_BIO_ML_2019","Curated metadata, species, and metabolome tables for the HuMMANet study POYET_BIO_ML_2019 .","HuMMANet/v1/studies/poyet_bio_ml_2019.rds","list"
"QuinnR_2016","quinnr_2016","study_bundle","HuMMANet Study Bundle: QuinnR_2016","Curated metadata, species, and metabolome tables for the HuMMANet study QuinnR_2016 .","HuMMANet/v1/studies/quinnr_2016.rds","list"
"RashidiA_2022","rashidia_2022","study_bundle","HuMMANet Study Bundle: RashidiA_2022","Curated metadata, species, and metabolome tables for the HuMMANet study RashidiA_2022 .","HuMMANet/v1/studies/rashidia_2022.rds","list"
"SatoY_2021","satoy_2021","study_bundle","HuMMANet Study Bundle: SatoY_2021","Curated metadata, species, and metabolome tables for the HuMMANet study SatoY_2021 .","HuMMANet/v1/studies/satoy_2021.rds","list"
"SchirmerM_2024_Fecal","schirmerm_2024_fecal","study_bundle","HuMMANet Study Bundle: SchirmerM_2024_Fecal","Curated metadata, species, and metabolome tables for the HuMMANet study SchirmerM_2024_Fecal .","HuMMANet/v1/studies/schirmerm_2024_fecal.rds","list"
"SchirmerM_2024_Serum","schirmerm_2024_serum","study_bundle","HuMMANet Study Bundle: SchirmerM_2024_Serum","Curated metadata, species, and metabolome tables for the HuMMANet study SchirmerM_2024_Serum .","HuMMANet/v1/studies/schirmerm_2024_serum.rds","list"
"ShalonD_2023","shalond_2023","study_bundle","HuMMANet Study Bundle: ShalonD_2023","Curated metadata, species, and metabolome tables for the HuMMANet study ShalonD_2023 .","HuMMANet/v1/studies/shalond_2023.rds","list"
"ShalonD_2023_UT","shalond_2023_ut","study_bundle","HuMMANet Study Bundle: ShalonD_2023_UT","Curated metadata, species, and metabolome tables for the HuMMANet study ShalonD_2023_UT .","HuMMANet/v1/studies/shalond_2023_ut.rds","list"
"ShoerS_2023","shoers_2023","study_bundle","HuMMANet Study Bundle: ShoerS_2023","Curated metadata, species, and metabolome tables for the HuMMANet study ShoerS_2023 .","HuMMANet/v1/studies/shoers_2023.rds","list"
"TanesC_2021_Fecal","tanesc_2021_fecal","study_bundle","HuMMANet Study Bundle: TanesC_2021_Fecal","Curated metadata, species, and metabolome tables for the HuMMANet study TanesC_2021_Fecal .","HuMMANet/v1/studies/tanesc_2021_fecal.rds","list"
"TanesC_2021_Serum","tanesc_2021_serum","study_bundle","HuMMANet Study Bundle: TanesC_2021_Serum","Curated metadata, species, and metabolome tables for the HuMMANet study TanesC_2021_Serum .","HuMMANet/v1/studies/tanesc_2021_serum.rds","list"
"TherdtathaM_2025","therdtatham_2025","study_bundle","HuMMANet Study Bundle: TherdtathaM_2025","Curated metadata, species, and metabolome tables for the HuMMANet study TherdtathaM_2025 .","HuMMANet/v1/studies/therdtatham_2025.rds","list"
"WANDRO_PRETERMS_2018","wandro_preterms_2018","study_bundle","HuMMANet Study Bundle: WANDRO_PRETERMS_2018","Curated metadata, species, and metabolome tables for the HuMMANet study WANDRO_PRETERMS_2018 .","HuMMANet/v1/studies/wandro_preterms_2018.rds","list"
"WANG_ESRD_2020_Fecal","wang_esrd_2020_fecal","study_bundle","HuMMANet Study Bundle: WANG_ESRD_2020_Fecal","Curated metadata, species, and metabolome tables for the HuMMANet study WANG_ESRD_2020_Fecal .","HuMMANet/v1/studies/wang_esrd_2020_fecal.rds","list"
"WANG_ESRD_2020_Serum","wang_esrd_2020_serum","study_bundle","HuMMANet Study Bundle: WANG_ESRD_2020_Serum","Curated metadata, species, and metabolome tables for the HuMMANet study WANG_ESRD_2020_Serum .","HuMMANet/v1/studies/wang_esrd_2020_serum.rds","list"
"WangC_2023","wangc_2023","study_bundle","HuMMANet Study Bundle: WangC_2023","Curated metadata, species, and metabolome tables for the HuMMANet study WangC_2023 .","HuMMANet/v1/studies/wangc_2023.rds","list"
"WuL_2025","wul_2025","study_bundle","HuMMANet Study Bundle: WuL_2025","Curated metadata, species, and metabolome tables for the HuMMANet study WuL_2025 .","HuMMANet/v1/studies/wul_2025.rds","list"
"WuY_2025","wuy_2025","study_bundle","HuMMANet Study Bundle: WuY_2025","Curated metadata, species, and metabolome tables for the HuMMANet study WuY_2025 .","HuMMANet/v1/studies/wuy_2025.rds","list"
"XiongR_2023","xiongr_2023","study_bundle","HuMMANet Study Bundle: XiongR_2023","Curated metadata, species, and metabolome tables for the HuMMANet study XiongR_2023 .","HuMMANet/v1/studies/xiongr_2023.rds","list"
"XuQ_Fecal_2022","xuq_fecal_2022","study_bundle","HuMMANet Study Bundle: XuQ_Fecal_2022","Curated metadata, species, and metabolome tables for the HuMMANet study XuQ_Fecal_2022 .","HuMMANet/v1/studies/xuq_fecal_2022.rds","list"
"XuQ_Serum_2022","xuq_serum_2022","study_bundle","HuMMANet Study Bundle: XuQ_Serum_2022","Curated metadata, species, and metabolome tables for the HuMMANet study XuQ_Serum_2022 .","HuMMANet/v1/studies/xuq_serum_2022.rds","list"
"XueH_2024","xueh_2024","study_bundle","HuMMANet Study Bundle: XueH_2024","Curated metadata, species, and metabolome tables for the HuMMANet study XueH_2024 .","HuMMANet/v1/studies/xueh_2024.rds","list"
"YACHIDA_CRC_2019","yachida_crc_2019","study_bundle","HuMMANet Study Bundle: YACHIDA_CRC_2019","Curated metadata, species, and metabolome tables for the HuMMANet study YACHIDA_CRC_2019 .","HuMMANet/v1/studies/yachida_crc_2019.rds","list"
