"sample_id","Putrescine","5-Aminovaleric Acid","Pyroglutamic Acid","Alanine","Aspartic Acid","Cysteine","Glutamic Acid","Proline","Tyrosine","2-Aminobutyric Acid","N-Acetyl-L-Aspartic Acid","beta-Alanine","Sarcosine","Anthranilic Acid","Cinnamic Acid","p-Cresol","Succinic Acid","Glutaric Acid","Malonic Acid","Acetic Acid","Propionic Acid","Valeric Acid","Isovaleric Acid","Caproic Acid","2-Methylbutanoic Acid","Glutarate semialdehyde","Enanthic Acid","Caprylic Acid","Pelargonic Acid","Capric Acid","Undecylic Acid","Lauric Acid","Tridecylic Acid","Sebacic Acid","Myristic Acid","Pentadecylic Acid","Palmitic Acid","Margaric Acid","Stearic Acid","Arachidonic Acid","Eicosatrienoic Acid","Eicosenoic Acid","Docosahexaenoic Acid","Clupanodonic Acid","Behenic Acid","Isotridecanoic Acid","Isomyristic Acid","Isopentadecanoic Acid","Anteisopentadecanoic Acid","Isopalmitic Acid/Anteisopalmitic Acid","Isomargaric Acid","Anteisomargaric Acid","Pimelic Acid","Methylsuccinic Acid","Suberic Acid","3-Methyladipic Acid","Undecanedioic Acid","Ethylmalonic Acid","Azelaic Acid","Dodecanedioic Acid","Indole","3-methylindole","Indoleacetic Acid","Linoleic Acid/Oleic Acid","Stearidonic Acid","Phenylacetic Acid","Hydrocinnamic Acid","Nicotinic Acid","Acetoacetate","2-Oxobutanoic Acid","Citric Acid","Tryptophan"
"Moth_50_UT",99298.409,143425.046,48545.439,21772.384,368764.926,3602.995,501891.381,197040.525,166035.757,85399.68,70216.896,590345.196,12095.633,13520.751,6303.951,170272.339,411136.946,194903.571,152971.67,1540016.568,23171.932,938449.666,986500.574,1467303.288,457072.231,2647.218,1691.248,258210.091,0,13227.545,1936.319,6511.862,7051.569,2726.71,58361.266,30315.351,2076448.287,8311.191,683638.78,4560.195,2558.753,7844.319,767.377,0,10271.588,3877.31,10007.508,30458.526,103387.249,9534.972,5423.108,4151.294,10360.11,117547.661,12417.479,8534.815,3129.164,4142.576,62029.353,6729.389,490159.277,4631.073,48263.048,229594.652,1798.201,220803.616,1213269.105,243884.374,4115.601,25807.241,210575.183,36748.262
"Moth_66_UT",42194.394,126144.006,47858.253,29035.572,346666.466,17089.12,362482.627,299889.756,197018.728,281266.237,27125.072,161424.626,18589.74,14543.975,8484.371,795588.417,453734.149,175095.094,53430.482,610793.012,14478.748,540135.683,1563512.672,225159.251,846482.934,5008.038,1114.779,25734.623,7582.262,7062.534,1721.729,6838.335,14712.452,5053.035,78894.639,118705.813,2249388.341,17471.447,1000873.943,6046.342,1403.875,12956.924,1300.146,0,6514.925,10318.631,33164.778,87521.447,256482.348,49027.501,25712.092,12153.126,33203.477,86984.566,25665.111,34167.079,2562.507,1146.402,143593.111,10478.718,362516.327,204790.577,9865.625,171109.017,2208.921,331498.118,535263.309,96014.19,2053.54,11208.581,6032.164,55132.55
"Gran_22_UT",15295.498,183525.389,37154.206,43715.784,605477.818,7270.201,627680.107,598747.299,91224.712,406137.481,52263.061,229210.968,8379.007,14179.456,49618.549,774416.444,492325.216,14301.409,71276.421,1151431.493,27916.871,799442.138,1721648.04,890689.595,919389.06,3777.425,1075.316,361027.765,28810.242,135214.93,14114.685,33643.318,37634.027,5595.978,217536.083,131517.307,2257861.134,9454.234,332691.522,3492.839,29026.669,50942.553,1441.586,3228.208,13250.848,15044.88,58474.712,84245.205,365911.771,67837.639,14932.82,24443.775,18929.813,104038.757,35381.896,95780.01,5551.704,5859.185,149968.484,8170.727,178652.622,177262.485,32490.51,159501.442,9989.186,350531.007,675264.462,118940.015,1672.725,27140.676,43602.425,65336.77
"Gran_49_UT",16013.325,303254.778,22022.209,86324.902,345341.855,4814.586,723592.436,1047127.786,180170.447,2611737.823,134160.219,402118.64,7176.288,11263.213,150928.306,375424.778,851838.595,60105.342,55001.905,659836.358,16130.62,487055.277,1103156.857,114850.693,608907.75,4209.491,5064.881,12106.436,7617.546,10811.835,5204.504,6627.325,27201.852,6842.137,100708.624,188531.391,1945462.981,12691.319,613112.85,2319.007,3016.363,142010.182,1098.152,1157.542,8627.187,14099.037,59548.48,107352.845,412599.261,102226.477,24943.223,40378.336,30973.224,11111.473,26574.971,38326.552,4700.119,1529.947,188854.24,10596.104,19527.415,68918.521,5940.778,222312.613,3164.25,263469.262,246090.474,83073.482,1340.987,17115.658,8567.465,128458.429
"Gran_32_UT",31000.442,122731.991,15537.469,29021.168,598527.213,2627.082,568215.074,309136.434,135347.839,66007.553,89008.9,151033.513,32112.171,5474.701,20081.703,269866.62,270045.08,87241.238,58994.463,800945.191,19533.054,604210.252,561158.855,53158.486,363011.523,2023.995,854.964,9907.532,2782.787,4949.841,1303.991,10697,6483.588,1413.422,156872.088,53523.546,2151144.006,8648.436,395540.528,4269.732,8367.111,18907.902,925.914,1305.673,1868.388,2723.033,10321.722,26731.769,150518.501,4150.626,7997.149,3655.416,5038.365,27993.643,8241.542,2954.239,1115.2,1638.09,19434.559,3626.722,244359.951,8797.506,50927.714,149470.466,5769.479,187082.745,1714917.741,153908.957,1447.223,22465.134,51897.227,51626.654
"Gran_28_UT",116283.62,122952.017,13168.46,16659.278,421525.937,11538.171,384905.135,168607.905,16533.32,138790.384,58287.524,67601.155,13410.515,32110.65,3101.098,2601901.925,377405.107,135478.945,52410.743,754048.843,25976.648,1981701.674,2002648.498,335934.657,739092.051,3543.565,1336.532,23237.507,12999.497,26533.808,218692.295,25748.753,507216.148,2337.771,492225.684,252634.921,3739346.719,42818.441,631826.989,25985.615,149623.691,485975.866,10012.812,27452.992,405545.023,29591.947,136307.355,263971.636,1347864.912,94853.899,104981.754,46644.477,8600.713,22809.102,17600.012,3304.364,1785.778,2140.685,42411.928,6699.129,1372150.238,1882.617,17612.452,172721.295,30321.853,538656.613,157843.609,83565.041,2437.429,30822.729,16842.205,19994.917
"Moth_54_UT",159879.938,85999.156,30779.55,29077.007,268599.972,5139.074,445257.65,350481.151,172471.563,70130.137,26844.539,207782.253,13681.096,6530.493,12087.81,701578.545,343359.928,211223.227,104177.901,653033.44,9883.159,316811.812,676354.531,282706.058,351927.769,2687.431,827.226,189190.372,2675.766,13591.189,47585.382,5074.739,29650.663,2563.049,47997.667,53827.972,1856101.647,12861.411,848917.616,2492.677,746.99,28138.652,713.627,0,43031.683,6286.518,13060.71,39322.895,174973.431,13717.258,18062.983,5808.988,18192.547,4967.044,18067.524,53134.88,1394.205,2921.269,72487.685,8067.016,123126.211,54889.79,6183.957,363604.359,1207.004,164574.045,101891.156,97440.959,1300.048,10392.673,10767.052,40866.485
"Moth_55_UT",25151.154,365662.891,36710.5,33868.266,787598.831,25429.475,659112.88,415239.726,291668.777,154529.221,240964.975,471062.813,184192.782,6865.214,16361.829,101901.07,1551302.976,227941.847,188896.23,4444496.329,73745.128,1421923.084,540727.768,1497416.544,425622.087,5000.192,3051.332,87121.262,2060.966,15256.999,5447.015,5573.251,16881.593,4319.483,43132.547,55082.275,1808091.328,7168.86,388517.937,5364.654,2573.637,4111.87,1193.321,317.727,8588.725,11832,22053.664,61274.31,277152.837,16994.501,5158.53,6771.975,19795.765,255187.96,23370.494,29278.384,2764.07,4200.124,85541.085,11253.335,142548.579,34571.131,102156.081,113468.525,1676.242,81682.572,700147.693,430390.932,3022.49,124067.841,23913.592,66865.888
"Moth_31_UT",20437.668,136233.275,90609.626,25928.985,790146.423,2989.903,511061.832,320067.373,294934.709,118045.533,117456.669,561190.141,60330.321,8442.749,11832.311,714258.824,703118.12,29191.44,283313.478,1094414.684,17809.084,668052.858,1243772.5,503551.04,772200.17,3984.068,2844.185,214421.765,6506.561,67812.449,3251.757,10219.094,10705.128,6223.991,100796.326,92234.944,2090520.524,14118.391,937835.271,4315.131,812.156,19828.196,1159.516,160.86,10130.782,6365.875,22070.203,68307.9,254124.666,24752.017,19023.002,8253.168,41042.119,18927.953,35344.064,100925.764,3722.443,3646.563,197150.891,8050.974,329391.631,168518.688,3363.444,294844.786,728.468,299235.625,783080.237,197431.474,3453.405,36213.758,51543.519,78088.786
"Inf_26_UT",902717.094,578269,25706.521,42624.448,1192359.1,12012.679,507052.666,406565.421,303918,730637.669,310148.288,2210750.631,17500.266,5492.376,23813.049,1004973.925,515118.642,214206.962,262510.985,1537709.366,26722.036,310759.724,643343.986,24293.833,1082741.772,2544.433,626,7771.96,7389.813,24703.824,1374.032,62764.592,15573.015,1361.58,133143.987,10351.944,1896032.692,3474.373,296687.794,1087.323,14686.648,2796.178,399.861,1093.882,6654.121,7510.422,23634.006,19596.935,199461.945,3114.651,1374.93,2150.379,8001.421,80160.913,5753.432,5151.123,1697.908,2917.448,15399.046,6134.764,332489.403,433.695,185201.184,90481.906,2531.811,440163.396,129869.264,172265.682,1401.993,28236.089,616324.109,99967.763
"Gran_54_UT",83945.135,118625.726,55159.236,26452.945,475265.303,4550.631,604360.738,264491.492,71728.315,112727.919,302499.11,144515.205,79648.282,5297.808,21993.636,210892.295,584975.125,186635.986,229450.988,753282.043,17098.719,325262.548,447907.517,199935.87,207727.178,2275.684,964.739,32082.976,9740.212,31278.192,11748.654,9157.776,22053.436,3939.976,107057.048,153699.905,2262298.845,14037.954,628770.225,15507.1,29352.789,80962.076,272.45,2844.124,12150.79,13313.489,22461.005,98791.63,362481.363,27071.009,22041.171,13692.492,8747.51,220559.638,13742.164,168740.801,2840.237,3835.506,33398.317,9036.722,155262.367,5160.675,32287.524,215338.555,7526.099,116147.087,299242.754,284338.841,2347.228,30450.939,24630.892,37410.199
"Inf_66a_UT",178923.095,1627916,28124.135,21043.075,519413.088,6190.939,322397.694,186185.706,36751,68492.247,117249.839,41208.42,267547.204,1672.055,102421.882,0,280870.331,8857.057,440769.918,5115814.184,20386.437,1727.383,155116.439,749.283,51711.898,4636.37,2102,11263.543,299.524,17149.329,11597.982,182457.487,179486.271,1028.655,277314.128,31280.756,3189696.071,12190.93,510284.163,12378.334,4730.416,14947.572,2444.547,568.265,7854.376,1290.303,4314.455,6845.484,82840.67,2627.257,2838.116,1389.685,5338.584,15519.803,2720.208,734.71,786.46,331.27,7332.927,2342.72,10861.821,342.086,8779.564,85099.316,1446.893,36918.816,1351.936,84939.167,1958.038,55609.333,96350.568,26906.073
"Inf_49_UT",329835.481,3822313,22555.048,27760.527,570347.882,9431.341,265735.154,263550.119,72635,590166.673,141047.823,172025.012,2169159.614,1485.352,85138.525,0,719529.617,25758.927,154222.367,4660792.762,25347.173,953.188,341747.907,455.882,140167.127,6600.148,5367,2109.368,2052.206,7124.247,2044.577,4970.586,81750.417,460.974,59343.682,74347.351,2206182.991,12668.26,748494.688,4807.187,17168.352,0,1923.256,3189.433,4568.479,2394.388,16233.489,34685.771,554469.913,5278.995,6326.536,5131.843,5299.852,13112.458,4999.165,10127.994,1968.074,2039.221,6005.959,4706.634,5292.11,1951.628,11968.436,68626.899,2375.39,90367.138,0,133255.953,1720.412,44124.002,30057.309,88965.43
"Moth_26_UT",976263.765,3033501.27,26850.702,39837.885,808916.416,42799.795,454670.05,264336.086,290477.362,2171756.262,93375.134,1083895.471,181177.424,6498.469,4948.734,7724.123,3510909.695,19842.074,160261.055,2395966.741,39895.997,54702.668,238587.036,9959.916,129630.84,5885.867,1634.01,36659.395,0,14875.529,0,6893.547,1103.655,1862.619,40384.388,10935.01,1385008.258,3425.334,275269.499,36420.888,7989.618,1295.571,3118.186,1363.317,2315.425,5581.248,7904.614,16935.201,108112.166,3223.679,2592.568,2533.137,4664.469,27479.201,7199.374,1571.764,671.622,1144.575,38662.32,7936.385,249300.397,2335.776,3332.92,89228.793,1122.235,30663.898,29939.496,176023.797,1356.043,69665.982,34832.05,77506.394
"Gran_08_UT",9962.33,215217.943,22392.953,21906.885,365295.222,4816.664,419777.238,290353.286,59720.568,77416.661,102653.632,224301.12,14873.891,16837.854,14405.067,440928.184,487723.474,13972.013,99203.267,572966.312,8156.384,167754.812,593093.937,11058.853,243850.306,8802.806,928.682,4603.718,11496.554,30172.493,55454.004,10247.724,47215.472,8121.553,178050.507,131056.237,2495612.474,10682.778,708869.011,2668.185,453,149566.164,1017.774,1486.605,2141.977,12990.907,57658.905,84818.669,316712.662,64690.063,14340.626,13094.808,39950.985,290340.974,53610.55,130407.459,5684.119,1516.651,184284.8,3371.263,32073.889,34217.56,6432.477,321606.373,1599.628,152518.359,92437.893,55824.35,2649.902,5880.019,15056.67,14315.326
"Moth_32_UT",9311.34,93012.27,57688.324,36972.831,484086.452,8791.805,547939.358,363090.465,448737.165,491916.307,38808.037,346076.785,18684.625,10477,50703.645,505435.692,806618.849,213885.776,56447.861,1190360.972,17452.237,345910.091,901294.25,210148.76,530900.242,2546.194,2139.612,18523.813,0,6612.436,1628.74,8454.698,19546.471,6152.876,72043.696,92238.859,1865586.947,16802.664,777291.218,8768.797,1753.034,7542.485,807.605,319.438,12936.688,11667.698,54083.669,69983.955,437799.341,29029.117,21680.605,12725.694,37666.924,28398.69,25553.046,5890.172,4082.213,760.919,106445.374,7921.871,169958.079,32138.584,7895.877,251262.135,1251.303,212089.701,58810.225,155337.693,1767.481,33191.023,29839.083,52312.012
"Gran_67_UT",106310.06,584673.982,41861.25,67501.696,192528.373,5487.984,631488.961,833829.445,5655.752,1053234.131,38541.332,119106.027,65215.661,7803.298,713998.907,351425.662,1984966.322,25771.379,53201.464,638825.375,7683.404,250600.129,596206.204,79698.229,265400.438,3728.136,3007.198,14127.607,23856.129,18056.449,7112.1,12828.542,61788.506,5693.793,106304.357,80112.91,2129533.729,16776.874,592118.895,2089.76,2341.324,61501.784,1800.678,711.031,4133.48,4999.03,35238.745,44079.306,246283.713,28733.119,40641.932,11938.615,4797.054,196898.449,17157.195,75146.889,4010.104,3051.031,98859.057,14566.067,91745.216,79678.897,56058.521,163600.152,978.022,226160.824,182740.433,82035.938,1085.417,7559.732,12926.431,50738.812
"Inf_13_UT",187746.207,1922956,263808.472,38109.616,1071373.883,92775.595,456115.434,538926.018,62288,362605.619,156677.088,41643.894,15817.077,3273.211,5187.429,31374.905,3666200.116,23552.861,18974.061,1204131.291,7398.699,22583.22,159862.035,4323.865,147580.061,2919.05,1064,29275.183,14913.007,148165.439,1454.795,194945.272,12994.356,5141.14,280704.695,7286.263,2038044.09,1456.28,50234.415,11477.764,57010.93,22768.283,1807.959,7377.077,2232.965,4963.975,9942.748,19400.499,107629.1,2156.554,498.18,643.751,4120.942,6501.47,3544.147,1630.425,2126.712,502.581,9058.085,16620.759,112077.714,678.373,5459.517,118583.749,5185.952,62845.052,39872.71,45308.312,1242.784,5938.469,65142.468,42034.804
"Moth_15_UT",23005.546,899195.485,17822.578,38460.436,179465.251,6040.062,345780.289,126263.759,271008.815,660947.504,14434.157,484553.434,12802.857,9397.352,43142.046,894399.838,644769.307,28663.34,162847.244,884278.406,14944.894,244967.335,793458.686,111134.317,377094.324,7491.46,2090.551,28477.086,3830.002,5305.813,659.507,3404.764,7381.129,2762.754,39345.362,63307.678,1838490.642,9355.491,904782.921,1575.479,697.11,12186.824,298.161,434.664,16158.204,4421.073,24076.411,66922.033,134482.719,15192.418,17613.644,5208.18,38732.84,89341.883,30956.112,52789.926,1299.889,2280.015,166444.176,4899.796,415089.551,99882.416,2732.189,288369.812,5918.53,169733.265,32469.312,11710.97,2152.139,15057.377,17434.09,15857.486
"Moth_58_UT",203610.947,95314.243,27105.804,25432.78,455949.959,14860.562,530784.596,234389.571,156447.117,109268.446,75497.805,170326.348,10992.319,11683.215,14456.753,652417.213,289448.018,222635.648,108934.285,1834183.647,57845.504,1813234.196,1547243.563,129391.338,888329.932,2486.365,2307.238,24700.565,0,49102.616,2926.295,19036.273,17424.344,3293.679,136410.706,101544.321,2311339.477,15568.945,820707.312,14661.317,28906.151,22278.766,1781.193,6388.197,29166.358,10015.733,34761.348,102618.565,416313.387,11961.966,14396.584,7820.389,9122.953,82946.026,13521.811,1754.44,1966.947,3376.176,69692.704,5801.224,855538.531,604.658,6008.608,235883.862,4140.018,281228.336,1143761.2,214398.154,2346.903,92778.142,19844.547,39730.481
"Moth_08_UT",8060.806,299726.414,17617.943,20391.903,485699.194,2614.013,419009.153,219845.285,255635.076,52127.979,30169.592,169836.835,10180.28,6312.428,15312.549,258963.227,323945.674,191809.513,188032.901,481504.217,6741.018,182127.946,471465.987,81429.702,199875.479,5864.289,992.126,26018.897,1290.682,12879.944,2236.745,9529.339,4954.578,8941.934,52387.227,50954.563,1637707.981,8960.036,866734.75,2869.588,765.896,21076.605,728.501,0,11899.149,7556.229,14498.26,38409.83,212413.145,9453.703,8852.273,7213.227,43161.542,16522.858,33935.089,67957.676,2434.724,399.185,149858.019,4413.941,73515.705,20271.855,7254.232,240074.437,406.892,109742.292,278534.983,37046.868,3279.335,10789.551,31616.387,22140.21
"Moth_67_UT",56378.535,113951.995,10979.067,22935.586,492463.11,8633.989,641594.211,277306.026,214282.617,155140.801,19140.219,472010.52,17049.514,11372.131,5331.568,1421067.829,393058.246,303592.443,152097.893,1042955.807,22285.242,680920.313,1646006.83,345364.642,860644.672,3495.623,1892.944,1050975.027,19092.101,31885.684,6396.935,19816.448,18071.362,4672.133,92880.418,90381.552,2401489.249,15966.061,980010.715,2488.855,633.152,24498.092,1155.122,0,5727.944,7336.6,29977.998,71096.899,237276.282,24372.76,19441.301,9576.217,41939.275,99895.274,47103.296,6091.395,2300.096,1579.385,247461.504,6420.764,479767.482,38554.537,12821.871,303677.795,911.679,305741.833,65116.753,60497.465,3027.359,25250.688,17824.65,47319.355
"Inf_67b_UT",37928.208,45023,17442.768,27500.511,124383.168,10134.14,262482.137,261634.822,38133,28480.037,45952.557,30025.586,4100.959,960.693,112362.58,2245.581,1079072.24,5737.081,39005.206,1403453.041,2325.681,2304.256,42012.685,358.861,13206.501,1195.815,8422,78937.787,5772.853,145364.208,1436.73,258093.247,17193.099,745.881,417654.798,11603.088,2576549.483,6014.15,192495.155,9643.425,10018.598,13166.549,6725.263,3373.86,7135.089,2220.291,5044.253,14473.735,70818.029,3944.78,3165.59,1571.343,2000.355,3979.489,8524.127,0,914.332,980.395,4737.165,5256.04,3369.918,264.392,5298.171,173341.673,1583.259,14389.04,636.328,42045.493,2608.341,13894.97,1111054.403,17679.977
"Moth_22_UT",22377.709,55006.977,82353.03,18998.285,769318.759,3744.552,509849.137,213279.367,102945.02,41724.449,140339.296,252279.265,15380.199,4503.105,7052.256,98467.295,686439.641,450349.666,93566.266,1737477.754,11963.443,317989.168,285990.177,736601.579,180956.404,2340.223,787.704,198091.186,3253.281,65822.211,2082.24,20571.018,6570.727,5080.312,157615.626,51810.125,1944878.285,13172.125,954607.298,1515.766,1989.963,11229.294,361.715,94.691,7987.642,7661.852,14729.795,58175.2,203982.13,12537.623,12144.716,9118.021,19363.938,68890.464,15425.832,70944.49,2670.514,4926.331,169968.366,2760.05,35565.208,3793.66,8216.051,398767.368,1995.631,66954.65,268214.573,274358.278,2198.396,12561.659,27249.692,20383.722
"Moth_07_UT",80052.174,176806.903,23486.673,53538.6,551632.631,11833.357,581632.209,635183.892,353289.225,1281040.848,37225.241,268311.413,21018.135,6891.138,23872.991,251370.021,792322.639,123654.158,65270.154,1784202.269,29935.389,585322.72,1210056.516,19393.494,461514.363,3711.402,2583.888,33767.895,0,4664.089,0,3424.769,6823.018,2238.649,49908.553,33842.669,1873331.934,6274.933,652176.398,8288.701,2930.036,17338.984,2929.215,1625.143,38509.309,4570.286,15408.496,52607.827,207929.797,6207.86,7367.533,3642.267,2120.665,20818.314,30026.95,2407.256,2265.868,1849.772,33190.402,6707.235,565017.797,21328.741,63081.943,229305.127,1123.875,230475.671,586213.891,155168.814,1365.781,91894.857,44661.415,109445.689
"Inf_21_UT",846569.354,3015016,59775.742,55689.743,1117102.008,41555.671,467220.732,445905.231,112781,422477.6,111736.206,43204.173,1509581.791,3223.581,146602.378,21412.562,1605940.495,58817.109,65253.782,356659.334,19279.141,14869.299,118464.605,3205.201,98941.999,11808.3,5730,8905.523,5930.805,20501.976,4412.206,95147.086,85875.658,2518.284,265757.589,22089.121,2081995.467,6380.596,172538.004,69584.551,82301.007,29123.736,56812.097,23962.822,5696.517,2878.114,7602.569,8266.17,63732.815,6371.738,6694.655,7445.714,4544.575,26202.398,5364.687,1637.558,572.059,2880.296,7529.515,3568.695,43713.825,346.724,32467.203,168245.382,9521.616,62075.624,10869.729,87924.717,480.797,13725.892,21293.002,59121.306
"Gran_15_UT",301406.051,1049709.59,25020.075,77062.337,349530.274,5135.697,819531.38,927675.488,84772.33,2755336.56,36870.22,480499.174,29486.099,14781.093,364687.119,245865.748,2197873.374,26234.752,110653.443,1067024.956,18410.986,205340.331,1597486.472,48750.556,1144909.926,5652.505,1477.557,12395.794,16671.013,83036.637,22788.008,38690.118,43403.303,7948.421,264564.187,115474.43,2235983.808,7647.142,330144.058,5049.81,3110.531,98174.918,340.302,452.859,2163.636,14553.041,53094.045,74387.33,360585.56,52078.068,24647.634,15285.647,4929.775,39693.488,31127.686,56232.385,5507.97,863.365,198588.158,10406.729,385654.431,13981.785,11956.445,177500.644,2853.447,170852.975,244879.379,66134.996,1644.663,23440.187,59967.697,52066.081
"Moth_19_UT",5496.355,92551.009,33857.367,46695.822,619073.828,4133.832,477260.793,611079.133,272790.514,41789.127,37487.072,129064.534,13214.394,11137.292,11848.022,1234905.865,597198.909,204831.432,107019.574,1020760.401,23520.818,866873.336,1605852.975,292611.362,935684.706,4287.14,1251.06,84317.16,18520.932,18086.825,3236.736,4963.514,13302.045,6755.889,67548.216,91490.324,1803349.077,11233.9,626337.283,1619.906,3265.92,16284.089,833.297,0,4980.099,9940.847,31056.796,69270.768,310423.788,21930.374,50620.105,14252.071,17168.821,9692.496,27377.641,46167.192,2696.375,5439.699,137133.049,11440.496,224455.422,45792.09,5224.086,271095.404,1853.437,374597.516,726951.938,56796.463,1712.704,19619.631,12546.076,121903.631
"Moth_09_UT",6006.847,397233.27,22312.789,32681.82,530809.967,8551.733,442608.999,302613.841,383737.686,303797.706,38650.545,168849.688,10282.888,9112.954,31093.098,973531.265,258099.994,352486.32,90017.024,1123245.662,9891.845,369274.307,1438995.004,197086.374,812545.313,10495.695,1246.971,51338.609,2670.213,60011.931,16772.372,26631.578,12436.717,8670.139,73224.67,82967.986,1609766.609,10747.889,600238.076,2128.186,1292.852,10085.857,598.013,157.437,3937.031,6263.047,24209.353,54639.812,240207.178,17763.48,28315.007,11185.197,36509.183,19409.332,37365.59,115730.941,2433.203,707.937,190088.232,7783.601,67830.542,190743.031,16760.068,229894.218,1618.271,292683.669,138885.717,57285.7,3240.382,9538,15668.831,21987.84
"Gran_13_UT",10007.248,109598.482,26520.885,29091.981,529664.4,9176.083,474586.677,330675.346,84842.763,221961.598,33742.069,150668.689,12240.636,12138.685,16224.312,150544.859,588213.627,258672.111,56033.737,953604.118,20716.51,424055.964,737406.668,231426.188,304126.422,2915.392,964.739,51842.769,6528.669,12345.323,30077.115,4874.544,22859.051,6253.293,61180.364,57763.815,1791628.556,9335.15,377835.362,1926.315,1319.349,10880.295,1613.825,480.369,7928.394,6701.548,39417.736,41502.284,273635.193,27740.398,13121.704,7079.795,6503.321,49822.125,10657.269,61572.517,1641.215,2804.608,33354.276,7135.085,115417.752,11868.797,24189.777,173574.573,1777.835,176993.371,491522.907,101786.418,1542.435,21327.231,18233.791,27302.385
"Gran_10_UT",11277.914,283440.084,62777.796,81846.362,1077762.182,12028.671,701044.892,892527.143,387908.031,1332928.046,107625.506,152395.762,16821.638,24775.071,72225.503,831815.603,1278150.764,33180.224,103200.037,2353830.523,50143.897,1209951.76,1743902.381,402805.031,649490.773,7540.169,2858.16,62013.649,35397.67,165016.21,26964.855,20027.032,39529.907,9989.814,144644.76,115327.636,2418927.456,19948.463,620986.306,4692.142,3848.019,51587.673,135.703,479.311,23630.147,14678.49,91126.308,92732.063,571306.922,81841.096,25685.75,40908.718,20936.713,26399.167,29641.085,73056.808,5435.081,2759.401,139921.39,10548.76,91529.001,52122.252,10531.604,100942.769,8876.448,324774.566,496487.274,134343.351,1947.337,85576.244,20937.626,129133.548
"Moth_18_UT",46548.993,116391.48,49034.903,48443.151,848115.137,4327.037,616379.405,603029.026,589957.728,1476419.473,67965.742,330655.949,18617.323,6658.586,63996.185,325667.482,1097071.335,313132.891,172001.002,1295471.921,17594.107,409966.791,898394.536,209838.042,512196.834,3615.282,3250.303,746076.83,3498.407,443259.576,4102.965,134521.398,22634.936,4253.239,97478.936,71568.976,1858196.394,10664.811,706127.098,7174.209,2700.75,14302.091,311.345,0,6903.736,6067.449,66183.256,36085,346667.261,53038.629,6418.6,10734.061,19213.792,77022.533,22691.575,79850.223,3040.933,3640.168,90158.135,7645.331,102506.354,1352.891,30574.931,177204.094,1228.333,192505.843,287733.587,216069.541,2490.541,53012.785,365145.523,77080.605
"Moth_49_UT",60074.463,347446.337,13440.906,12789.153,329477.22,3552.303,369096.879,121629.906,69382.458,25098.586,84631.366,132133.853,16502.27,4277.416,3086.654,39125.582,2471281.859,54119.233,98733.894,1828801.645,18920.162,450541.185,206016.75,11653.798,112212.644,1730.157,1000.303,8956.933,0,1851.197,21.459,2407.741,3362.168,2647.802,82062.875,45143.136,2082120.033,13359.052,678660.045,4780.418,6510.521,62851.611,1806.885,418.692,3692.429,3808.572,13255.988,41815.065,281995.127,15675.723,12215.664,8268.7,5091.332,77300.182,8052.375,3060.998,1394.965,1351.019,26359.072,5373.427,114124.703,13662.994,43891.675,369520.367,2298.612,73072.011,589109.97,141593.014,1765.046,30004.921,17969.174,23817.973
"Inf_19_UT",614925.006,209665,96721.033,39400.028,604521.595,16235.576,522001.528,334046.072,62198,235847.034,36588.937,273884.634,10064.671,4171.275,7052.066,3943.534,207027.074,80600.089,37242.053,1754492.884,19981.503,629052.22,1665352.389,109489.991,664731.805,2272.344,598,33543.022,20461.217,39056.029,7888.2,19066.107,53221.838,2799.99,90602.297,98787.368,2092967.359,9138.973,536248.761,1329.412,13040.416,12597.342,642.721,7802.412,9076.296,10169.261,29695.554,72485.742,551296.812,10263.105,4834.319,5211.319,8890.647,140214.556,21580.925,2014.593,1099.891,4401.456,9552.564,12791.219,225701.587,1568.956,68758.166,127024.648,3122.4,414876.767,7316.725,98680.338,1860.612,40444.639,979934.543,114772.526
"Inf_14_UT",326118.697,1205803,77599.458,38405.089,1327729.015,18001.22,646957.393,549760.889,198020,1357261.581,548760.988,412907.991,1693346.824,3008.518,26162.008,215662.446,1274549.054,12906.247,419372.028,2094056.496,8293.375,17316.965,426017.058,2314.478,241698.843,3683.07,355,4772.458,4520.937,9237.493,4912.724,18631.193,64321.503,3227.885,95481.833,9394.932,1328487.997,4047.803,82603.517,11354.645,49065.714,5212.884,2654.289,5236.572,1675.446,1650.618,2590.483,3702.514,3802.553,3609.835,4599.745,2674.917,9147.248,18013.125,6195.693,1368.538,817.227,1633.647,27984.679,2668.777,83145.3,649.383,51742.104,99930.647,5817.651,154447.074,2383.621,131676.395,557.629,12967.766,11518.502,89380.165
"Inf_16_UT",1837985.204,2605173,24733.539,50756.95,1011375.971,35262.008,469044.923,510989.293,141879,284193.555,86685.992,99992.304,83540.938,2349.149,124150.619,2066.098,5637647.139,1825793.332,70491.797,980585.405,21038.631,8965.788,447552.172,2703.731,175166.363,2009.126,14263,19080.428,2886.426,72683.131,3702.343,122290.008,31009.236,1069.203,233434.313,24790.38,2029197.025,6260.207,144558.959,25895.175,194689.579,60740.35,6108.3,35429.566,4421.155,11773.6,45348.02,58087.407,328685.701,11322.465,7473.859,8227.98,3660.997,139101.978,3795.569,1058.757,640.321,3364.301,3498.461,6579.832,64470.842,569.37,16475.62,191319.61,16509.415,99401.847,1187.116,112664.937,1141.397,21920.194,41336.023,105531.07
"Moth_36_UT",17566.579,69266,11894.393,16171.634,406124.941,6140.491,373470.645,168373.652,132727.281,14249.925,32893.222,234504.82,11013.282,7655.125,3120.555,1264343.564,236672.493,104098.707,75009.912,798812.917,9432.213,457660.372,1280535.905,266453.637,560875.855,2333.357,1463.658,129101.826,13593.81,267064.325,1265.367,15959.583,10766.571,2557.204,72432.791,64726.437,1997473.152,11788.034,778589.771,4794.271,2740.171,22181.096,892.118,0,33741.481,5000.043,21028.933,57196.395,216540.283,18007.288,35225.071,8185.392,11823.108,113816.518,16556.276,31033.752,1493.845,5626.047,75782.45,4257.337,473689.938,502978.677,11285.299,295338.484,2308.456,282293.219,131952.74,38920.909,4503.912,17014.079,44995.197,38126.364
"Moth_13_UT",35932.301,120103.222,23331.123,34527.177,634439.366,27379.702,605814.306,440247.019,275794.613,130485.445,32844.99,324543.99,17477.6,13093.771,6850.503,839350.966,500169.886,126480.49,87033.837,1638218.621,36569.28,824776.192,1543599.485,27313.03,820002.866,3299.46,2350.848,12405.941,0,18236.561,1303.278,10101.468,11557.889,3825.577,120806.582,60573.273,2149175.82,16275.945,749030.605,13296.507,17095.498,51545.337,10930.554,9854.674,7264.045,9024.89,25335.857,75300.983,355045.732,7557.421,11257.863,7947.469,9991.569,39995.971,8242.778,3221.42,1938.804,2973.337,40279.715,8865.315,824753.588,3879.678,40614.606,219242.057,6493.867,348537.1,1034780.954,329732.066,1993.894,43903.044,31812.527,58537.174
"Moth_14_UT",4898.497,302760.341,12701.179,25932.017,531587.842,4224.696,333089.778,239600.232,598486.643,91152.152,26909.504,137231.986,4289.685,6368.851,6355.216,383219.991,184025.436,116414.042,88453.724,529213.365,12685.824,27806.383,683211.228,7379.075,390678.351,2388.283,791.793,33546.18,0,15500.319,0,1838.813,1072.933,2009.719,20958.494,11972.648,1339431.986,5175.802,393312.521,2933.123,7407.151,6939.732,700.781,815.138,1337.867,2972.53,5896.498,24770.296,174175.026,3476.722,5009.243,3267.379,16106.627,100256.759,10457.97,1753.513,1751.693,3031.799,33499.792,3575.155,322787.037,1953.754,11656.778,232356.013,2536.513,147368.172,7050.062,29082.958,1544.72,17228.209,10785.978,63281.807
"Moth_53_UT",8310.913,125115.373,27810.964,16243.387,505533.016,2214.211,326878.775,160170.376,270726.842,44767.135,139890.443,172456.08,9102.342,18747.432,4131.8,1374210.642,258472.467,727793.282,159023.522,2385259.818,32839.39,1389624.812,2739350.807,1017328.459,1464897.679,3150.376,3176.711,501507.294,18520.139,277968.293,7521.387,75519.353,20996.909,5612.21,100437.494,81149.182,1843112.625,12606.359,903387.546,3564.652,1155.683,35130.718,428.649,0,16632.094,14610.05,28631.408,59128.108,240597.509,20394.263,16023.96,6053.265,39597.734,29111.745,41863.431,9455.618,3644.1,1020.343,231966.304,10023.42,154108.798,242040.292,22366.674,362091.468,964.728,539493.482,1058751.164,113335.003,3082.136,48612.051,21491.091,53288.873
"Inf_18_UT",528315.422,832220,33788.87,32718.033,1146465.5,17475.392,463617.391,248114.101,244242,595736.752,440084.539,477611.904,11048.647,3441.007,24281.803,2517.865,245836.436,100406.575,321289.116,1433224.814,8607.527,25695.098,513677.082,7222.807,200558.277,3286.765,299,61691.956,5634.791,50666.559,735.368,29327.794,7635.933,2264.321,56832.872,9118.102,1418938.84,3029.78,275510.31,5089.393,6507.264,120.489,1937.975,1810.842,6927.103,2049.499,5223.185,7926.872,38469.972,2944.397,1235.579,853.793,7800.498,52209.301,14731.937,3694.95,1634.453,1280.705,85050.317,7652.559,244304.156,587.923,11875.302,75394.602,1625.373,145762.777,82928.101,255842.521,1173.872,20517.388,739274.799,58723.328
"Moth_33_UT",7720.764,225292.344,44078.733,21621.805,516684.23,5222.287,420705.745,285652.777,194614.209,74054.525,20472.997,109784.429,31948.668,9114.479,4735.405,355323.376,321081.432,8914.707,107989.276,710341.937,4865.577,158659.846,552008.863,12114.225,259572.004,7149.156,496.063,7774.758,5211.119,9770.255,5942.719,2723.811,15179.33,7266.356,36406.979,67597.236,1723582.239,8788.063,1001155.865,2815.13,714.81,61403.907,595.309,0,7506.095,10354.397,25882.889,71416.306,335907.906,37896.081,18027.509,12305.622,40550.73,78244.912,25377.876,39009.409,1948.692,2709.345,275838.75,5802.751,27887.138,113405.63,8654.422,383387.422,538.148,129798.867,102370.5,85706.449,2848.42,5612.597,17146.763,34331.504
"Moth_16_UT",24304.903,79545.836,54010.43,45493.207,732604.641,8044.808,606359.183,520354.504,520105.83,75195.889,65832.708,498212.254,26880.043,11390.43,27010.91,1508782.447,807405.179,131654.401,258858.184,1614449.118,27944.859,792705.223,1621585.675,311051.989,945705.853,3839.888,2225.469,42140.641,2920.099,0,489.981,4020.102,8126.364,6633.144,70266.832,70564.62,1960992.701,10477.884,904010.244,5378.507,2669.776,13889.2,774.814,780.913,18103.11,5507.48,13739.412,39509.492,213378.737,4908.784,9640.095,5008.381,20235.036,181257.434,27763.886,1335.304,4327.892,2755.018,63339.262,8202.994,355631.738,7221.742,66348.621,256488.639,1468.968,386346.814,711211.637,186571.039,2546.536,47055.919,53632.238,96151.405
"Moth_34_UT",48103.596,444005.767,23009.653,28580.802,947975.139,6037.193,498153.96,393336.532,237588.789,119921.173,61378.633,680402.925,14517.408,9856.355,7083.677,384672.55,644470.122,22731.401,84622.404,1007914.068,23993.478,765023.146,1395635.331,468338.247,684915.97,6787.236,1771.653,142496.746,13988.869,255085.468,75668.804,14456.845,22430.59,6538.649,53541.541,35977.332,1430424.436,5155.032,573616.791,3327.232,905.479,16878.932,721.402,0,5145.578,3848.809,9591.509,31295.226,99856.527,7272.979,4600.551,3226.431,18053.569,91624.38,21606.827,24338.688,3171.759,2982.472,115298.686,6251.174,158099.457,64333.46,22762.182,240817.494,1950.785,257055.398,503084.205,164885.991,2628.093,28936.118,88023.833,35932.236
"Inf_20_UT",277460.399,1436278,86837.842,29540.888,786395.292,78463.308,335406.006,700086.749,145289,399335.388,130741.096,77966.785,10498.164,3062.874,11288.15,40513.257,4046056.764,24957.616,1265837.439,3804268.613,9885.636,14488.671,197240.567,1670.398,99972.601,2176.718,1133,30636.504,7496.284,138094.149,1182.752,191998.785,12517.621,4380.319,255070.101,8820.726,2279634.155,2994.931,122124.128,16944.815,34412.014,9004.828,2305.945,2950.831,4364.826,4917.696,9677.367,18847.9,153490.226,2613.904,861.654,1382.873,5871.152,15460.438,4183.305,1002.711,1126.811,497.421,6572.653,6509.729,93052.661,529.943,10427.126,107039.946,3580.633,78824.665,9908.978,61506.694,1573.876,17304.899,246951.055,97648.322
"Moth_44_UT",11471.51,145462.822,26368.151,33677.262,439310.625,10712.383,503548.632,392319.605,415589.817,128409.114,24241.981,233083.839,14817.509,4716.594,44428.634,1057784.678,747588.032,256383.657,110807.205,843688.912,13658.65,301737.924,788651.418,19946.195,387880.549,4791.278,1458.207,29084.273,17367.489,39213.82,2293.254,24165.425,7934.121,5232.283,83747.509,46212.752,1865039.764,7001.041,632688.612,2365.129,1627.932,2689.116,175.449,0,12273.071,5538.775,12095.135,44602.736,188491.034,8533.267,10350.316,5250.54,28542.731,68300.909,40622.009,77078.541,3377.885,607.456,74154.583,8833.994,651341.589,123925.793,3976.514,96284.489,2705.504,183769.902,125634.203,98671.215,2221.524,16380.92,41444.032,64284.063
"Inf_12_UT",1060081.624,2364117,56383.497,25552.535,840004.091,20002.824,539516.518,156315.667,88039,123421.101,140780.291,149626.23,499646.779,3713.971,93129.829,12730.057,487916.338,98796.301,219237.095,961702.834,6333.21,4981.593,238249.109,2002.374,125677.394,6865.336,391,12413.823,5198.375,24849.636,2897.901,12645.466,46786.421,2167.218,80929.838,9241.378,1415834.551,5644.536,208536.698,13187.601,10165.688,1182.732,4426.678,1149.21,3867.969,1811.493,1730.004,1393.899,3260.955,2377.996,2097.233,927.592,2895.23,26490.01,5701.936,2246.929,666.28,2333.339,7993.903,4165.379,118855.154,1168.889,43716.798,80424,2545.849,67114.374,40439.146,80755.031,586.936,7255.099,23456.874,36761.951
"Inf_06_UT",749922.023,198915,39804.869,38488.896,916607.952,34864.332,369955.542,554999.545,94469,327392.887,201495.444,190669.091,613633.845,3677.34,42812.288,61645.376,3879805.86,47545.187,81254.289,1371487.701,15631.155,45799.382,466300.062,5460.063,608505.343,3957.131,1700,68826.613,11273.092,885508.553,2268.801,10460.594,6778.421,2355.022,64898.606,18827.713,2443175.645,6919.177,238667.028,282343.039,72308.297,24977.25,73866.274,18982.142,14683.263,2470.418,25857.579,10100.562,160138.234,5639.533,1653.632,951.435,6535.247,10649.842,10328.512,1234.028,1699.831,1711.047,20986.754,28335.989,129608.589,1025.097,38919.717,152783.481,7228.447,302725.005,26056.054,55362.028,2453.885,31127.875,1774859.47,123710.962
"Gran_07_UT",3863.826,134447.261,29195.875,38027.652,665247.638,4769.9,408742.997,449982.451,125468.488,964220.63,71697.031,77118.028,49068.243,14066.524,10647.266,2352504.57,420475.996,24295.925,66397.33,2244471.129,30053.33,886089.037,2675837.108,45956.453,1284697.17,5344.186,767.625,15455.186,21509.444,20689.681,10233.274,9418.678,23304.825,7880.929,77746.858,85828.013,2092616.294,8974.923,533664.89,1008.264,2968.783,43928.991,1460.376,918.415,7233.02,17664.368,18659.283,74351.68,165831.974,16498.172,17157.354,6456.998,18539.694,48749.538,24567.466,23422.482,6261.156,4068.632,166474.843,2823.852,250255.813,194893.375,14983.492,226304.168,4922.992,578737.288,171974.619,28351.468,1464.261,30382.317,26928.925,38623.616
"Moth_12_UT",40970.412,93592.636,20555.419,21107.409,656145.889,12250.375,511470.981,186489.301,218022.635,30449.679,81426.4,129074.974,17352.925,10136.941,4580.783,575714.614,158058.43,141294.59,100350.38,1455020.893,15253.245,479460.995,880174.144,21710.695,473037.365,2901.249,1233.343,113249.637,0,72204.696,796.13,62935.728,11033.292,2693.588,57348.18,23891.783,1628154.184,5493.993,418378.96,3224.047,16004.579,22789.631,1734.204,17488.11,16577.218,3865.016,17742.924,26726.58,152270.08,7214.49,5012.199,4301.673,12400.118,81737.168,11822.336,3040.597,1797.33,3343.291,45074.784,6212.977,567232.569,2886.673,35896.433,288908.696,8776.072,236243.154,584801.877,137950.352,6575.711,19368.583,26692.241,32856.054
"Gran_14_UT",8842.831,36100.139,57467.236,65912.51,870647.695,17334.795,646452.313,739521.688,224753.417,220580.505,208297.495,198772.431,73152.371,7077.735,29412.605,640379.653,779788.647,130787.189,60880.188,460578.056,17268.79,409896.579,972899.239,17216.036,593979.941,2041.823,1095.348,20594.271,11187.151,64427.339,3945.082,20324.198,13507.475,4000.621,195235.394,55802.297,2492761.343,13341.316,409349.402,7832.619,12275.596,52889.879,875.808,3091.715,6823.776,4153.745,12212.372,44254.503,170165.38,7804.376,15780.987,8309.317,14856.691,90778.785,12574.826,1035.827,2701.748,4021.652,32361.898,12388.259,302956.209,1806.142,28133.217,146102.003,5959.355,263880.97,7687.457,164991.929,1367.045,36837.944,21379.906,184256.641
"Gran_05_UT",5393.635,103337.908,47161.485,42108.483,417973.811,1866.392,481075.725,394935.875,153154.635,549031.521,85113.307,117361.881,2646.596,8134.098,33275.912,281478.756,347977.359,12617.735,83255.147,471936.45,11624.23,354472.523,953075.214,237795.915,595724.887,4326.945,402.242,44241.431,7189.707,28604.265,7280.192,15702.498,46205.768,7377.184,141812.018,215981.813,2296117.736,22109.828,517880.432,3326.21,2165.873,128249.282,739.061,1095.115,1758.952,19614.796,107236.062,91255.113,582333.373,74909.612,49105.319,26800.358,19712.062,104645.965,20086.906,104005.521,4185.037,4518.929,183430.415,4014.348,112471.823,64452.734,17592.745,260060.236,9748.394,245950.01,412766.082,81902.897,2203.908,11928.009,19406.517,22034.257
"Inf_29_UT",73123.486,127,40960.904,34757.336,875526.872,34175.772,311587.671,789925.538,72456,300757.461,178815.924,13703.363,42020.771,1607.064,105601.106,2825.842,1216144.009,3432.629,66786.958,718496.19,874.37,2874.659,14268.131,2220.963,3072.779,894.15,2173,256364.976,10264.539,860810.89,3940.381,148850.64,9437.727,1198.319,161615.407,9366.817,2339036.789,9542.381,555762.869,26307.417,12814.486,11123.774,11494.153,2554.313,27403.653,1085.353,7873.981,2139.958,5071.793,4179.575,7398.377,3676.307,2435.285,2707.24,3354.318,889.6,714.352,334.366,4485.412,23751.627,5007.874,1281.372,9638.762,116341.524,3029.149,4653.508,1527.186,40244.339,1876.453,1349.355,1055733.623,83957.895
"Moth_29_UT",8682.647,267626.559,23160.364,31374.103,1200227.73,6129.97,683720.847,333586.977,468655.011,159504.615,57795.686,133285.718,13384.304,9128.966,10599.469,613353.973,479120.031,275948.557,127869.591,1079052.433,15517.442,397059.38,962442.855,79318.704,536254.808,4889.36,2831.92,12999.329,6506.561,4668.545,3210.27,5437.221,28404.105,6621.454,51722.885,74913.564,1850963.544,18406.082,862229.682,4723.093,1052.303,9088.773,726.134,0,13417.809,8567.191,78305.107,56496.489,384672.683,38006.903,30577.96,12777.938,28893.9,229590.106,26648.673,40300.202,4419.926,2606.123,209671.188,5973.87,235980.762,99776.791,12419.219,241742.969,1079.03,218948.33,264901.194,134334.301,2747.386,29877.55,52938.866,55144.401
"Inf_53_UT",90330.012,94473,34417.186,27609.03,844328.234,18432.46,319947.923,347530.76,153815,1041897.596,136996.624,61110.756,1112.755,2249.889,25131.095,791.358,555007.187,25774.231,26474.519,2124531.891,14914.458,222101.394,536376.539,1023.981,288601.266,1640.425,407,14795.873,3228.071,400374.866,3089.182,308118.588,11350.793,1891.914,288052.222,7604.186,1862568.262,1591.453,42314.59,5010.541,10155.098,6144.944,715.088,1899.597,1016.822,4026.274,7701.081,16495.633,110547.939,1937.338,1037.004,1144.446,5601.64,23741.829,9695.412,449.386,670.126,664.604,8873.534,1548.771,127317.001,96.248,10234.298,200713.053,2680.211,164009.511,0,78138.445,2031.702,12423.443,1508422.011,65211.06
"Gran_44_UT",11848.029,207094.66,21582.947,24774.007,300403.811,4226.402,546979.534,288829.727,83923.886,45147.77,58675.899,231382.838,16583.558,10118.902,28512.35,432342.513,395336.551,122308.235,99336.984,514829.189,7428.8,209306.651,595196.126,23897.995,271196.626,4593.316,898.233,17056.95,19922.953,40537.68,4034.222,10499.56,18171.447,4034.856,105693.251,86239.823,2064964.054,9747.973,683791.025,2484.575,4361.484,70227.357,607.533,991.423,6346.135,9446.484,18056.296,77842.374,214822.851,20688.052,18677.96,8418.808,17935.412,45812.111,27980.52,59309.799,2252.267,1014.056,121549.674,6609.373,50082.794,63279.166,15959.991,269920.556,2262.603,155380.186,147960.808,111470.736,2159.81,7477.794,14690.991,27335.342
"Gran_27_UT",24290.36,259130.324,23828.062,40669.158,864011.33,4444.633,702793.574,501211.415,105136.601,217617.382,78158.944,405078.566,39213.546,8539.854,27781.694,194533.574,740821.434,76107.491,195520.564,1056767.375,24647.273,438931.914,767982.79,348549.97,340556.702,4044.844,1081.726,28149.008,13318.081,12891.225,9686.973,9409.612,49206.952,4441.765,129784.575,152861.506,2034704.168,9842.247,435381.484,25824.293,13704.973,33661.909,5608.72,3153.084,13153.952,20350.562,54461.246,121517.301,485736.218,38949.569,19332.115,8995.398,19313.899,29027.449,25400.714,67906.771,3467.081,2628.212,82192.195,6054.071,325901.022,51515.169,30028.078,114501.95,4350.181,180184.363,645913.207,206503.185,1666.712,29791.345,23294.021,75416.621
"Moth_30_UT",135161.331,453102.134,42113.272,34635.312,1021309.392,9245.169,417562.377,456174.676,515259.609,311504.764,256999.646,723412.837,181616.543,18633.825,11876.962,574671.016,542191.137,54178.027,109109.99,5613653.113,84420.156,1977779.935,2320519.886,2450783.288,1211387.742,6077.126,4241.066,184738.585,6303.479,221879.793,33933.152,40366.662,25917.972,4743.248,192370.395,63331.172,2283390.938,14285.38,778923.902,10996.824,3924.816,5111.084,286.33,0,7201.512,6717.952,14162.408,45922.198,196760.322,25615.194,17195.345,11118.832,13204.208,58278.478,13518.547,21137.669,2748.097,3488.533,96433.515,7778.254,468842.823,119149.881,198741.924,177995.685,1014.496,482855.579,966335.811,239614.301,3401.062,158790.998,80401.903,124489.688
"Inf_58_UT",579941.074,4109,33648.695,50460.402,743865.171,49596.671,51617.863,764964.313,29670,274124.719,72633.817,40534.139,399739.189,1573.977,109364.976,2620.864,963223.28,2465.152,11258.756,499460.809,3901.219,3613.272,13592.51,2219.795,3192.223,1222.432,1532,5523.639,5461.629,7487.75,3462.179,20760.414,90697.117,866.46,163685.366,16218.37,2133664.496,8583.496,373983.761,37298.238,38392.859,9449.391,7452.617,1929.567,6349.363,826.411,1570.172,1396.876,4778.256,3735.579,5272.113,2413.783,958.621,4043.972,3558.283,1363.443,418.228,321.982,1866.581,10479.474,4126.408,534.581,1879.742,140925.731,4516.15,4378.034,1379.058,46715.396,480.005,13578.63,112567.571,124786.199
"Inf_66b_UT",186498.777,1043702,19298.031,20156.655,583828.221,6564.205,448540.911,94979.046,35247,30313.908,131192.977,94083.312,1165539.281,940.605,79636.287,2893.148,286064.662,96401.113,774403.118,1677734.312,7428.561,23058.735,130650.153,2119.267,67124.415,3501.677,708,3496.807,0,6318.174,3479.182,22061.031,73148.763,1030.789,72601.344,10364.92,2689468.405,9612.08,391752.613,3910.768,2513.475,19107.908,3461.37,285.862,8294.902,1280.386,2107.971,1552.635,3595.836,2149.877,2492.061,879.907,4181.461,56104.86,3173.576,1110.727,997.016,2331.275,6934.736,1710.169,5132.849,634.308,7030.997,112784.644,2402.463,29058.831,13586.118,143362.066,1436.053,11443.879,75806.784,19625.179
"Inf_31_UT",141422.439,1130022,41488.623,40322.98,427909.722,9504.571,136849.394,366761.339,13987,811740.126,57750.944,13847.851,51180.365,1056.408,183364.107,3210.304,1713519.064,3889.584,53242.559,857151.851,8668.446,3083.843,45655.464,1207.503,28586.251,1961.806,15836,230811.223,35.1,160742.23,1013.787,39286.486,28344.827,862.192,114648.657,5577.7,1842705.702,3870.388,153512.926,20627.328,8238.22,11903.491,6134.058,1656.384,3801.529,1138.243,2534.19,1813.557,3641.314,2019.683,2559.414,1689.421,3136.499,6088.987,2432.436,0,403.806,187.823,3688.028,3901.273,10436.019,993.788,3354.153,94862.896,3160.503,6753.867,49947.55,31490.729,2080.02,15482.125,514872.505,35894.779
"Gran_66_UT",4902.99,26612.52,16742.623,24344.186,556976.362,6666.43,353585.596,280331.091,150425.528,74999.749,13451.813,57651.167,2937.014,5529.668,8117.086,213878.348,342032.771,647677.425,61196.055,353580.797,6630.773,195035.64,591787.358,9860.709,350675.979,1962.122,273.236,1898.709,2791.05,6409.88,1604.52,7906.653,13697.6,3521.329,53044.428,55229.9,1710753.24,6789.742,724700.645,547.647,1960.685,14343.204,1313.19,960.738,4521.065,5114.522,32083.004,28472.532,117214.14,17827.653,7411.05,4932.15,4758.847,9702.04,10335.04,682.792,2945.926,1113.334,31894.091,6226.678,268449.902,10684.844,2400.354,158553.907,729.804,174756.656,252455.287,21664.883,1349.004,4847.61,46640.934,33190.703
"Inf_67a_UT",137380.132,44181,54391.357,39138.937,322729.517,6679.135,253348.668,563859.525,93200,189655.244,90236.974,22970.717,22773.834,846.072,276775.88,0,2461999.505,4334.514,62471.875,3537473.668,11454.007,849.674,44831.254,6508.592,9826.127,1165.254,17439,15157.359,3051.398,43424.225,722.616,113676.25,21201.963,964.631,275501.09,9485.767,2213942.119,5530.483,202427.183,27667.263,15013.777,7108.856,16190.675,4886.161,16792.014,1615.358,3432.867,7738.374,15291.865,3910.284,3588.288,2607.93,3067.911,5325.433,9420.766,0,808.574,1539.736,8051.074,4882.705,3365.495,491.676,4297.303,126125.617,1823.907,12707.697,1511.539,28714.768,2544.182,44554.88,1372610.391,85069.44
"Gran_25_UT",7268.968,34877.185,20010.804,17500.806,225103.42,5027.621,343949.118,150120.952,106961.402,52659.82,75959.846,97806.061,9491.419,7245.634,3928.386,585024.785,274229.263,56004.108,49174.16,989663.885,23740.561,743549.073,941845.751,378135.859,575837.617,2513.739,672.273,25322.619,3602.657,17417.247,9215.804,7520.84,35477.127,2506.012,60328.772,134903.414,2032133.83,13766.047,948143.88,5817.152,5534.129,11060.769,584.568,1783.926,19871.712,10057.797,36795.118,80383.746,334189.384,11658.529,24083.882,5514.766,7643.514,8834.441,10332.075,1499.427,2023.881,2285.171,167315.526,4036.047,512200.247,25652.313,59059.949,249245.435,1406.569,243749.533,55878.183,80691.709,1255.797,23950.246,13971.488,25863.262
"Gran_34_UT",16641.315,212223.294,14196.22,31592.684,531247.752,2641.631,538446.086,263197.337,136188.187,116444.794,63992.995,205280.854,8307.172,7751.329,6577.877,226050.093,434279.075,174063.479,73967.607,871647.444,13162.924,435647.953,680702.921,449954.926,393421.429,3194.347,993.585,129992.19,4694.288,160773.063,21020.489,16382.456,15474.249,4868.237,145024.749,62478.947,2295664.147,10780.03,545336.436,4004.4,2831.991,10344.855,20.877,1638.969,3102.96,6004.611,23823.906,31267.532,125052.957,43135.317,12684.923,9240.498,9501.606,177392.429,11637.793,46077.794,2576.622,2706.216,37778.873,6470.301,146040.198,27065.692,40364.579,205981.272,2786.619,179628.707,925690.32,118313.688,2636.873,13984.633,30479.02,30489.227
"Gran_03_UT",6031.991,65661.359,17764.751,27933.44,197726.353,2331.951,399885.245,221466.905,118783.755,117367.409,50447.261,190409.337,6965.915,10883.442,7323.324,611289.576,274959.187,12837.902,52745.562,195044.149,6555.297,351842.113,859533.255,173474.184,497804.884,4237.806,565.703,42440.259,7077.698,18105.084,11175.611,7966.087,26268.413,1930.862,117599.93,164170.532,2512207.745,16678.63,1005494.561,3581.99,3109.54,40784.155,2914.488,1510.941,15737.092,19163.778,53505.71,141310.463,434028.452,27875.722,44650.157,10086.297,13640.083,14730.347,18561.756,28140.925,1219.674,1184.247,77324.258,11180.009,409858.495,133148.438,10306.94,289671.954,2414.292,257914.721,428882.463,60745.988,1943.328,4369.302,5185.163,22724.357
"Gran_02_UT",17704.666,405322.899,20745.722,47631.933,565670.912,6701.762,727228.787,584139.906,220613.205,937394.98,31783.272,313740.492,6415.866,5171.883,92646.404,284176.658,981311.029,287300.529,67431.268,1073622.689,16426.484,432589.943,830065.057,462631.368,385704.653,5890.56,1636.21,95195.535,12215.433,24253.924,6601.455,10362.561,22603.403,10056.328,119894.441,127514.469,2139340.873,14342.61,674949.032,5252.525,3965.977,11466.586,1047.003,1164.948,16083.638,12252.153,39605.834,92781.973,344931.612,27918.076,18978.627,10924.059,31880.15,30741.594,34709.762,67810.754,6377.778,4350.511,161127.354,5212.735,176169.153,110507.935,28104.641,191495.392,1971.955,183191.143,326287.116,140908.126,2191.882,22656.662,31533.196,56025.915
"Moth_03_UT",19406.406,357814.96,30641.975,19636.985,291222.348,7337.982,477688.629,213763.111,111802.388,114528.23,33212.144,588138.905,15464.051,9357.704,6543.74,645463.632,392443.495,16327.006,136779.262,878800.905,13791.834,498078.495,1222514.405,247616.61,666113.024,7491.46,963.507,62183.342,13715.184,64193.836,55620.355,13398.208,23526.797,11830.356,52031.278,79059.549,1729530.364,12718.516,829791.487,2329.779,1046.671,33642.85,611.197,0,7478.87,6610.652,32772.95,41649.053,234826.477,13010.462,11794.409,7982.063,41127.739,29829.307,48691.793,83176.427,4913.564,5860.808,258785.176,8495.576,62340.116,174278.118,12033.452,321017.472,887.615,282426.224,300559.796,135511.334,3020.055,8735.014,12647.587,21911.655
"Gran_33_UT",4957.41,56612.908,31892.453,19896.112,187789.6,3378.42,374175.484,147141.59,40285.7,69133.879,22982.649,84273.429,3793.899,13266.006,11870.943,626927.041,414344.634,71408.907,43597.004,475029.645,11931.164,318794.547,773757.632,247759.134,331074.679,2515.837,474.357,63962.209,3787.197,20186.459,3894.145,6182.078,17025.326,3555.564,110520.677,95216.899,2634490.242,11301.02,662005.68,11744.683,9424.771,95301.292,11720.586,7954.659,13074.155,8719.678,21710.764,106287.404,326256.814,18244.988,18790.71,11490.603,6018.689,106240.442,9345.62,15662.512,1677.659,2599.847,21627.774,6439.725,154217.328,51059.149,5356.456,307326.868,4981.334,221900.799,130409.297,59560.717,1875.176,7785.059,14441.126,13812.981
"Gran_55_UT",5662.28,378849.11,9226.37,19144.337,260003.148,4963.191,343433.582,163108.959,59510.077,79250.571,12619.219,131271.018,13861.022,9938.011,7595.471,519107.601,228327.771,11873.608,58998.674,321388.173,3428.6,152431.458,602999.031,22569.127,271102.185,10484.925,481.568,10179.55,11508.489,38566.478,38460.097,54066.236,32885.196,9014.601,175803.885,118890.093,2520180.898,8924.313,424293.371,4190.133,1886.342,174705.907,986.458,1718.325,2510.183,11821.048,60949.001,94825.257,308102.103,37696.53,19958.844,15760.78,49608.437,76150.378,49189.296,57931.607,4683.111,370.52,292154.532,5786.777,37376.161,74769.363,4997.782,280795.88,2011.203,167865.321,74472.06,22333.541,1428.181,4095.836,5164.189,14441.162
"Inf_27_UT",133550.386,1260736,73639.915,48565.075,1190236.673,46168.109,538324.163,1230226.239,228956,3686146.999,249449.995,143927.951,25488.157,4148.824,21173.497,118873.015,2669574.523,35398.71,186609.699,1242036.073,20472.441,25375.931,750493.689,5901.918,358680.072,2371.913,948,30959.334,10131.157,219756.008,2519.591,256057.811,32541.527,4607.605,287177.331,12156.748,2939395.066,4565.263,198781.888,13114.283,67106.015,9845.482,1246.191,5379.503,950.382,4976.095,11423.455,50525.627,289137.702,2896.548,1417.897,1072.919,6005.907,23906.617,5099.128,940.551,1480.622,2571.73,6439.255,9967.565,228785.057,975.234,50826.5,120740.352,8965.119,140118.196,2534.879,126279.481,1451.103,29671.619,122909.28,92533.264
"Moth_27_UT",234152.246,501555.092,23162.438,31865.255,675836.735,38369.459,763934.753,315163.051,135715.887,143753.797,140321.578,446342.379,57217.872,14365.559,10515.13,586378.767,1389941.442,109024.841,1330581.137,2077439.6,39792.49,968734.18,1407679.253,30058.645,598503.217,3947.778,2506.208,40912.466,0,49260.373,2391.25,8344.273,16412.388,3246.918,88289.825,52822.964,2248299.55,9988.55,579875.095,25727.408,25172.808,62365.392,10995.122,5085.345,41619.372,7717.737,17028.602,62865.367,204753.921,8445.842,7874.518,4632.082,11919.897,131144.38,12035.587,11298.151,1649.771,1708.184,51315.893,8636.138,622348.033,3111.206,9503.239,177157.235,2959.812,326590.505,1141471.556,284732.547,2964.061,127837.262,49986.443,65905.111
"Inf_50_UT",91081.871,2668,57419.146,40060.814,505278.898,7498.898,349525.348,1150543.236,26593,300184.208,193834.811,25839.423,25696.742,1571.614,385782.804,0,667663.148,3728.884,66022.388,2903527.415,19813.08,0,36942.049,1140.874,8236.358,2079.12,51755,10010.878,3154.36,53774.817,1282.643,201389.616,50145.006,535.669,326656.416,12932.09,1728395.752,2251.478,54950.866,44040.75,8462.974,21476.141,8527.089,2930.083,2634.494,2311.747,4955.793,9032.071,64125.577,2489.273,2017.106,1939.201,2167.388,4988.691,8840.172,513.584,478.799,637.772,3077.201,4202.876,3414.158,649.383,26745.336,148609.411,1745.696,8584.028,2324.161,62457.485,2952.899,62195.754,1305970.45,21570.381
"Moth_25_UT",21183.706,299112.483,30378.577,35879.361,794933.656,3943.496,402705.145,350750.651,258510.584,66384.562,154634.663,76998.622,12413.388,6510.669,10528.359,1474979.589,405551.587,369805.482,155763.956,1166632.084,12216.059,458652.157,1647459.603,180983.663,926468.647,6863.739,2314.052,52977.094,6562.885,35372.386,6976.328,28254.343,20981.083,8372.042,126080.251,100041.377,2303143.682,12328.046,854621.566,3665.926,3059.161,13216.769,273.146,0,6173.758,7412.604,44095.879,57634.666,264678.619,51804.814,25163.721,13767.047,47850.829,13688.668,50812.328,174584.444,5147.833,4783.83,313600.508,6664.455,331030.911,503267.091,8828.472,218770.115,638.23,330078.274,83246.77,45754.867,2377.335,19538.41,32154.911,64433.047
"Inf_24_UT",28524.5,17829,6481.051,51645.519,34112.81,25043.45,42353.022,813215.382,89325,308866.23,1696499.173,47838.853,47727.833,673.549,18829.727,0,5532412.924,4627.49,19833.446,2454410.187,5335.807,5460.343,33670.745,3745.246,14606.006,755.148,1608,2826.072,6027.916,6180.577,880.954,7243.059,2581.721,769.357,42717.836,8405.48,1256778.807,5833.567,217487.301,38558.482,6084.822,1667.458,10444.212,1957.231,1912.319,3527.122,10965.069,33229.37,184454.315,5159.928,3475.646,2898.583,1898.683,1784.015,3449.232,3859.011,403.806,3452.021,2687.035,9142.64,3713.878,272.509,6800.128,108763.088,1419.82,5868.339,0,50296.964,2673.293,13301.56,28460.647,114402.477
"Inf_44_UT",325378.984,2513724,37321.291,36186.353,358791.236,15609.058,204110.512,406629.172,103760,561313.417,121408.95,505585.547,34868.125,2398.779,212641.34,20023.606,452918.082,10112.043,943565.88,5068670.12,39179.419,71333.818,101112.07,4794.943,150690.892,4896.629,38212,14741.545,3879.769,127843.161,2969.1,160229.499,35961.363,1860.969,182565.102,12333.011,2443170.328,4035.13,135149.61,10574.428,9638.517,7103.317,2998.955,2802.137,2108.751,2389.98,5929.863,9791.027,90927.426,1880.586,1556.086,1327.24,8115.197,39463.267,32331.503,4771.03,1327.753,1550.055,13411.102,4419.704,20428.541,545.018,23601.063,143480.12,1829.923,74862.481,19838.819,87019.773,2959.236,100586.363,242101.362,65764.039
"Gran_51_UT",2221757.683,377441.475,21804.455,30652.347,627182.941,45236.115,431158.454,266844.588,103662.348,143112.902,33112.546,246445.753,28492.727,24279.369,16002.453,1396567.909,297962.53,136048.988,57200.339,1059887.863,22178.722,417912.939,1384691.016,16522.918,627026.243,2853.519,1729.159,4293.769,7184.198,23433.086,4898.881,17907.577,21840.754,1858.479,281640.803,72685.543,2712149.2,13800.78,424894.133,12872.877,28007.668,116662.047,1536.578,11861.098,7527.129,12385.567,25357.708,97982.873,371778.794,14298.898,17261.978,12156.594,7839.579,53961.781,8971.993,1757.414,1471.141,2949.98,25111.862,7680.523,746606.301,1919.439,30084.244,203002.737,14146.309,365861.863,7505.605,55905.556,2690.993,39465.056,50850.345,50181.539
"Moth_24_UT",7160.593,209975.453,50793.655,22204.921,364422.621,3408.833,463987.047,309450.228,139082.524,112554.622,185752.161,282127.99,11744.779,10043.158,7643.458,797969.865,751247.227,15944.842,128055.743,1935068.468,22661.633,713672.303,1650304.899,286042.978,960010.067,7843.573,3197.153,69885.422,1197.867,67786.601,8027.82,17120.643,21668.598,11662.799,128714.564,123668.856,2030534.308,15006.503,772483.345,3776.755,3234.544,42754.139,927.613,570.426,15912.751,14401.598,36231.338,89711.475,381092.828,22663.644,21407.898,7350.191,46600.022,19473.336,61177.817,90954.57,8418.472,2517.517,272469.732,8432.935,141380.156,15809.656,9898.097,245816.395,2977.86,351413.217,505296.794,150794.344,2884.938,34208.139,22091.554,49805.525
"Moth_21_UT",20531.887,369446.096,31273.162,27273.085,600715.769,5143.857,410643.231,306353.884,92615.813,133979.92,38563.924,193805.598,14346.394,7494.246,13894.491,811506.718,312472.322,20307.18,131239.329,789286.016,15717.219,483025.028,1593437.843,140170.418,910137.564,7743.53,1554.967,18820.047,3190.611,9196.268,16536.323,11836.257,82852.328,12144.04,107235.116,166104.996,2127642.143,35275.209,633564.755,4898.889,7522.196,34305.24,1339.022,182.536,8999.657,14839.738,122307.482,56950.697,529042.652,79077.408,76696.546,42681.377,54070.122,170097.361,65018.498,161039.459,7711.101,3164.252,311395.747,14655.079,158873.561,393799.96,44167.686,202555.066,1595.848,375749.657,273138.108,117070.804,2714.52,10715.713,16917.933,27040.599
"Inf_25_UT",214664.959,1295047,206663.081,70766.405,1141145.07,102194.731,619270.471,548684.054,233885,1777239.425,357518.315,115796.775,121425.381,2095.091,180958.067,2120.147,4251345.34,28826.429,50727.949,1816526.902,26404.3,9620.296,31155.162,3230.917,38614.27,3258.176,6999,17939.551,6633.983,33187.613,3324.032,17484.135,55011.382,1310.361,59063.405,8728.809,1308898.751,7810.475,339010.235,52701.987,51319.133,4175.57,4301.568,2487.458,1467.46,960.84,1556.099,2039.756,6875.396,2964.427,4481.296,2958.757,6265.736,8878.109,4317.599,1672.204,934.523,2621.266,6804.346,11048.444,7830.332,897.54,30420.868,95644.197,3688.924,9520.218,5046.809,178676.7,2008.732,73963.609,34948.411,103147.394
"Inf_35_UT",54722.973,214234,7980.104,29708.502,96639.937,15278.508,30484.517,292364.112,38720,83309.545,35201.817,13895.011,50185.506,651.097,61097.153,0,919647.249,4292.972,79777.598,1203983.517,2047.364,0,1182.916,4647.658,771.63,857.674,5110,16150.925,2811.545,13650.87,822.507,8449.892,13785.513,1374.385,53814.06,8437.921,1667732.899,8850.674,306809.378,18564.734,12899.21,2146.645,6053.105,1747.445,2458.284,836.328,2122.044,1797.684,8609.749,4406.581,5331.337,2768.016,5012.588,3172.947,8344.395,215.012,721.082,1060.89,71756.566,6369.525,3403.098,412.822,12756.8,131330.719,2280.134,2061.307,16585.203,37865.724,914.068,1866.407,77167.51,21013.213
"Moth_06_UT",5205.134,283222.805,27758.423,16669.861,477445.516,5903.288,257985.32,255014.093,279887.873,58511.055,89246.87,95986.411,17110.196,8644.802,3046.138,536754.86,306003.203,319393.449,80333.301,639142.101,10491.899,399620.086,1050096.056,28460.803,553268.02,11570.668,2049.667,38867.349,3144.6,128068.592,1203.136,79436.232,8052.818,6865.971,112286.137,57620.246,1886082.808,9766.73,944918.46,3091.722,1257.856,35588.336,424.593,335.41,13791.306,7099.088,28210.956,53197.501,157883.479,18068.855,19654.885,9497.851,46365.496,13839.212,53345.22,62991.089,3349.742,6111.098,224599.967,4486.514,95144.126,88135.227,5834.559,310338.534,1089.968,241249.038,322187.325,37258.734,2662.177,19189.526,30018.018,44387.078
"Gran_53_UT",14049.019,82380.67,46529.812,28983.291,327521.327,6532.374,362017.514,350288.997,168187.797,135932.918,49263.522,106281.478,9237.945,8865.658,14170.39,523748.765,477665.549,189765.246,76712.491,1274121.518,20701.415,763685.844,1151173.139,564406.865,599657.857,3619.071,823.714,225383.882,11407.497,57347.488,10843.246,16302.876,19986.766,5113.752,111543.005,63680.882,1862540.623,9336.143,569763.596,1964.523,4134.489,17884.883,0,1364.926,2620.759,6049.414,13658.036,42846.817,140434.525,9816.676,11144.001,5362.081,26425.524,181063.381,30816.33,103546.77,3322.519,3437.507,105346.704,7153.825,111362.721,108317.528,12072.718,152674.227,4596.277,255260.258,526977.446,73440.997,1626.623,25438.43,28557.609,30152.667
"Gran_11_UT",5334.032,9018.408,17441.875,19130.339,382975.991,23143.89,198480.295,442808.944,246586.273,16511.794,90067.412,10072.196,33963.454,2228.657,2594.273,242.469,255823.368,26462.598,199139.346,151012.256,571.601,0,149826.653,1693.766,13224.346,1828.937,1061.694,3177.519,10741.869,2837.697,80.226,1304.512,2119.304,659.271,4551.543,3217.639,898780.77,3344.26,117378.799,25238.439,6113.017,2077.945,4507.436,300.495,4176.799,567.506,1314.534,2101.343,3406.722,2314.971,1911.677,1234.544,1354.356,52061.484,4288.804,653.696,481.067,544.257,12708.115,10889.043,5431.4,198.27,8395.328,84808.873,1352.47,3623.84,1370.45,45354.747,3541.888,2989.684,121839.477,145585.088
"Moth_56_UT",116191.755,79086.741,28581.11,90784.294,684871.287,9461.329,569487.557,799265.898,221231.243,574606.199,58042.752,119027.186,8467.936,2561.875,800801.905,193777.613,1615976.058,176170.192,141593.58,2163694.332,23399.938,267857.413,936505.764,10431.642,475388.221,1541.84,52023.921,6629.382,0,48968.032,445.632,13487.828,5744.964,3016.039,117106.583,36815.274,1797308.56,9357.152,598383.272,2990.448,2816.6,6406.655,765.686,0,4401.137,4139.971,18242.25,22732.999,167120.405,17191.517,15662.567,9103.901,689.929,117825.31,12215.109,1619.983,3334.53,1707.271,35377.075,20253.1,170394.058,62925.543,10113.062,207893.698,1198.8,237544.396,407327.454,117581.534,1816.172,40902.46,26274.153,169340.649
"Moth_04_UT",12222.687,160827.355,39434.354,41157.729,962986.735,7618.226,703892.101,572118.903,489618.636,1239456.216,70602.752,518218.509,22269.293,9347.792,29581.605,322691.294,606450.361,288661.805,181190.851,1157747.335,27577.878,507182.14,1714415.411,29911.76,955780.673,4834.434,2109.63,17287.359,957.501,109745.576,76896.26,14151.977,35326.736,10446.057,82134.209,71555.271,1792642.771,11747.326,801380.895,3223.092,2347.971,20369.792,1267.355,281.79,19803.839,14104.289,23826.43,60248.356,225717.841,28159.167,8922.483,5862.644,24393.227,99895.274,34874.043,9025.354,6195.959,2256.265,109119.455,6462.78,129864.504,44150.153,37605.107,288579.006,774.408,305330.959,567248.274,150041.043,4964.041,32319.736,35325.841,90795.599
"Gran_17_UT",134104.037,565946.162,64205.396,28041.307,643344.596,24121.771,428126.355,278583.934,177808.891,315955.145,182308.538,398388.63,55792.999,8928.62,9972.815,214143.657,3022818.56,144265.108,132586.188,2850111.589,22202.874,798183.646,569668.419,748579.707,390975.68,6272.288,2494.38,76880.365,8767.935,13888.736,5156.113,5410.452,18055.439,4292.108,75243.092,80526.691,1769854.319,7619.356,608064.134,9713.296,9102.616,14185.663,1396.7,2383.858,19250.436,5139.413,23324.104,55182.911,285103.767,20693.217,6425.754,6621.738,9430.218,46548.961,13747.106,55500.13,3665.096,1962.517,80060.637,11441.386,495898.038,13166.991,43582.788,271115.145,3601.284,169923.863,285624.492,220100.97,2236.982,94430.584,27534.438,44809.547
"Gran_06_UT",16194.725,231147.282,23132.564,15992.314,323303.394,3136.288,320908.71,181273.583,83464.042,35221.638,88681.447,166472.933,10705.425,6221.251,8006.65,139079.435,431814.508,26706.658,111565.245,706427.285,10957.027,452961.669,520986,189789.261,274494.99,8404.299,560.895,116120.346,8373.149,117503.889,10829.239,24751.481,20825.68,4307.759,127279.768,71555.527,1884567.181,8402.33,585130.216,2511.108,5896.925,22744.722,1336.155,970.261,5990.468,8557.391,34385.319,49808.852,158507.324,45564.952,13798.206,9655.362,12426.492,29530.501,18046.783,38453.606,3374.756,4491.451,105601.16,2038.737,114315.656,21547.187,18181.009,309341.993,1670.699,131039.055,191276.218,76336.79,2002.46,9758.721,25914.872,16368.647
"Gran_19_UT",36775.881,57128.068,31031.763,94190.137,419257.681,10963.497,833309.888,1136903.582,407406.047,2618831.96,42068.858,385008.757,8214.813,10958.397,216023.749,476363.733,1082377.607,249902.162,69272.772,450365.313,12690.951,342390.821,1061087.387,13341.347,631587.64,2726.626,731.567,11087.722,7882.879,22580.486,5268.175,12533.39,29451.129,8075.58,135641.616,108476.607,2249006.33,10233.238,562761.438,7664.929,5206.026,58710.916,543.857,875.034,12814.245,12741.005,63263.139,79331.546,307153.708,26508.02,22569.371,9970.778,117928.502,141325.571,28125.82,2054.195,10657.57,7394.451,82105.093,17895.905,272204.635,63568.074,31407.592,195882.828,3512.18,258721.025,290179.223,80715.899,1554.462,20551.9,16112.671,174823.946
"Gran_31_UT",11355.657,194663.643,11734.29,17411.054,256156.748,3240.207,511714.125,164978.078,78768.456,36947.06,54852.227,153970.076,16657.445,13583.815,4523.954,661332.977,266680.989,12874.596,95063.305,420829.198,13839.184,604266.965,1057463.163,20869.718,663317.068,4286.046,1078.521,4803.126,11473.601,11440.118,4737.155,6621.281,37857.45,4549.361,96758.817,125332.268,2151255.93,14831.844,726004.222,3389.89,5388.416,31142.251,1693.159,845.407,5881.033,9453.453,46102.188,81901.439,385491.542,30042.973,24316.493,9321.864,17476.922,21302.161,20917.188,32282.291,2327.585,2342.787,112279.649,6782.966,384226.01,167652.073,30042.858,256985.459,2384.591,325647.307,819814.143,116923.673,2764.156,17047.036,33883.208,16503.472
"Gran_21_UT",12807.723,101056.355,58739.03,30831.028,529099.289,3164.346,391874.232,356188.677,86382.592,294128.409,34571.279,113454.851,6090.558,12946.199,14519.448,336662.314,652455.535,14763.075,161445.895,726040.481,9236.186,231023.288,733750.817,38053.779,308937.602,5192.125,495.991,9893.443,9967.903,40867.206,34560.858,20657.63,44178.841,6672.918,203711.759,126644.544,2625820.016,7718.593,370939.109,4204.991,3994.723,77927.918,614.84,1795.565,28971.98,13051.64,28676.825,85664.095,298672.43,36024.09,17050.698,14078.224,25438.162,36805.923,27502.119,57105.273,4913.926,4530.453,132612.634,7663.756,51979.68,49303.99,8082.966,237960.34,3706.299,186355.963,237508.757,80770.324,1930.299,9306.018,25614.851,28514.803
"Gran_30_UT",23720.245,504659.694,30398.213,45082.649,840931.189,17743.198,531866.351,559918.793,294738.698,2442982.256,133431.699,278009.313,20074.725,6601.022,26425.888,402209.646,1020791.335,207688.302,71392.239,1065674.607,24313.168,872646.219,1345367.141,1040445.412,721692.896,5410.255,1472.75,108559.107,10892.438,41895.487,3122.447,17028.165,14728.787,10427.045,130655.947,94121.365,2088804.968,10988.426,488314.056,5659.014,2311.587,28803.068,1203.583,2064.318,2320.95,4711.295,24534.378,41363.756,119934.978,34411.564,17949.653,11620.185,18854.403,97366.111,31960.934,63229.064,4746.281,4908.951,97790.342,4425.646,307852.077,15435.762,12991.08,146161.534,8185.893,290516.193,293490.051,144933.9,2697.007,38610.861,57048.649,70235.38
"Gran_01_UT",23578.58,137000.974,81449.227,35932.891,515998.435,6238.282,469220.373,424871.788,130506.528,878214.591,82223.764,285429.796,32110.119,10490.678,24916.26,422436.443,654657.115,249808.293,76124.978,1068698.27,19968.8,596919.461,1001814.957,545743.463,613276.736,4072.111,1316.5,161119.31,9688.798,16215.271,5052.965,8305.562,28917.274,6960.493,79712.392,64747.846,2032552.074,14891.386,792091.955,9045.72,3573.443,28212.788,3001.13,2244.192,7567.027,4308.067,17208.245,61681.489,126202.676,15755.439,10203.399,5722.7,14154.879,50863.688,25103.196,37304.304,5477.6,2070.659,76628.419,5258.106,296545.836,10102.309,41243.526,212513.809,3233.2,245975.175,163513.823,192674.738,2581.75,30198.982,44739.586,27749.801
"Moth_01_UT",54648.343,110086.5,53882.533,25612.667,347336.359,4356.688,379618.702,290672.461,136521.525,101398.744,48007.548,243348.543,13655.719,12656.88,12841.903,670189.554,308935.56,129646.991,81945.988,814621.93,12515,648153.23,1014972.972,727263.099,536254.808,4429.358,1584.948,337711.152,0,7031.339,874.098,5547.645,8479.199,3870.389,77317.365,50748.993,2021255.297,10698.042,644483.801,4612.265,709.178,20717.874,5352.03,1869.285,14844.159,6786.131,17739.107,50715.956,155173.68,34741.973,8710.377,5705.912,8890.908,132423.551,14375.9,1933.408,2638.569,2195.063,27170.149,8544.467,205232.635,140329.988,20215.083,277198.85,2305.175,211084.119,145968.803,135668.954,1645.754,9455.856,37787.914,46345.88
"Gran_04_UT",5934.38,123067.773,53314.901,19532.987,302937.696,3557.161,310725.153,180143.013,104641.945,39739.433,77175.738,301675.244,7207.075,7077.735,13490.022,485603.894,902548.999,12776.46,103578.024,670129.679,7907.818,264257.197,897019.815,120750.191,486005.092,8088.64,410.255,22784.505,8859.746,12594.452,9029.884,13401.722,21335.902,9266.963,121650.721,125720.434,2708062.972,16304.51,1124764.222,1605.793,1592.933,33260.08,1251.602,390.432,18141.259,7983.912,31932.526,56655.786,130061.391,19208.785,19796.321,6888.938,59432.796,288944.837,50920.04,194160.256,6692.415,3928.579,259730.977,5569.785,70816.408,63335.815,5865.89,210322.075,1391.718,207815.135,169850.515,56282.217,2205.913,8150.704,20164.32,19078.113
"Gran_24_UT",8505.945,72094.242,42311.774,45885.476,647612.876,6517.825,448132.692,647599.937,119305.127,195171.796,38273.954,272382.398,21563.756,9565.236,26390.391,530225.135,1032134.141,55885.492,68357.811,637183.902,11484.349,375002.685,812308.629,159623.109,359819.075,2395.236,475.959,27749.108,5225.873,25643.492,7727.166,19728.857,39079.837,1211.924,209829.066,129169.593,2571896.92,14180.855,742075.584,1435.98,1975.554,219840.385,0,1187.168,19573.043,13958.654,58814.362,100703.516,415322.073,33530.408,57389.931,20702.976,6561.638,27685.607,11623.955,49129.99,584.326,1594.656,48159.696,3686.888,124535.818,35831.097,44503.121,258041.143,1181.688,217001.569,118196.168,40951.449,1008.246,12747.381,443567.629,88233.901
"Inf_03_UT",35164.912,262838,23015.153,45784.402,541025.758,8503.768,312517.283,670243.042,98496,1044856.492,122398.144,29328.226,33548.6,541.202,112430.039,0,52465.643,4411.037,73146.612,1111952.676,11952.112,0,17303.78,381.071,7026.062,922.739,387,8018.523,1203.945,5091.095,5590.707,12613.518,133767.656,993.442,68577.235,25140.744,1378885.107,10693.465,281673.663,10835.884,3514.864,580.287,2391.804,349.259,801.614,1346.499,5609.194,8070.727,75174.583,3758.947,3313.07,2248.02,3026.758,12746.033,3742.053,344.427,576.866,654.284,2841.497,2072.093,1268.558,294.542,5319.159,78321.803,1647.432,1858.659,0,54434.161,1187.338,14977.072,16860.29,62876.258
"Moth_28_UT",29338.731,191140.637,11473.371,31353.891,801406.619,22774.334,697630.937,357986.441,543534.398,114803.109,53458.745,322589.415,18221.233,10351.956,10912.847,933505.47,787571.894,129006.552,135431.557,1447479.723,38166.77,1502438.799,1348943.514,286091.94,783770.013,3629.994,3184.888,14040.747,0,5567.851,6595.073,11722.632,13362.092,4882.555,49239.166,44391.338,1728486.177,8213.159,590624.228,8042.681,13972.379,11185.175,1162.559,3642.738,13955.083,9146.719,17355.549,66728.131,286623.826,4280.179,7673.498,3795.469,21664.531,205518.423,28772.473,2347.909,3800.026,3137.761,77575.96,8639.194,967796.276,10739.637,17645.253,156396.818,2044.305,274943.237,316810.464,121808.619,2641.483,106839.632,30307.066,96364.723
"Inf_51_UT",431380.222,425320,26877.398,21576.001,473951.558,2666.772,211229.613,159194.156,97108,234521.975,83682.44,677530.288,5080.401,4008.206,24323.316,25806.844,5287697.991,34119.673,461513.183,1267614.581,35064.385,43609.422,700170.407,4702.598,366345.636,3200.998,1821,8940,511.296,35563.731,1419.727,135281.756,21873.68,2643.131,264206.336,38799.514,2304491.866,7223.316,139299.639,4020.053,3434.847,29125.121,539.689,665.09,3129.907,19408.535,86552.474,43267.429,505717.854,14550.619,11542.908,8671.907,7805.339,210574.135,8322.181,2270.366,1572.921,1342.625,34357.736,3035.591,99841.161,897.54,25227.637,181354.462,2373.385,163474.394,29193.88,108248.288,2451.508,35209.754,26000.17,36914.16
"Gran_56_UT",3850.869,175723.75,17351.77,24035.406,494970.403,3147.719,405717.798,244434.517,64184.613,85155.12,22386.972,117205.528,15178.676,17396.517,3701.596,609360.37,508734.554,345764.866,109996.44,585027.173,10966.084,316931.115,1077548.108,99002.084,410969.748,5939.849,854.964,41645.879,15733.624,78030.221,11264.751,24220.61,30298.635,8400.325,252336.859,142134.728,2661771.364,23333.41,826507.755,3111.821,2377.009,34062.741,420.68,2300.27,11013.114,15073.753,40188.399,159084.787,347241.907,91890.199,63417.504,31527.588,28010.131,32486.765,28687.249,112715.969,3262.993,2068.886,158112.052,4770.861,29303.134,63490.654,10966.151,139075.359,3238.503,242324.156,117917.766,43036.039,3274.292,12874.384,21621.565,19775.204
"Inf_28_UT",69658.131,706865,5852.736,20662.72,228583.173,4842.297,166576.959,158043.869,19932,41259.403,71613.149,64561.431,71650.697,2030.1,60543.643,0,308754.224,13377.413,548431.145,4086005.029,13190.802,4964.34,24001.942,267.685,12151.588,2439.935,9666,825233.991,3885.619,16850.517,4541.852,7566.668,74377.863,308.383,33198.167,4966.727,342280.065,1592.509,14440.978,5908.344,1982.774,11091.921,569.127,1164.195,14.444,1141.549,433.255,220.246,1584.483,557.499,647.982,1596.321,8550.934,11367.337,2480.903,4765.935,757.617,601.653,3764.256,1586.268,4098.759,351.363,11645.745,20004.324,839.258,13565.784,660.32,126922.439,1878.83,58118.238,70636.411,17423.037
"Gran_36_UT",73093.079,336432.727,34245.506,21888.77,363976.629,8043.362,426027.739,237807.904,111712.85,99826.4,75475.858,204495.494,23497.136,5639.602,12426.084,392032.117,691085.694,155099.328,71772.332,1310495.154,28583.068,846597.776,837511.173,44481.814,433133.303,4325.897,1753.197,5939.967,3308.863,11027.218,7375.7,14689.109,83600.258,4598.268,128329.163,123485.031,2162521.04,24173.941,647519.986,14993.416,5920.715,14049.061,2766.259,1969.09,6229.859,17490.133,135235.736,58624.713,547033.533,41953.556,44004.128,17430.278,18501.487,235019.622,14717.746,5686.377,1563.467,4925.793,36256.052,2878.1,338582.63,75630.42,25436.267,185409.339,1952.861,199646.396,244636.597,130085.188,1944.33,46504.486,18354.164,20795.872
"Inf_05_UT",30877.249,6720,41284.132,42659.905,200726.179,59648.428,217698.111,537681.491,84721,194696.374,261941.942,32263.156,35342.429,1617.699,74753.289,1647.983,3133498.262,3524.457,26973.809,909331.086,4739.754,3059.043,27563.461,2146.152,6446.811,1217.503,8532,12829.637,4085.691,26066.446,1942.561,15538.362,31876.956,951.826,68215.212,12876.94,1073251.395,3555.688,139152.705,17394.408,6102.472,4473.331,6380.598,1015.501,4074.511,1578.996,10788.148,13161.188,122591.252,3870.224,1744.21,1481.649,2210.961,3253.806,3550.205,0,915.294,2343.659,2851.527,4488.176,2303.755,359.48,6901.133,67935.68,1236.326,5717.408,1770.243,33999.246,1747.343,12437.624,1749095.237,86102.785
"Gran_26_UT",135978.506,148778.099,81724.235,31207.327,821565.503,12170.001,380698.047,242612.828,120457.164,90290.823,147883.64,198832.636,19844.854,7345.574,35247.994,186141.175,513131.273,89366.951,113111.94,1287230.557,29658.845,1018227.988,442114.885,794072.514,280048.456,1858.3,1642.621,146797.714,3526.454,17692.183,3677.662,13855.027,22946.058,2700.663,95401.266,73352.518,2295074.088,7894.241,302070.924,4522.329,8344.312,12416.817,1568.938,1452.746,1174.155,6582.073,72231.634,31908.223,377621.145,24888.263,11124.702,9272.643,7672.672,100111.846,27465.547,4342.131,3224.119,1953.653,64788.389,11438.427,296389.681,20076.216,37913.971,223606.421,1592.202,107027.09,376555.077,168850.97,1186.643,41063.856,19550.6,52970.901
"Inf_04_UT",85705.895,375985,30833.643,36535.549,1271447.361,77964.941,158638.348,781755.729,146287,344617.309,1312165.832,39320.031,1189333.367,1460.537,310311.682,3213.363,2698238.011,33761.106,13774.375,1414469.681,1657.958,2786.241,12231.982,2354.221,2824.377,1289.469,1397,5779.605,3409.423,8661.433,601.471,4708.813,4597.893,1199.386,9096.335,1943.22,939267.121,3428.963,184054.894,4270.442,4440.943,1488.802,3810.941,21.901,2949.363,537.718,856.458,1063.53,2393.779,1035.992,2079.814,1255.712,3330.967,7289.589,6870.192,2656.573,997.016,1529.416,3471.38,4770.215,2883.288,488.197,1543.933,55746.144,1535.13,3244.474,1720.171,61087.516,1805.166,4464.76,593992.988,80705.651
"Inf_54_UT",158003.428,291466,45250.271,27078.252,413612.357,25779.813,202669.176,515108.151,84342,49190.961,215657.78,51321.636,500458.446,2102.181,13583.487,0,5929322.659,60017.435,32755.496,891360.92,5891.247,363647.632,82360.698,66223.285,30084.059,1523.111,1397,10701.463,8998.583,49997.056,58546.748,63058.313,6312.915,635.973,108344.383,14992.097,1612710.727,3646.507,205898.626,11407.213,4964.584,1969.373,4014.551,661.632,3545.879,3329.885,11226.429,21760.703,158077.268,5498.211,2486.254,2123.13,2204.506,121653.842,8958.31,1166.773,1223.917,1971.109,4207.581,11094.092,4172.859,516.028,5294.236,81177.652,883.377,30087.901,0,90476.898,1226.15,19051.315,706013.572,89148.36
"Gran_12_UT",21714.476,237597.838,48896.943,76751.087,711904.453,4642.08,698510.585,941372.037,415343.207,5408859.985,340988.828,410140.274,29917.107,5494.689,332844.91,62775.635,1731730.965,156141.277,51491.571,775681.714,9444.499,187078.695,371731.593,120724.798,222921.54,3280.34,2157.843,7309.812,5505.896,10516.055,2914.879,3796.684,8914.396,4252.983,72961.074,27867.159,1039589.728,5741.807,446917.28,1092.109,719.645,4948.58,2003.189,143.899,1894.607,2513.952,10470.051,14674.767,78690.152,9021.259,3941.184,3249.594,10032.489,27159.286,12522.439,51630.328,3160.948,2410.155,44494.552,17093.036,100301.723,3031.637,15461.395,99772.985,2151.223,70694.069,336303.026,212505.561,1094.438,17445.456,20540.942,99312.449
"Gran_58_UT",84840.906,226106.128,23909.719,61816.857,1129495.447,16842.217,670582.937,811031.224,562255.141,132587.73,154051.1,150036.088,32482.633,3970.607,44207.159,89859.197,5433945.699,231225.592,133670.665,665044.103,18693.767,470829.013,333292.277,71908.41,179642.985,2296.658,1244.385,169991.872,5337.882,447324.895,10198.891,34770.537,26236.188,2284.951,210811.833,80801.56,2204074.508,10977.51,471789.235,29629.163,11803.762,13749.933,8776.869,5276.654,2939.946,18321.48,104637.091,63563.836,360230.282,15610.818,18815.089,10606.634,7868.737,111849.364,14889.733,1264.717,1003.437,650.627,27939.259,15911.417,143888.058,572.149,5583.09,125268.133,3363.673,98712.39,417710.763,159028.428,996.219,57807.724,15583.759,226850.079
"Inf_30_UT",280685.256,282096,219481.71,26603.346,653398.312,53413.755,373771.581,410275.443,133026,1289639.282,61537.983,66357.507,27267.476,2503.947,9843.834,3138.918,2655472.76,9941.505,38004.607,545235.588,5493.48,7151.065,220493.754,1719.493,104460.739,1740.98,218,107158.809,9790.683,122733.583,924.523,217006.303,7997.312,2044.505,262052.684,6452.528,1886075.357,1498.521,47584.005,47495.008,20073.675,11668.053,8731.925,3816.485,1578.675,9217.236,10379.019,29714.362,99360.433,1833.85,876.75,608.555,3184.107,5696.974,3478.514,1312.492,2956.437,856.555,10589.665,14475.304,113116.228,456.887,8316.515,116312.091,7350.776,49534.689,5626.806,37836.25,1266.547,3615.005,986321.191,86302.472
"Inf_32_UT",1236424.833,362194,26113.854,39288.286,511178.486,65967.518,363350.668,845456.675,27196,974134.333,34564.461,32309.312,47983.576,1646.059,287519.168,2327.164,464325.787,4786.003,15249.048,445022.932,12609.084,15839.739,30332.112,1063.725,21453.429,452.497,1291,10217.74,1246.066,11935.013,317.738,19239.247,14593.002,215.548,86977.193,8251.926,1645031.919,7829.483,270673.844,41908.987,9786.784,8574.114,8734.378,2538.176,1842.991,338.278,1432.455,1684.584,6700.721,2830.894,5049.152,3795.52,1830.902,13227.093,2229.48,1570.303,786.46,1440.664,2495.462,8378.036,45288.74,516.028,2597.271,128340.194,4161.195,8472.15,3884.728,30977.673,745.354,32185.978,39392.679,50156.338
"Moth_35_UT",90771.651,79054.258,86658.655,20091.755,522959.225,3931.062,523295.984,284694.016,73647.691,84846.118,472827.888,760784.063,27070.916,5673.485,7561.599,206974.081,559039.471,154464.544,284026.746,2098157.508,16096.505,602822.353,733712.322,107583.661,320250.249,2055.787,1639.461,106564.136,0,80166.535,3114.419,64024.773,9340.338,3051.11,99118.897,58310.7,2449937.633,16321.638,901549.828,3970.226,5717.271,49316.883,995.223,315.445,13423.765,7512.079,16146.353,67153.785,241567.877,7837.554,8187.872,5190.53,14179.54,158180.964,16343.026,2723.463,3263.793,3569.831,74511.571,4327.618,283571.233,653.36,27106.928,275234.099,1517.095,168987.762,483862.404,285595.364,7056.534,23808.082,39508.44,51054.113
"Moth_23_UT",115527.088,327908.801,67811.521,25015.402,547464.299,4623.541,494806.018,417807.733,46840.092,228271.773,82863.516,610026.656,76538.006,8724.098,9586.57,434017.166,521445.64,243169.607,79241.08,1001158.848,20599.445,868663.343,1118609.586,55142.04,487125.913,3271.997,1225.166,22529.41,0,53687.38,19612.116,113212.615,23534.245,3948.323,352348.688,76022.989,1867281.86,12425.248,717436.279,18335.364,9010.143,45551.269,1018.887,1214.436,26428.941,13328.045,21966.521,117169.835,199086.613,11293.342,11599.301,7096.03,13649.684,64372.347,20495.967,9553.911,247.199,3827.429,72780.891,9363.392,477683.503,110805.474,975648.078,138044.642,1328.415,278069.267,1809709.338,206681.933,1461.945,19959.285,29331.528,26056.119
"Gran_50_UT",67464.488,137847.499,46063.331,26423.302,305002.825,7449.982,454679.898,191799.115,155738.827,184595.682,74091.586,336656.108,6981.308,14518.251,7035.4,503102.919,405392.329,233511.736,81588.423,1094887.756,23440.672,880117.051,1343517.966,1014558.347,929570.121,4113.01,1193.104,453623.413,6030.136,62617.922,6759.36,54026.95,43424.786,7853.541,113461.69,113587.786,1968906.268,10302.703,837118.338,1193.997,1820.92,25086.897,447.821,1508.825,4332.973,11231.639,46698.726,61111.081,256809.814,74497.442,9513.692,12827.608,15451.924,96364.438,29328.741,64895.309,4979.526,4275.166,95938.686,4741.271,148945.086,11347.631,13669.013,259378.606,1520.071,284124.142,499255.358,91308.176,3196.118,24764.497,27861.816,24387.187
"Moth_51_UT",42291.181,666288.006,30191.917,37006.181,967916.945,15869.63,791554.294,337104.052,271501.493,147571.658,407307.211,395586.09,21418.638,13727.378,14326.11,661706.11,680036.911,613017.085,136273.991,1551945.227,18536.532,250540.687,1019693.754,134725.326,530663.107,9648.271,3685.039,79884.693,14414.865,151728.616,9203.775,48494.886,27745.45,6728.613,155355.996,102225.638,2480430.932,11532.152,717273.96,10393.479,3060.367,54860.635,2050.958,635.454,7062.408,12876.493,40692.831,81304.635,336070.317,30219.834,21214.268,8731.132,27402.362,284398.865,33235.497,79034.204,4866.406,6964.277,101532.261,5472.737,122818.119,50412.411,10516.363,256199.114,2521.2,192671.04,97150.752,189843.192,8276.242,29727.106,59014.044,46071.614
"Inf_23_UT",440964.911,1678648,29647.924,42637.342,1155695.241,16791.917,507889.692,624967.474,242525,315225.706,228633.082,856715.525,4493.642,4100.376,8311.302,115115.084,672309.535,56996.941,453318.761,3512383.222,31396.093,191091.519,419236.475,8529.669,398738.242,1642.397,4493,6390.789,1776.082,33267.706,1570.626,65866.699,9928.754,1451.214,157120.278,20139.413,2296262.681,4927.484,200578.738,4125.189,18820.467,873.892,878.221,1830.437,1775.106,3843.362,16753.194,38119.427,227833.808,3974.825,1625.762,817.462,8606.611,28419.366,3250.316,1562.151,1309.485,1907.125,13036.983,2101.438,89652.881,713.162,6843.416,67110.676,2701.267,158971.817,25893.321,112812.304,3079.633,37393.592,23627.326,83709.334
"Inf_08_UT",50042.982,1952476,510510.598,27303.887,1126716.705,32222.987,592207.877,572982.824,103046,492382.169,46790,65250.763,479586.362,2175.444,6936.175,0,468855.235,61301.938,19949.443,275796.975,2963.541,860.457,370127.452,3025.186,150956.206,2699.209,86,33069.747,10579.273,186480.086,2473.896,210431.073,23091.55,2247.248,293262.639,4892.113,2369480.944,2776.33,111150.106,11118.09,5887.133,488.881,5875.252,530.227,4549.703,2109.001,2699.048,825.427,3220.646,423.966,170.705,577.9,1897.069,14619.095,2638.42,235.393,2728.575,223.943,6604.749,8616.058,5463.537,568.21,92634.698,133906.513,2213.956,85232.342,685.356,47662.912,661.392,2408.549,50056.996,63331.489
"Gran_29_UT",14702.924,103299.912,24035.491,59153.118,817569.795,2802.706,719103.431,961860.719,269771.134,2724868.561,29018.958,222177.773,212562.007,9679.167,216153.906,409794.695,862160.581,309802.698,92220.503,379030.775,7283.887,219113.525,587738.149,13876.468,310306.551,3667.312,1241.981,23708.933,7016.185,14748.283,4383.142,25464.681,21361.682,4486.76,219031.055,124430.816,2443577.369,13909.94,716082.013,4383.295,1473.983,162272.139,812.132,1321.544,18639.419,8464.798,21672.07,77112.048,193272.273,15642.841,23394.175,7283.711,2898.744,176077.18,16915.029,1929.081,2435.704,4253.892,49456.442,7655.865,139636.832,219037.894,19610.776,213083.322,2106.671,160324.714,70611.927,107341.295,2185.868,12377.639,61609.148,108236.808
"Gran_18_UT",191659.751,2104956.938,10212.831,30689.401,638709.123,9604.231,476615.305,388662.565,150244.991,127675.606,147701.722,213758.967,30497.942,5412.738,5266.443,83903.783,3143473.94,74286.427,233601.479,1554072.574,19652.809,552031.449,384363.503,1120611.049,154711.522,6433.788,1898.228,327144.701,11529.606,20290.676,6579.807,5823.463,15142.336,3467.531,81118.873,71798.87,1741462.788,10228.276,757143.748,33145.351,6620.535,18250.817,891.466,924.764,8084.567,8471.768,22017.094,62913.978,208588.707,17990.868,12682.891,6360.565,13746.662,73432.344,16795.429,75802.524,1610.844,2874.635,36231.586,5808.476,90356.836,342.723,25602.794,241365.514,2941.49,122882.396,1124666.181,231959.724,1563.482,59280.546,22344.715,52023.137
"Moth_05_UT",177360.864,273305.698,54311.16,37068.838,783634.466,5923.374,414236.073,391408.345,576835.127,207793.807,245806.875,540054.061,49531.082,5688.734,23826.687,230551.67,1570907.778,211319.818,104270.977,3075153.879,61360.417,968249.386,1053199.839,670388.572,644839.19,3636.86,9572.38,35466.18,0,2815.566,1683.103,12642.838,11534.615,2826.076,56536.126,45558.191,1399746.353,9933.718,356897.982,5622.138,1862.045,4619.997,1428.267,0,21889.976,4528.931,36651.154,19870.29,260867.431,16525.972,10804.829,8863.861,11053.762,159449.318,10803.957,6172.997,2687.248,2741.316,44295.121,12739.927,292225.896,3810.104,24583.209,206092.956,1175.831,284655.109,962983.404,216860.712,2891.024,383603.159,54246.466,115151.099
"Moth_20_UT",23513.469,221580.602,59723.61,21542.978,486647.042,3666.122,458379.932,225273.096,94478.076,66969.51,96831.102,607863.284,116249.593,9618.467,5487.017,263896.94,418649.332,350972.363,130717.912,1374200.852,18835.474,570116.534,668404.609,62834.658,304728.157,4583.346,1668.08,14606.535,112.647,10895.055,2533.595,13270.979,16686.556,5895.695,105858.155,114595.721,2264780.348,15128.628,671600.587,7406.853,3577.669,73553.914,1331.584,0,6101.866,7585.289,35473.126,93398.267,474565.53,38373.23,15211.75,22852.593,30567.847,82022.029,26829.283,24732.788,2722.997,4532.626,148127.34,6808.837,200410.71,140761.977,33543.516,210675.142,1716.166,149891.869,573295.616,203545.907,2581.837,22945.102,27700.469,36847.302
"Inf_09_UT",173848.348,4536,181621.156,39579.461,790258.638,70557.58,477151.19,1172204.662,77242,1366373.206,121809.124,43064.701,149301.381,1045.773,166158.587,0,395153.419,2984.419,53715.625,1696305.066,30874.099,0,40617.332,1700.79,14834.323,996.677,12043,4155.005,3967.52,51277.531,4038.146,181305.276,56734.571,1066.002,248181.917,15786.904,1537579.269,2269.431,35092.418,20101.65,6986.189,1256.133,4126.169,1618.346,3067.799,1930.496,5097.531,3871.171,37749.564,2105.366,1057.906,2228.719,2634.595,5734.845,3143.284,1368.538,640.321,1584.111,4762.24,7166.734,5265.567,330.49,6473.502,158265.963,1744.694,4052.953,0,85981.653,1626.154,49475.606,97981.898,58717.742
"Inf_17_UT",290701.14,645658,37377.361,57188.599,1234438.766,11131.892,611504.52,2097496.787,190258,1246656.094,362841.977,298443.724,97485.286,4405.245,173681.137,537.43,948593.619,23925.641,471863.129,2623847.638,34962.853,3507.602,878124.445,4590.381,289631.867,2048.56,2742,29522.791,6334.46,16223.115,5937.138,27026.464,147305.102,1330.635,147106.233,51092.514,2377621.861,11647.069,524425.666,62316.361,29221.5,105631.538,17871.071,3813.027,6007.052,5514.915,12379.43,42922.179,302848.185,6603.195,10896.088,5553.063,21917.567,28147.107,3539.098,1305.359,1704.639,1615.071,12187.443,6001.08,152503.463,352.522,46197.323,149825.956,2358.345,210014.753,0,352449.894,762.779,82886.584,308060.458,98230.626
"Inf_11_UT",107922.792,384,45509.184,42785.616,30499.973,16646.475,193015.224,457423.345,11391,294747.037,18188.805,18764.486,28595.164,822.438,169796.187,0,980095.947,1855.15,31832.565,2436088.887,4730.198,0,40220.318,1332.578,12367.221,583.613,7376,9087.311,2194.948,144995.571,4172.043,336832.145,33619.541,914.478,434322.491,44947.095,2856754.397,15843.774,573956.819,139856.633,79876.963,71423.716,91185.39,22211.918,52200.255,3033.479,10294.579,14628.502,50360.314,16834.029,16798.764,15769.064,1671.132,2702.122,5820.074,651.151,1047.973,1112.49,7278.765,3493.701,2962.918,913.775,5337.524,128979.683,15709.262,5580.199,0,31834.585,1218.229,4064.426,695534.153,41927.28
"Inf_22_UT",86573.144,608057,16146.558,19950.361,657577.666,9062.143,149155.805,163242.334,50283,171168.862,99650.054,45674.531,361498.338,1702.778,16845.738,0,306777.393,12597.966,105914.213,1394084.965,5998.751,3234.8,31475.559,0,14992.878,1591.133,428,12943.515,9089.844,5308.786,2299.618,11739.569,36274.763,754.418,81899.128,9901.013,1648098.987,11698.815,434004.392,6825.514,3920.833,4188.035,4615.569,740.013,4052.846,1143.753,1482.717,1647.877,3071.81,3697.744,7757.206,3560.5,3677.942,8280.367,3595.643,818.269,1050.857,2219.82,5869.551,3498.592,3160.888,1080.759,4444.22,122471.521,1878.052,10086.999,3279.695,35689.056,644.759,12528.162,20890.466,30846.749
"Moth_17_UT",9500.634,63560.875,42947.711,54533.031,1581521.649,9077.788,806611.183,607785.996,1118061.062,162861.175,107936.268,477516.967,13230.943,8819.406,27320.981,890856.342,657637.706,200021.837,147742.307,1298717.807,23567.867,411051.806,1296782.663,29362.826,752726.805,2432.42,2224.106,3632.084,3124.768,13813.119,536.476,4072.114,5181.267,3071.567,55221.852,54229.323,1745745.137,7847.612,546270.291,4332.806,1279.176,3851.721,951.615,224.177,7963.82,3958.903,9087.731,41400.699,187058.683,7051.336,9147.891,5170.762,17348.749,12082.266,13971.16,1289.866,2092.448,2459.968,104122.569,17198.94,331836.987,83459.88,19781.258,116752.035,1404.981,303431.621,293140.47,204256.221,3711.467,42435.517,37841.25,159523.787
"Gran_09_UT",16124.756,219022.887,23298.695,33969.876,683826.857,2801.667,534429.244,397746.814,140246.631,735149.801,58040.454,136670.592,9048.096,11147.283,12475.386,273231.311,778881.608,16870.013,122957.512,348803.89,11163.327,274131.587,676623.074,58280.224,437027.438,6321.577,967.944,22336.921,9449.172,35957.067,16254.045,21598.49,63902.44,13160.966,195531.057,184904.897,2256275.536,11284.15,358771.741,10107.05,5187.193,70244.308,1127.381,1349.054,974.662,21628.944,78915.011,83447.652,511755.405,40765.597,18406.749,15454.405,30953.115,232945.362,37747.212,126581.302,6906.222,4886.791,219048.37,4636.72,43825.573,7024.41,34826.816,247342.427,2872.541,188985.261,180668.822,109203.863,2072.616,12122.61,26825.878,20875.768
"Moth_11_UT",23407.259,105298.482,65093.889,37664.082,743970.82,16680.71,718709.992,424785.656,295786.826,911519.62,56373.335,515509.945,9570.147,9854.068,17852.651,802820.041,751615.388,493942.594,70972.495,1076737.393,28924.2,539499.946,1228905.632,19644.893,662037.816,2288.24,1463.658,10381.983,745.692,131680.966,44666.24,34677.385,20058.965,2851.404,170154.551,67618.772,1921911.738,10428.036,532881.336,4793.794,708.776,10174.399,443.861,0,6397.516,12174.017,21918.815,64347.521,202902.578,16594.312,14503.007,9367.946,11869.021,72201.526,10324.144,2494.421,2301.617,5535.614,39925.583,6985.303,374349.759,2640.003,21509.414,120534.264,667.762,261412.355,175068.696,218719.401,2010.936,19516.258,27900.05,73346.693
"Inf_07_UT",199021.668,111450,25637.258,60205.65,470198.529,15874.515,421135.499,1047746.397,167077,357871.924,166274.518,46335.768,62121.091,2615.023,155939.404,98483.304,677909.256,85041.736,38240.635,685028.704,12601.917,12205.98,553359.921,3061.423,314429.732,3420.838,6099,135428.934,13313.597,1119054.055,2127.466,157820.986,16558.132,1224.996,219478.879,7476.584,2178691.047,3627.499,174221.569,2552.305,8518.28,9470.165,626.775,3558.287,7825.489,2804.288,6603.368,14960.856,81599.337,1763.745,1074.164,801.567,5112.647,35501.178,7688.072,1851.551,1777.708,1169.25,8132.317,131956.926,29857.013,1052.928,9165.219,156198.549,3329.959,105487.609,24383.868,106607.6,5882.828,38614.229,2193050.133,92675.698
