"sample_id","(2-aminoethoxy)[2-hydroxy-3-(octadecanoyloxy)propoxy]phosphinic acid","(Z)-6-Octadecenoic acid","1-(1Z-Octadecenyl)-2-(4Z,7Z,10Z,13Z,16Z,19Z-docosahexaenoyl)-sn-glycero-3-phosphoethanolamine","1-(1Z-Octadecenyl)-2-(9Z-octadecenoyl)-sn-glycero-3-phosphocholine","1-(5Z,8Z,11Z,14Z-Eicosatetraenoyl)-sn-glycero-3-phosphocholine","1-(5Z,8Z,11Z,14Z-Eicosatetraenoyl)-sn-glycero-3-phosphoethanolamine","1,2-Dilinoleoyl-sn-glycero-3-phosphoethanolamine","1,2-Dioleoyl-rac-glycerol","1,2-Dioleoyl-sn-glycero-3-phospho-(1'-myo-inositol)","1,2-Dipalmitoleoyl-sn-glycero-3-phosphocholine","1,3-Diphenylguanidine","1.alpha.-Methyl-5.alpha.-androstan-3.alpha.,17.beta.-diol glucuronide","1-heptadecanoyl-2-hydroxy-sn-glycero-3-phosphocholine","1-Methyladenosine","1-Myristoyl-sn-glycero-3-phosphocholine","1-O-Hexadecyl-2-O-acetyl-sn-glyceryl-3-phosphorylcholine","1-Oleoyl-2-myristoyl-sn-glycero-3-phosphocholine","1-Palmitoyl-2-linoleoyl-sn-glycero-3-phosphocholine","1-pentadecanoyl-2-hydroxy-sn-glycero-3-phosphocholine","1-Stearoyl-2-arachidonoyl-sn-glycero-3-phospho-(1'-myo-inositol)","1-Stearoyl-2-hydroxy-sn-glycero-3-phosphocholine","2,3-Dibromophenol","2,3-Dihydroxybenzoate","20-Hydroxyarachidonic acid","2-Arachidonoyl-1-stearoyl-sn-glycero-3-phosphoethanolamine","2-Docosahexaenoyl-1-stearoyl-sn-glycero-3-phosphoethanolamine","2-Hydroxybutyric acid","2-Hydroxycinnamic acid","2-Linoleoyl-1-palmitoyl-sn-glycero-3-phosphoethanolamine","3,4-Dihydroxyphenylacetic acid","3-Formylindole","3-Hydroxy-2-naphthoic acid","3-Hydroxyoctadecanoic acid","4-Acetylbutyric acid","4-aminovaleric acid betaine","4'-Fluoro-4-aminodiphenyl","4-Hydroxy-L-proline","Acetylcholine cation","Acetyl-L-carnitine","Alanine","Androstan 3 beta ol 17 one sulfate","Arginine","Atenolol","Azoxystrobin","Benzenesulfonic acid","Benzyl Alcohol","Beta Homolysine","Beta Hydroxypropionic acid","Betaine","Bilirubin","Biliverdin","Biocytin","Brefeldin A","Butyryl carnitine","Caffeine","Catechol","Cetirizine","Cholic Acid","Choline","cis-5,8,11,14-Eicosatetraenoic acid","CMPF","Coumarin","Creatine anhydrous","Creatinine","Cystine","Decanoyl-L-carnitine","Decylbenzenesulfonic acid","Dehydroisoandrosterone","Diethyl phthalate","Dihydrocoumarin","Dimethylaniline","Dodecanedioic acid","Erucamide","Galactose","Glucose","Glutamic acid","Glutamine","Glutamylglutamine","Glyceric acid","Glycochenodeoxycholate","Glycochenodeoxycholic acid","Glycocholic acid","Glycoursodeoxycholic acid","Hippurate","Histidine","Homoarginine","Hydroxychloroquine","Hydroxycinnamic acid","Hydroxycoumarin","Hydroxyhippuric acid","Hydroxyoctadecanoic acid","Hydroxypalmitic acid","Hyodeoxycholic acid","Hypoxanthine","Indoxyl sulfate","Karanjin","Lactic acid","Lauroylcarnitine","L-Carnitine","Lenticin","L-Homoarginine","LPC 18:3","LPE 16:0","L-Propionylcarnitine","Lysine","LysoPC(0:0/18:0)","Methionine","Mevalonic acid 5-pyrophosphate","Myristyl sulfate","N Oleoylglycine","N,N-Dimethylarginine","N8-Acetylspermidine","N-Acetyl-D-galactosamine 4-sulfate","N-Acetyl-L-glutamine","N-Docosanoyl-4-sphingenyl-1-O-phosphorylcholine","N-Oleoyl-D-erythro-sphingosylphosphorylcholine","Octanoyl-L-Carnitine","Oleoyl carnitine","Oleyloxyethylphosphorylcholine","Ornithine","Oxypurinol","Palmitic acid","Palmitoyl glycero 3 phosphocholine","Palmitoyl sphingomyelin","Palmitoylcarnitine","Palmitoylglycerol","Pantothenic acid","Paraxanthine","PE 34:2","PE 36:4","PE 40:6","Pheniramine","Phenylacetyl glutamine","Phenylalanine","Phlorobenzophenone","Phytanic acid","PI 38:4","Pipecolic acid","Piperine","Pro-Gly","Pro-Leu","Proline","Proline betaine","Pro-Trp","Pseudouridine","Pyroglutamic acid","Ribose/Xylose","Salicylic acid","Salicylic alcohol","Serine","sn-Glycero-3-phosphocholine","Spermidine","Spermine","Taurine","Threonine","Thyroxine","Trigonelline","Tryptophan","Tyrosine","Uric acid"
"SA001",3.543641713,6.263484799,0.208910035,0.326557093,0.364965398,0.760597145,0.095847751,0.09550173,0.018771626,0.267041522,0.01384083,0.120518688,0.100605536,0.010527682,0.257179931,0.028416955,0.359688581,45.787197232,0.109429066,0.100865052,1.71366782,2.194616977,0.177944862,1.708619375,0.341396971,0.069515571,0.378881988,0.013814879,0.050873702,10.384657295,0.026721453,6.31034107,0.369292797,0.12040972,0.114532872,0.133477509,0.258799172,0.009681813,1.657439446,0.067342269,10.49471505,0.185813149,0.001761246,0.070467128,5.449493298,2.365696851,0.016877163,6.161054811,0.054368512,0.142474048,0.096366782,9.758090879,0.072794118,0.062197232,0.170415225,1.468889615,0.001068339,0.005679066,0.466262976,1.14416476,2.079110821,0.004257785,0.028745675,1.4754277,0.015095156,0.128806228,0.048109404,4.417565653,0.044212803,0.304456794,0.009922145,0.094736842,0.031029412,0.030631488,11.779448622,0.274926447,0.060882353,0.378010243,0.038454833,0.011124567,0.017560554,0.104108096,0.909883404,3.173150267,0.117906574,0.009290657,0,0.147324834,0.132723112,0.367222404,0.369292797,0.556064073,0.02433391,0.096539792,2.618502779,0.002641869,17.489375613,0.02533737,6.775951557,0.038546713,0.080942907,0.923875433,0.123896698,0.252249135,0.067145329,0.223615917,0.007070934,0.416367004,1.888416694,0.027754168,0.081306228,0.00950692,1.049471505,0.031591696,0.032275087,0.327422145,0.052698962,0.021574394,0.055363322,0.012223183,0.344012204,2.992263267,8.823529412,3.544117647,0.021695502,0.144636678,0.280483818,0.153287197,0.191456903,0.320148197,0.24419745,0.029775087,0.733790999,1.40132941,0.007101211,0.186764706,2.1085322,0.065250865,0.082846021,0.025605536,0.131141869,0.53644982,3.507785467,0.102249135,3.263593767,1.165958374,0.466056445,0.292034434,1.327231121,0.968726163,0.1816609,0.0416609,0.072474048,0.006514706,2.457230032,0.047531873,0.17283737,0.018287197,0.011773356,0.05716263
"SA002",5.489867,6.727107,0.03475264,0.1805353,0.4140308,0.7906445,0.3342255,0.09213301,0.01287916,0.5662612,0.00659854,5.275027,0.05943228,0.009545823,0.6553933,0.02505272,3.19708,50.81103,0.08329278,0.100811,1.282238,2.687795,0.7031845,6.995277,0.6256285,0.07656934,0.9079689,0.0181914,0.143309,4.703642,0.02910787,10.19656,0.5779369,0.2082889,0.02328467,0.1695864,1.146732,0.02184976,1.774534,0.1406217,1.724821,0.1336577,0.002077859,0.1746148,28.85875,4.066738,0.00631468,24.01341,0.04540957,0.3593674,0.06640714,12.76855,0.03016221,0.05927007,0.1780211,0.8707908,0,0.3962693,0.5018654,2.363249,0.03530398,0.005672344,0.0363017,0.9420996,0.01695053,0.1958637,0.02687795,3.463355,0.03593674,0.4382142,0.00919708,0.559805,0.04583131,0.05641525,38.86942,1.303977,0.05325223,0.5639189,0.05599573,0.1415247,0.1849959,4.13378,19.83849,0.7613896,0.09294404,0.0102352,0.0006381995,0.2899589,0.193052,4.967241,0.5779369,0.7028798,0.01525547,0.03181671,0.9360049,0.001933496,40.78927,0.08450933,4.966748,0.02429035,0.04987024,0.8337388,0.1146275,0.1851582,0.04567721,0.163017,0.006119221,1.090964,2.002133,0.05997257,0.04910787,0.01356042,1.701966,0.02129765,0.03325223,0.2420925,0.06635036,0.02460665,0.05208435,0.008126521,0.5448728,3.210422,8.483374,2.980535,0.03283861,0.1242498,0.2559805,0.04152474,0.3716288,1.171263,0.4465945,0.03304136,1.468536,2.183453,0.01452555,0.1799676,1.602925,0.04793998,0.01159773,0.01934307,0.1406326,0.8240134,0.1311436,0.132279,4.002743,1.555691,0.8771903,0.1458936,0.2476002,1.308091,0.1413625,0.03919708,0.1569343,0.003635036,5.765656,0.04696023,0.04821573,0.02043796,0.01676399,0.02734793
"SA003",5.813984,10.53391,0.02394595,0.2013127,0.5333591,1.205956,0.1688031,0.06435521,0.01172973,0.4762934,0.005974517,0.6330841,0.09196911,0.01049421,0.6993822,0.01937452,3.399228,39.10425,0.1128958,0.1218533,2.097297,2.5305,0.4492982,3.372688,0.5472911,0.0187722,0.3123442,0.01345946,0.07268726,3.422537,0.02209266,8.63702,0.6454152,0.1606979,0.02857143,0.144556,0.614981,0.03044733,1.935907,0.1008264,4.111242,0.2021622,0.001565251,0.1378378,9.017447,0.1144563,0.006728958,9.165683,0.03569884,0.2039382,0.07257143,12.56723,0.0209112,0.0526332,0.0008316602,0.2931917,0.02383784,0.004943629,0.4712741,3.282172,0.04090253,0.004002317,0.02259459,0.8999082,0.01510425,0.4264865,0.04134855,11.55057,0.01477992,0.3469763,0.008223938,1.1931,0.08471042,0.03032432,14.92851,0.1645022,0.06017761,0.5328611,0.04416896,0.02987645,0.03712741,0.3283484,2.454414,0.1554506,0.105251,0.009220077,0.0004779923,0.1908697,0.2300931,0.209104,0.6454152,0.858717,0.01648649,0.06898069,2.131707,0.00187722,23.11426,0.1057915,4.517375,0.07969112,0.03725097,0.9513514,0.1453496,0.1199228,0.03293436,0.2910425,0.005097297,0.9923914,2.113341,0.06948708,0.05415444,0.006379151,1.645022,0.01603861,0.03206178,0.3287259,0.1430116,0.02132818,0.06312741,0.009567568,0.3974813,3.586514,10.15444,2.544402,0.02769884,0.09567568,0.2317985,0,0.325856,0.7138922,0.2872885,0.03008494,0.1250558,1.631903,0.004803089,0.1143629,3.335957,0.03254826,0.002433977,0.0191583,0.106332,0.6253444,0.3359073,0.07196911,4.377542,0.9338843,0.6022563,0.08821986,0.04216188,1.101141,0.1704247,0.03840154,0.08486486,0.004650193,3.17985,0.06427916,0.09003861,0.01108108,0.0113668,0.0214749
"SA004",2.78664,7.067766,0.0204571,0.0129591,0.4146752,1.026978,0.125822,0.06748196,0.01400962,0.18749,0.007163593,0.7613746,0.02617482,0.01228549,0.1924619,0.012085,0.4877306,33.72093,0.04738573,0.04226945,0.9013633,2.134675,0.1803875,2.606787,0.415159,0.02458701,0.3163473,0.01753809,0.09085806,6.247725,0.03744186,5.252114,0.4982336,0.2147522,0.03113873,0.2622294,0.3349748,0.01749277,1.797113,0.09071834,2.404453,0.3285485,0.002818765,0.07295108,7.682261,3.078899,0.009310345,6.444706,0.05526063,0.2291901,0.03943865,9.231346,0.1013633,0.09005613,0.09029671,0.8760304,0.0005801925,0.010834,0.4991981,1.55979,0.2157157,0.005279872,0.03384122,1.24826,0.01603047,0.4871692,0.02758805,8.993684,0.03043304,0.3594904,0.008444266,0.1440959,0.02843625,0.03377706,14.99839,0.2206402,0.06673617,0.3806873,0.02836955,0.01858861,0.02264635,0.2314527,1.202227,1.758912,0.1449078,0.01401764,0.00071251,0.2092924,0.1691468,0.1201156,0.4982336,0.5822717,0.01627105,0.07583801,4.684723,0.002219727,16.68986,0.0840417,5.396953,0.2050521,0.05657578,0.8748998,0.07899582,0.2904571,0.04346431,0.1613472,0.006102646,1.100525,1.914142,0.0481426,0.0427506,0.009550922,1.727866,0.03173216,0.0244186,0.1315156,0.1687249,0.01862871,0.03720128,0.006291901,0.399636,2.966492,6.432237,1.50842,0.02054531,0.1514034,0.1918424,0.04200481,0.3487849,0.4778932,0.3815437,0.03971933,4.198694,1.67648,0.005813953,0.1977546,1.157264,0.04740176,0.2457097,0.0163352,0.1713713,0.4465261,0.7182037,0.1273456,3.932127,0.7943475,0.3238411,0.1466652,0.1455947,0.6851515,0.09414595,0.03983962,0.08203689,0.004506014,4.003854,0.02781287,0.1038492,0.01304731,0.0140016,0.03068966
"SA005",5.112782,14.17293,0.04633013,0.0785016,0.5249199,1.023609,0.2943109,0.1092147,0.008461538,0.1674679,0.006748397,0.1974436,0.05450321,0.01165064,0.3396635,0.0159375,0.6542468,25.67308,0.06411859,0.07262019,1.143429,2.615038,0.2303759,3.330827,1.664662,0.1176282,0.9317293,0.01463141,0.1313301,12.63609,0.03540865,22.67669,0.7251128,0.2252632,0.02542468,0.2308494,0.8556391,0.01935338,2.782051,0.1619549,5.389474,0.1520032,0.00160016,0.1134615,8.300752,1.06797,0.01846154,13.53835,0.04241987,0.2602564,0.09527244,12.2406,0.1104167,0.07018429,0.2112179,1.211429,0.0002044071,0.005288462,0.6435096,3.929323,0.853985,0.004509615,0.04346955,1.616541,0.01272436,0.1478365,0.05273684,10.79699,0.02423077,0.3990977,0.009326923,0.2506767,0.01522436,0.04143429,24,0.8003008,0.07005609,0.4201504,0.03947368,0.006403045,0.009238782,0.1669173,0.8592481,2.766917,0.1232372,0.01142628,0.0003014423,0.2491729,0.09905263,0.3690226,0.7251128,0.8699248,0.02207532,0.1512821,1.885714,0.003953526,46.21053,0.06270833,5.318109,0.105609,0.1206731,1.040064,0.2434586,0.130609,0.08389423,0.1974359,0.006387821,0.7240602,2.496241,0.04639098,0.04539263,0.006501603,1.956391,0.0246875,0.01621795,0.2262821,0.06338141,0.01698718,0.05333333,0.01010417,0.5723308,4.583459,8.822115,1.982372,0.02199519,0.1383814,1.185564,0.2955929,0.8724812,2.054135,0.6466165,0.03427885,0.7798496,1.890226,0.008149038,0.1666667,2.902256,0.09310897,0.1976763,0.02508814,0.1543269,0.6778947,0.2422276,0.0766266,4.693233,1.684211,0.8965414,0.618797,0.1135338,0.9231579,0.09735577,0.03315705,0.09615385,0.004469551,5.972932,0.05473684,0.1336538,0.01826923,0.01240385,0.04677885
"SA006",4.4072,5.885785,0.06813373,0.2320353,0.4440852,0.605959,0.1660544,0.08104335,0.01504776,0.2875827,0.01294636,0.5014277,0.06561352,0.01086701,0.3204996,0.02076414,1.002204,42.11609,0.0862601,0.06773696,1.215283,2.44941,0.4183737,3.257604,0.252514,0.05642175,0.5555556,0.01396767,0.1007348,5.924271,0.01842028,9.910615,0.4883923,0.1103786,0.1561352,0.1092579,0.6297952,0.01005462,1.625276,0.07721912,0.7648665,0.2084497,0.001412197,0.05045555,5.528243,2.00869,0.003814107,8.295469,0.03742101,0.2094783,0.05918442,11.73929,0.05848641,0.04166789,0.2849375,1.312228,0,0.0173255,0.5828068,1.25388,0.06949721,0.004124908,0.02077884,0.9389199,0.01499633,0.06305658,0.04311608,1.617629,0.0292579,0.2636872,0.007935342,0.09770329,0.1019838,0.03082292,15.81626,0.5416511,0.04920647,0.2477964,0.02741155,0.0468773,0.05496694,0.7345748,3.196772,1.156176,0.1019104,0.01167524,0.0006747979,0.1806331,0.1157914,1.853507,0.4883923,0.5299814,0.02157237,0.1045555,1.952824,0.003705364,25.38796,0.02527553,4.412932,0.03341661,0.0806025,0.8464364,0.06374922,0.09169728,0.04963262,0.1484938,0.005735489,0.6913718,2.05959,0.02780881,0.0513299,0.007428361,1.644941,0.01872888,0.02375459,0.1317414,0.02484203,0.01870683,0.04931668,0.008368846,0.5688392,2.250776,8.06025,1.803821,0.01540779,0.1540779,2.252017,0.1975018,0.233023,0.4081937,0.2553693,0.02429096,5.565487,1.495965,0.005097722,0.221014,0.8198634,0.05825129,0.2311536,0.01859662,0.07310066,0.4117939,0.8839089,0.1102131,3.858473,0.7418994,0.5342024,0.1440099,0.1422719,0.6762259,0.1065393,0.03324026,0.0770022,0.006130786,3.55928,0.05776536,0.2575312,0.01041146,0.0116532,0.03277002
"SA007",5.409726849,9.677548301,0.039487395,0.188907563,0.78210084,1.014523651,0.301260504,0.128403361,0.018092437,0.262436975,0.021134454,1.001199201,0.08907563,0.015773109,0.373277311,0.037134454,1.134453782,41.226890756,0.104117647,0.075865546,2.011764706,2.215856096,0.542704863,3.08461026,2.111925383,0.074647059,0.604530313,0.017218487,0.163361345,11.838774151,0.034554622,20.493004664,0.413191206,0.151365756,0.163193277,0.237394958,0.886875416,0.029207195,2.131932773,0.133097935,0.488740839,0.238487395,0.002160504,0.054226891,11.790806129,0.27248501,0.006415966,9.289806795,0.059890756,0.193697479,0.105042017,10.806129247,0.047915966,0.04012605,0.294537815,0.919120586,0,0.010487395,0.505882353,2.487674883,0.053524317,0.004616807,0.027722689,1.832111925,0.031798319,0.121344538,0.074470353,2.00266489,0.032521008,0.409993338,0.009596639,0.092031979,0.036512605,0.037008403,18.294470353,0.687141905,0.068403361,0.345769487,0.029673551,0.021966387,0.026117647,0.269953364,1.849433711,2.595602931,0.080588235,0.01389916,0.001215966,0.218254497,0.1491006,0.835576282,0.413191206,0.426249167,0.02510084,0.218571429,1.542971352,0.004997479,38.90739507,0.018268908,5.164705882,0.174453782,0.092184874,1.195798319,0.227848101,0.165546218,0.058235294,0.264117647,0.006481513,0.568021319,2.266489007,0.067235177,0.111344538,0.008,2.73017988,0.033319328,0.025605042,0.162521008,0.049773109,0.024957983,0.077663866,0.013210084,0.44290473,3.047301799,11.773109244,2.652941176,0.016369748,0.134285714,5.46035976,0.210252101,1.095403065,2.114590273,0.52751499,0.053747899,2.551632245,2.00532978,0.007290756,0.171176471,3.424383744,0.066109244,0.047294118,0.022008403,0.201596639,0.645169887,2.126890756,0.085462185,6.720852765,1.126182545,0.694870087,0.182811459,0.090886076,0.798667555,0.131260504,0.033058824,0.091848739,0.006342017,4.358427715,0.091605596,0.450504202,0.011453782,0.014764706,0.048336134
"SA008",4.202017,3.989222,0.05253313,0.1489478,0.6894778,0.6292663,0.1406859,0.09602494,0.01929072,0.1740452,0.03875292,0.4418958,0.07036633,0.01173032,0.2416212,0.02646142,0.3778644,38.23071,0.07210444,0.08963367,1.907249,2.343513,0.2670996,2.626779,0.5043526,0.04922058,0.7327622,0.01572097,0.07934528,8.492469,0.01904131,18.32251,0.4582009,0.1665055,0.02493375,0.1043648,1.224679,0.01011745,1.201091,0.1349592,5.697112,0.1993765,0.001744349,0.04893998,2.939063,4.276634,0.00826968,13.19746,0.03734217,0.1830865,0.09781761,12.0561,0.06264224,0.0493297,0.0445908,0.5376537,0,0.00425643,0.4381917,2.42642,0.2082355,0.004282931,0.03890881,1.459168,0.02173811,0.0817615,0.03851043,5.235595,0.05231489,0.3696283,0.008682775,0.102128,0.2699143,0.04900234,27.44231,0.5395882,0.0668901,0.4594445,0.02445765,0.006017147,0.008215121,0.1804615,0.8506287,3.28451,0.1236165,0.009306313,0.0009820733,0.2162498,0.07909355,0.436645,0.4582009,0.4138455,0.02143414,0.1069369,2.250933,0.008261886,39.09078,0.02066251,4.182385,0.00898675,0.1276695,1.082619,0.1085809,0.1255651,0.04623539,0.281138,0.006242401,0.8256184,1.977339,0.03334255,0.08924396,0.004812938,1.999447,0.02710055,0.0244661,0.1965705,0.03470772,0.01534684,0.06159782,0.008090413,0.5212104,2.250933,9.282931,2.941543,0.01379579,0.09212782,0.3891115,0.09984412,0.2506563,0.5413846,0.3226475,0.04010912,4.354014,1.818433,0.008534684,0.1241621,1.564184,0.04699143,0.04880748,0.02628995,0.1678878,0.5523007,0.250039,0.1399065,4.535028,1.191101,0.7362167,0.1412187,0.4021003,0.6379715,0.1593141,0.02151208,0.1193297,0.003395947,6.125466,0.05028327,0.03533125,0.01220577,0.01220577,0.03867498
"SA009",3.718837,3.861958,0.07054226,0.1670654,0.8213716,0.6428901,0.2184211,0.07831738,0.01507177,0.2596491,0.01660287,0.6782087,0.0861244,0.01025518,0.4307018,0.02531898,1.339713,35.65391,0.1066188,0.06600478,2.147528,2.160665,0.3249077,1.359649,0.343144,0.1011164,0.3321791,0.01960925,0.1203349,2.856648,0.02064593,11.50046,0.523084,0.1030586,0.03158692,0.134689,0.5259695,0.006660896,1.165869,0.09560249,2.256464,0.2516746,0.001882775,0.05178628,6.600877,0.07396122,0.0223764,5.409741,0.04070973,0.08708134,0.04889155,11.59972,0.04872408,0.05616427,0.05885167,0.5277008,0.1134769,0.01637959,0.650638,1.493536,0.5896814,0.006009569,0.03000797,1.151893,0.023126,0.04378788,1.114843,3.020545,0.02832536,0.2820868,0.00854067,0.1455448,0.05944179,0.02835726,11.54201,0.2872807,0.05845295,0.3028624,0.0145891,0.03617225,0.03507974,0.1932133,2.377655,0.9055863,0.09593301,0.01192185,0.0004114833,0.1956371,0.144506,0.6282318,0.523084,0.6036473,0.02849282,0.09027113,4.409049,0.004422648,21.62973,0.02905901,3.337321,0.07655502,0.09202552,1.158692,0.1406971,0.1023923,0.07557416,0.3184211,0.006023923,0.9638735,1.904432,0.02536934,0.09210526,0.006640351,1.216528,0.01742424,0.02454545,0.1908293,0.02299841,0.0100319,0.06670654,0.008668262,0.2641967,1.889428,9.712919,2.438596,0.01614833,0.06345295,0.2496537,0.1207337,0.2117959,0.4257849,0.1734765,0.02444179,5.695983,1.313481,0.004368421,0.1104466,0.718144,0.0838118,0.02799043,0.02047049,0.09370016,0.7705448,0.4911483,0.1058214,3.109418,0.7300323,0.4270545,0.1335411,0.01267313,0.4179363,0.1243222,0.02501595,0.07125997,0.005401116,5.165051,0.05530933,0.1433812,0.008795853,0.01653907,0.02410686
"SA010",2.919127086,5.824133504,0.028337408,0.009258354,1.251018745,0.945827985,0.055020375,0.07792176,0.006269764,0.065615322,0.008174409,1.133761232,0.083700081,0.011866341,0.261369193,0.013031785,0.143439283,9.030154849,0.08190709,0.044604727,0.913610432,2.254172015,0.322849807,25.738125802,0.214377407,0.0199348,0.491655969,0.015436023,0.018573757,7.019255456,0.021092095,17.368421053,0.505905006,0.117792041,0.045207824,0.12991035,0.720795892,0.015545571,2.557457213,0.089345315,2.255455712,0.243846781,0.00192991,0.025199674,9.648267009,0.027483954,0.059722901,6.754813864,0.076968215,6.61206194,0.200244499,12.023106547,0.02405868,0.023374083,0.04600652,1.916559692,0,0.016740016,0.518989405,1.811296534,0.047894737,0.004486553,0.040749796,1.636713736,0.019176854,0.142624287,0.780359435,4.875481386,0.029046455,0.366495507,0.009250204,0.236585366,0.025802771,0.038598207,16.598202824,0.619383825,0.093643032,0.723620026,0.032682927,0.025721271,0.028410758,0.088112965,2.287548139,0.622464698,0.126405868,0.012453138,0,0.212323492,0.057445443,0.464313222,0.505905006,0.578947368,0.02002445,0.035590872,1.197175866,0.012339038,30.218228498,0.031255094,3.69600652,0.052518337,0.182151589,1.04400978,0.092695764,0.066462918,0.046666667,0.159739201,0.007143439,0.324390244,2.255455712,0.065353017,0.071597392,0.005935615,2.184852375,0.026471068,0.029486553,0.128524857,0.070114099,0.028622657,0.039731051,0.008370008,0.39127086,1.907573813,5.959250204,1.334963325,0.01209454,0.101222494,0.309756098,0.087856561,0.068741977,0.219640565,0.141463415,0.045444173,2.691912709,1.831835687,0.006785656,0.13194784,0.84801027,0.050766096,0.003629177,0.023822331,0.179380603,0.735815148,1.896495518,0.095517522,4.44801027,1.319640565,0.564569961,0.1063543,0.047008986,0.768164313,0.217522412,0.015468623,0.085085575,0.0049674,4.648267009,0.035712452,0.183781581,0.011075795,0.013585982,0.035696822
"SA011",2.187179,2.646394,0.05820988,0.2460648,0.4251543,0.7682351,0.2729938,0.08179012,0.009915123,0.3628086,0.02136574,0.6772139,0.05882716,0.01098765,0.3190586,0.01390432,1.573302,40.20833,0.0775463,0.03608025,1.179784,1.855352,0.1330388,0.5634888,0.3842203,0.06513889,0.2480994,0.01827932,0.1494599,5.499281,0.02271605,8.209369,0.5586604,0.09702075,0.1074846,0.1377315,0.2895007,0.005956441,1.814815,0.06646805,0.4314773,0.1949074,0.001268519,0.02993827,10.65338,0.170639,0.005636574,3.073762,0.05498457,0.06385031,0.08225309,10.45819,0.02623457,0.05371142,0.05380401,0.2314567,0.3720679,0.02358025,0.5277006,0.7758373,0.09145264,0.005076389,0.02506173,1.212246,0.02070988,0.05837191,0.01199918,0.8465174,0.0225,0.2455311,0.008904321,0.06725909,0.0232716,0.02907407,10.81775,0.1609821,0.05977623,0.3577152,0.01446476,0.04715278,0.05551698,0.1930347,3.621327,0.1609821,0.1081019,0.01378858,0.0009683642,0.1620095,0.1542018,0.2843641,0.5586604,0.3063489,0.01388889,0.1087963,3.027532,0.004908179,15.02979,0.03358796,5.533179,0.05733025,0.1240741,0.8804012,0.07398808,0.1280093,0.05941358,0.1741512,0.007428241,0.2963838,1.632422,0.01592357,0.1171296,0.01040895,1.271831,0.01638889,0.01596451,0.2814043,0.02501543,0.01804012,0.04131173,0.008958333,0.2834395,1.320115,6.304012,3.072531,0.0183179,0.09652778,0.2005342,0.1376543,0.2903226,0.547668,0.1533799,0.03132716,1.254366,1.361208,0.00487037,0.1344907,0.6060201,0.06837963,0.1192901,0.02300926,0.1131173,0.4981508,0.3863426,0.08464506,3.47442,0.6777276,0.318985,0.09464763,0.0176803,0.4428806,0.08526235,0.01692901,0.07102623,0.005263889,2.733717,0.04909595,0.2173611,0.01166667,0.01498457,0.03707562
"SA012",3.225734639,3.800089047,0.097438163,0.463869258,0.501943463,0.494100623,0.161572438,0.131360424,0.010017668,0.3454947,0.012570671,1.089937667,0.083789753,0.013047703,0.269787986,0.023798587,0.795053004,66.104240283,0.078250883,0.06844523,1.649293286,2.190560997,0.285618878,1.321237756,0.600400712,0.100795053,0.38935886,0.023286219,0.091077739,11.754229742,0.037685512,7.487756011,0.313112199,0.214492431,0.079902827,0.21475265,0.709260908,0.010819234,2.582155477,0.096760908,1.61286732,0.294257951,0.001649293,0.050671378,7.579029386,1.657390917,0.010768551,3.430543188,0.058365724,0.106095406,0.22040636,10.862644702,0.037137809,0.090194346,0.308303887,0.563446126,0.019443463,0.031095406,0.659982332,0.918076581,4.546972395,0.007372792,0.049893993,2.511130899,0.036634276,0.105388693,0.021939003,3.378227961,0.053268551,0.365650045,0.010070671,0.043788958,0.029832155,0.039213781,14.047195013,0.491985752,0.095759717,0.579808549,0.025901603,0.010318021,0.010079505,0.056878896,0.708593054,3.280276046,0.151060071,0.027826855,0.001329505,0.208036509,0.039559216,0.509349955,0.313112199,0.370102404,0.019867491,0.111219081,1.319011576,0.013427562,15.53873553,0.063939929,8.007067138,0.060185512,0.180830389,1.198763251,0.051658504,0.185865724,0.091961131,0.241784452,0.010388693,0.330810329,1.869991095,0.020992876,0.16934629,0.006621025,1.374666073,0.058295053,0.024779152,0.414134276,0.046766784,0.016855124,0.06475265,0.015053004,0.485752449,2.177203918,9.522968198,4.379858657,0.026042403,0.13524735,0.294523598,0.328621908,0.370102404,0.70358415,0.414292075,0.056660777,0.98675423,1.883348175,0.006022085,0.17385159,2.108192342,0.097261484,1.078621908,0.033560071,0.317844523,0.469501336,0.294964664,0.098763251,3.967052538,0.985307213,0.294746215,0.105721282,0.630231523,0.577359751,0.153798587,0.018162544,0.095053004,0.007782686,4.508014248,0.042586821,0.075936396,0.019885159,0.020918728,0.066775618
"SA013",6.262785,22.21348,0.04069413,0.5394355,0.5340198,3.115657,0.3566743,0.1530892,0.01825324,0.6083905,0.04146453,1.813008,0.07871854,0.01186117,0.3102212,0.02997712,1.884821,78.79481,0.07254767,0.1336384,2.663616,4.125361,0.6147391,7.351167,3.060582,0.07795576,0.6894833,0.02105263,0.2259344,11.67322,0.0375286,24.29058,0.8101233,0.8001574,0.03652174,0.2503432,1.611067,0.1523997,3.154844,0.1471282,4.461054,0.2458429,0.00066209,0.02801678,7.539995,4.015211,0.02778032,4.101757,0.03383677,0.3845156,0.07215103,28.21925,0.0486804,0.143402,0.2739893,1.751377,0.018627,0.03941266,0.2863463,4.90952,0.2007606,0.006182304,0.04176201,3.275636,0.02032037,0.6665904,0.0914503,3.766063,0.02952708,0.7450826,0.009244851,0.8371361,0.03308924,0.03315027,20.24653,1.024915,0.08916857,1.70181,0.05035405,0.008695652,0.01131198,0.3684763,3.181222,5.347495,0.1109077,0.02610984,0.0003839054,0.4282717,0.3897194,0.6829268,0.8101233,0.5142932,0.02019832,0.1368421,1.670863,0.004767353,42.27642,0.1779558,6.033562,0.1713196,0.1056445,0.8520214,0.8512982,0.2988558,0.07176201,0.3116705,0.005853547,1.599266,3.690008,0.174246,0.1349352,0.0124714,2.075007,0.03536232,0.03594203,0.6060259,0.2268497,0.04231121,0.06229596,0.01655225,0.6915814,6.50931,9.771167,6.163234,0.03859649,0.09946606,0.4822974,0.1051106,1.799633,4.22502,0.8733281,0.0468955,5.544191,3.556255,0.007582761,0.1204424,7.372148,0.0805492,0.2091533,0.01951182,0.2203661,1.054812,0.2729977,0.1460717,9.236821,3.582481,0.6459481,0.263572,0.699187,1.073958,0.09168574,0.01923722,0.07826087,0.005194508,8.303173,0.2161028,0.06865751,0.01415713,0.01771167,0.0402746
"SA014",3.071839,3.366785,0.07871649,0.3753859,0.9301381,0.8460409,0.3756296,0.112104,0.01800162,0.3654752,0.007324939,0.1343777,0.08919578,0.01122665,0.3297319,0.02880585,0.5060926,47.69293,0.07524777,0.08919578,2.198213,1.56162,0.534084,0.8023498,1.087505,0.209342,0.2721821,0.01497157,0.2187652,10.96928,0.03216084,10.71962,0.3505079,0.1076612,0.05123477,0.2006499,0.7024844,0.0167299,1.661251,0.09288949,11.3756,0.2549959,0.001548335,0.02627132,5.761841,0.1879819,0.04341998,3.863664,0.05703493,0.160195,0.1216084,9.164117,0.03914703,0.03745735,0.2025995,1.174764,0.0003624695,0.05258327,0.492039,1.496757,1.337658,0.004267262,0.0285134,1.619141,0.02486596,0.1554021,0.01357239,6.479011,0.01870837,0.2783013,0.01061738,0.08805532,0.1366369,0.03385053,12.88704,0.331416,0.07310317,0.478644,0.01893281,0.002822096,0.002584078,0.04654265,0.1511443,1.795374,0.1137287,0.02709179,0.0005120227,0.1258108,0.07734671,0.4046016,0.3505079,0.3856321,0.01825345,0.1132413,1.06315,0.01067425,21.71093,0.03822096,6.116978,0.08302193,0.1454915,1.125914,0.1195937,0.1251015,0.05543461,0.2982941,0.007128351,0.8062661,1.402521,0.02054828,0.1312754,0.008310317,1.141231,0.03783103,0.03696994,0.4735175,0.05343623,0.0226645,0.06513404,0.009780666,0.2568841,2.071962,9.171405,4.389927,0.02038993,0.1160845,0.1832089,0.1876523,0.5410598,1.069759,0.5534206,0.0356052,0.7734671,1.444132,0.006984565,0.1577579,1.91531,0.05776604,0.1112916,0.0181316,0.1702681,0.6069025,0.3017872,0.1879773,3.550361,0.9996328,0.3391262,0.1191409,0.1533472,0.4613878,0.1424045,0.02156783,0.08229082,0.003805849,4.604088,0.03884469,0.2080422,0.01588952,0.01187652,0.06769293
"SA015",2.283310281,4.632319041,0.01430758,0.006174927,0.664285714,0.900414938,0.089868805,0.066355685,0.006673469,0.140816327,0.058972303,0.394421392,0.037966472,0.008600583,0.286078717,0.013739067,0.228279883,15.298833819,0.052623907,0.032150146,0.820699708,1.73582296,0.394997695,7.521899493,0.128515445,0.023002915,0.267750115,0.011887755,0.062529155,7.799677271,0.0178207,13.98109728,0.390387275,0.108010604,0.026880466,0.117857143,0.62033195,0.016309359,2.617346939,0.132895343,1.100161365,0.144169096,0.002048834,0.030634111,9.379898571,0.770746888,0.006333819,4.850161365,0.057776968,0.387973761,0.029832362,9.180497925,0.028534985,0.038338192,0.02074344,0.375633933,0,0.025830904,0.538119534,1.619409866,0.024665745,0.003827259,0.033126822,1.081028124,0.016202624,0.084985423,0.047349009,3.438220378,0.028119534,0.270746888,0.008549563,0.149147072,0.055867347,0.034329446,15.076071923,0.506569848,0.089577259,0.495965883,0.02170355,0.010233236,0.014395044,0.118372522,1.164130936,1.119179345,0.127915452,0.008287172,0,0.12494237,0.13439373,0.109578147,0.390387275,0.534232365,0.026465015,0.077478134,1.647072384,0.005496356,25.149838635,0.038848397,5.016034985,0.086443149,0.102988338,0.976676385,0.055820655,0.18425656,0.059344023,0.13680758,0.007012391,1.003573075,1.819963117,0.039396035,0.101457726,0.010925656,1.403872752,0.019963557,0.031362974,0.091253644,0.035451895,0.013979592,0.032390671,0.006720845,0.293568465,1.88911941,5.347667638,1.308309038,0.011720117,0.083017493,0.149723375,0.020860058,0.098409405,0.153988013,0.080636238,0.033476676,1.180267404,1.366989396,0.006710641,0.102842566,0.336560627,0.071530612,0.021778426,0.021501458,0.16180758,0.698824343,1.008017493,0.068214286,2.608344859,0.983171969,0.392116183,2.786998617,0.071242508,0.564545874,0.074562682,0.01925656,0.081632653,0.00305758,4.027201475,0.069686491,0.083090379,0.006437318,0.010488338,0.044846939
"SA016",2.279842,5.556219,0.03843011,0.007333333,0.5824373,0.570319,0.07304659,0.07311828,0.01081004,0.1779211,0.01429391,0.06976939,0.03979928,0.009562724,0.2148387,0.01658065,0.2264516,24.65233,0.04088172,0.03274552,0.911828,1.928546,0.1417135,5.405664,0.1456566,0.02399283,0.3944318,0.01194265,0.02832258,5.486916,0.03368459,11.63938,0.3896523,0.1444617,0.02833692,0.242724,0.5117696,0.01399211,1.86595,0.06931533,15.05556,0.2270251,0.0277491,0.01934767,4.386426,0.7317481,0.02719713,4.392401,0.05841577,0.1827957,0.0695914,10.17326,0.02514695,0.05917563,0,0.8813478,0,0.007075269,0.7098208,1.432668,2.018162,0.003478136,0.02843728,1.323934,0.01578495,0.137491,0.02227267,6.571872,0.03365591,0.2529573,0.008401434,0.2049229,0.04857348,0.02903943,13.25128,0.1799498,0.06407885,0.4744892,0.02050424,0.02090323,0.02448029,0.1065002,2.380213,3.152109,0.07562724,0.02126165,0.0004304659,0.1536623,0.06736767,0.2684909,0.3896523,0.4349385,0.01713262,0.09039427,1.822201,0.009519713,21.77082,0.05473118,3.888889,0.2244444,0.1151254,0.8982079,0.03444856,0.13319,0.05076703,0.1357706,0.005159857,0.5494085,1.786354,0.03738798,0.1174194,0.007827957,1.182459,0.01641577,0.02891756,0.0981362,0.05141935,0.01620072,0.03514695,0.01401434,0.2340781,1.616681,5.421505,1.721864,0.01039427,0.1032975,0.2416059,0.001802867,0.08667702,0.209344,0.07263711,0.03645161,2.14482,1.233122,0.006126882,0.1278853,0.5178635,0.05591398,0.3245161,0.02230824,0.1549821,0.3272792,1.63871,0.0888172,2.916716,0.8315211,0.3425738,0.1026646,0.2376628,0.5051978,0.1053763,0.02154839,0.07541219,0.003253047,3.167642,0.08293703,0.05139068,0.008086022,0.01014337,0.03873835
"SA017",2.524123921,2.995175216,0.073268072,0.009932229,0.546912651,0.595352971,0.072853916,0.06250753,0.007149096,0.08185241,0.006113705,0.094845099,0.062748494,0.010625,0.242093373,0.021317771,0.245707831,16.076807229,0.072959337,0.034600904,0.804216867,2.012442864,0.818816658,1.293803961,0.274250889,0.049578313,0.219019807,0.014051205,0.025143072,5.746571864,0.026152108,17.737430168,0.444261046,0.122270188,0.07996988,0.182078313,0.62150838,0.015959878,1.925451807,0.080599289,8.693499238,0.145331325,0.001729669,0.02560994,4.308024378,3.76460132,0.011009036,4.498476384,0.054149096,0.138930723,0.3625,10.785931945,0.027959337,0.077786145,0.173042169,0.999619096,0,0.182454819,0.792168675,0.658963941,3.471305231,0.00442244,0.042228916,1.590909091,0.017537651,0.121987952,0.05123159,3.13737938,0.025730422,0.287328593,0.00938253,0.126815642,0.028170181,0.034103916,15.286947689,0.972574911,0.069706325,0.733113255,0.016493144,0.01122741,0.013381024,0.181564246,1.269680041,8.007872016,0.122213855,0.019329819,0.000326506,0.18067547,0.054050279,1.262569832,0.444261046,0.510665312,0.018712349,0.09811747,7.084814627,0.013802711,29.113763332,0.044427711,5.238704819,0.128087349,0.276506024,1.152861446,0.089474352,0.261972892,0.074759036,0.116490964,0.007082831,0.441848654,1.786439817,0.029316912,0.138855422,0.003710843,1.810563738,0.020587349,0.026754518,0.136144578,0.049894578,0.024156627,0.044322289,0.016506024,0.653885221,1.419502285,6.782379518,1.426957831,0.01872741,0.082003012,0.221813103,0.148569277,0.12849162,0.327958354,0.164169629,0.04439759,4.787963433,1.529964449,0.006216114,0.117695783,0.915185373,0.082831325,0.062582831,0.049608434,0.154442771,0.703148807,0.672364458,0.09939759,3.153885221,1.443626206,0.460132047,0.628364652,0.508125952,0.502158456,0.398042169,0.017296687,0.082304217,0.017206325,3.881411884,0.056411884,0.085918675,0.009073795,0.012996988,0.037093373
"SA018",5.892351,12.21907,0.05669584,0.4646244,0.7840992,1.560772,0.4744712,0.1272064,0.008482859,0.3214442,0.04926331,0.9128558,0.1200584,0.01005106,0.3288111,0.03851204,1.815463,50.23341,0.1146608,0.08001459,2.269147,2.34453,0.3361662,2.623769,9.148793,0.1078775,0.2515851,0.01713348,0.2746171,5.077566,0.02328228,21.97491,0.4614866,0.1906111,0.03419402,0.1479942,0.4548766,0.013908,1.750547,0.08895184,1.3908,0.1757841,0.001527352,0.03392414,10.33455,7.98732,0.005202042,4.787535,0.03665208,0.124143,0.1299781,11.74288,0.04717724,0.0538512,0.1671772,0.9024686,0,0.004301969,0.4001459,2.699312,0.218535,0.00431364,0.04162655,1.624174,0.01775346,0.1133479,0.04188588,4.169702,0.03907367,0.3004182,0.007906637,0.1521651,0.02784099,0.04929978,25.14502,0.7952246,0.06143691,0.4048294,0.02031566,0.04230489,0.0534938,0.4954809,5.302846,3.593687,0.1037199,0.01427425,0.0004318745,0.1730743,0.05445838,1.903413,0.4614866,0.520572,0.02160467,0.08227571,1.978956,0.01263311,34.0348,0.02449307,5.202772,0.08453683,0.1641867,1.436907,0.2549575,0.201167,0.06231218,0.3010212,0.007117433,1.594496,2.109807,0.07009308,0.1134209,0.00531291,2.320248,0.025186,0.02528811,0.2309993,0.04623632,0.01816922,0.06603939,0.01634573,0.4686362,5.688655,10.86069,3.694384,0.01498906,0.1118891,0.2073385,0.08154632,3.39134,7.184676,1.408337,0.04335522,3.439903,1.572912,0.00916849,0.1316557,8.056118,0.07709701,0.1468271,0.02175055,0.1617797,0.5201673,0.1368344,0.1067104,4.152165,1.22528,0.4504249,0.1980305,0.6364495,0.4908944,0.3547775,0.02004376,0.1209336,0.0184391,4.720086,0.04621611,0.2122538,0.01097009,0.01519329,0.03479212
"SA019",8.768979,12.06494,0.02920296,0.03078061,0.9917831,1.152184,0.2113394,0.08438784,0.01970419,0.2643385,0.01629417,1.162345,0.1222679,0.01299918,0.6755136,0.08520953,0.526212,36.68858,0.1331142,0.07194741,3.462613,1.395702,1.028615,0.6952815,1.6363,0.02727198,0.3119598,0.02294988,0.110189,8.612474,0.05575185,70.91801,0.4883205,0.1429573,0.1062449,0.3874281,0.5258117,0.03524877,2.622021,0.08140621,1.959822,0.2186524,0.001899753,0.03069022,8.044849,0.7351086,0.01158587,1.946975,0.05745275,0.6676253,0.1797042,6.463443,0.04810189,0.05433032,0.08644207,1.183135,0,0.0874281,0.6665571,3.015651,0.07043915,0.00651438,0.040682,1.43074,0.01977814,0.1370583,0.04268862,8.90563,0.01299096,0.3732773,0.01070666,0.2780892,0.02506984,0.01758422,5.450829,0.7500584,0.07836483,0.3173324,0.01629292,0.0173788,0.01980279,0.2339407,1.428405,1.971502,0.1298274,0.01877568,0.0007968776,0.1963326,0.1500818,0.2203924,0.4883205,0.6663163,0.02801972,0.1221035,0.9303901,0.007026294,46.04064,0.09769926,5.652424,0.3461791,0.1253903,2.279376,0.3716421,0.1605588,0.06041906,0.41553,0.00762613,0.9514132,1.809157,0.07310208,0.1760066,0.02123254,2.151367,0.03275267,0.02189811,0.2248151,0.06976993,0.05920296,0.1108463,0.02120789,0.5864284,4.229152,16.894,3.543961,0.04469187,0.152917,0.2602196,0.07042728,0.7733006,1.387526,0.5454333,0.06646672,1.132095,1.827844,0.003667214,0.1802794,4.157907,0.06443714,0.132539,0.01036976,0.2411668,0.6139921,1.976993,0.06940016,4.433544,1.873394,0.3878767,0.1271899,0.1374679,0.4326092,0.7556286,0.02539852,0.0433032,0.01497946,3.978043,0.04746555,0.3219392,0.01384552,0.01782251,0.06508628
"SA020",3.42923385,6.965960586,0.110393965,0.160435876,0.930427494,0.784803457,0.051441744,0.082849958,0.008994132,0.149538977,0.005767812,0.084550532,0.125733445,0.011282481,0.317602682,0.030360436,0.290947192,22.908633697,0.102849958,0.044048617,1.694048617,1.776794183,0.58193698,0.628201075,1.075982717,0.047627829,0.179470966,0.017275775,0.020536463,10.465802508,0.024165968,20.486879545,0.409842976,0.153546211,0.116512992,0.145683152,0.357571925,0.024365054,2.193629505,0.07979766,7.272631468,0.172506287,0.002784577,0.022196144,8.350721889,1.440615449,0.012984074,1.433238487,0.058432523,0.12699078,0.127158424,8.600484772,0.047485331,0.05533948,0.186588433,0.781747286,0.001284996,0.005010897,0.498994132,1.798925071,8.492991885,0.005324392,0.045088013,2.09821899,0.016881811,0.129589271,0.041764148,5.880493203,0.019195306,0.22468121,0.010662196,0.054241754,0.027904443,0.028541492,8.350721889,0.314890926,0.097485331,0.606070187,0.014890926,0.014015088,0.016152557,0.079555275,0.777531879,0.918537254,0.136211232,0.020385583,0.001201174,0.127832227,0.100168616,0.39793445,0.409842976,0.277689957,0.021123219,0.003185247,2.458636316,0.009815591,24.154283908,0.050813076,5.85582565,0.05417435,0.149790444,1.74853311,0.169880915,0.39488684,0.116345348,0.238222967,0.007233864,0.293708505,1.731478554,0.028053536,0.205280805,0.009304275,1.336284118,0.028650461,0.029421626,0.210310142,0.06161777,0.056010059,0.056437552,0.018424141,0.424702287,3.355464222,9.170159262,2.637887678,0.033428332,0.114333613,0.225840447,0.227493713,0.291284645,0.647486563,0.654758141,0.054534786,1.200337233,1.242491306,0.005115675,0.134199497,4.096322057,0.116596815,0.277787091,0.019765298,0.228583403,0.661924333,0.784828164,0.102011735,3.461903256,1.368953525,0.246390557,0.114237538,0.044873011,0.459163242,0.219614417,0.023252305,0.066999162,0.007181894,3.914005691,0.033912952,0.12590109,0.014417435,0.014518022,0.079237217
"SA021",5.223194,20.79408,0.01721107,0.1873356,0.4847059,1.645357,0.1809689,0.09536332,0.01029758,0.2621453,0.002745329,0.2374383,0.0733564,0.007778547,0.3520415,0.0373564,1.108651,35.07266,0.08041522,0.0700346,2.146021,2.262225,0.1592642,0.9903544,7.568416,0.02936332,0.1850606,0.01202768,0.1092042,7.510094,0.0215917,13.68327,0.4728578,0.147039,0.02685121,0.1428374,0.14917,0.01459174,1.561246,0.07113055,7.753477,0.1510727,0.002250519,0.02486505,12.80843,0.5339838,0.02381315,1.218035,0.0396263,0.1572318,0.08961938,11.33917,0.01946713,0.2143945,0.01827682,0.705249,0,0.008816609,0.4280277,3.667564,0.06745177,0.00347128,0.02755709,0.7851054,0.01568858,0.09681661,0.04526694,7.997981,0.01286505,0.1794527,0.008013841,0.0843764,0.02681661,0.03103114,10.33423,0.2480933,0.0649481,0.3540825,0.02060341,0.002214533,0.003361938,0.09419022,0.4021983,0.5308434,0.07612457,0.01791695,0.0009619377,0.09918125,0.06716016,0.0634926,0.4728578,0.4029834,0.009141869,0.08394464,1.739569,0.003687197,19.07806,0.04129412,5.061592,0.06802076,0.09972318,1.460208,0.581651,0.1052595,0.05329412,0.2827682,0.004280969,0.5900628,1.889861,0.07748991,0.07965398,0.005456055,1.117766,0.01152941,0.01065052,0.3153633,0.04055363,0.01459516,0.05678893,0.01144637,0.2209511,8.110139,9.058824,3.039446,0.01761246,0.07709343,0.2129879,0.0302699,3.353522,6.218035,1.01817,0.02285121,0.1906685,1.027254,0.006920415,0.09384083,19.11171,0.05179931,0.09896194,0.006897578,0.09155709,0.3546433,0.7190311,0.09474048,3.042844,0.9717362,0.2611036,0.1219157,0.04675864,0.4333782,0.1236678,0.02041522,0.07570934,0.003490657,3.402871,0.08890758,0.04584083,0.01173702,0.01132872,0.04149481
"SA022",4.859692,14.44459,0.05716361,0.3962538,1.57263,1.617742,0.4821865,0.1442661,0.01187309,0.1689602,0.00866208,0.5552826,0.1337156,0.01246177,0.2097859,0.03267584,0.52263,42.79052,0.08646789,0.1070336,1.714067,2.239752,0.3648002,6.491659,13.75921,0.1384557,0.8246476,0.01760703,0.2098624,3.49153,0.02842508,29.4711,0.5054959,0.2184146,0.07851682,0.1844037,0.8501229,0.018337,2.051223,0.09124531,0.7285659,0.1993884,0.002299694,0.01316514,10.14483,11.62421,0.03811162,5.5955,0.02503058,0.1949541,0.1025229,12.36907,0.02925076,0.08287462,0.200841,1.21557,0.0007077982,0.005252294,0.3161315,6.079141,0.1064917,0.005464067,0.04012232,1.606104,0.02630734,0.1788226,0.02544937,0.9489202,0.05791284,0.3391957,0.008723242,0.3960947,0.1479358,0.0428211,20.28967,0.306608,0.06451835,0.36105,0.02017328,0.005165902,0.007767584,0.1059227,0.8395189,6.059744,0.07438838,0.01456422,0.0006418196,0.1834993,0.1695332,0.5554119,0.5054959,0.4103194,0.01881498,0.0683945,3.306608,0.00346789,28.15208,0.06430428,4.03211,0.108104,0.09495413,1.451835,0.4456227,0.1675841,0.06032875,0.1957951,0.006269113,0.9972844,1.788439,0.0695849,0.09525994,0.01373853,2.297944,0.02391437,0.02224771,0.6602446,0.06537462,0.01693425,0.05623089,0.01061927,0.2466055,5.711884,9.495413,5.277523,0.02070336,0.1215596,0.3141084,0.1186544,3.759214,10.33493,2.407862,0.04768349,8.449502,1.663003,0.00851682,0.1594037,11.97207,0.05850917,0.06413609,0.005870031,0.1746942,0.562007,0.4275994,0.1201835,6.112763,1.113281,0.490366,2.034139,0.5095047,0.5207552,0.09602446,0.02373089,0.104052,0.001855505,4.162679,0.04166559,0.2599388,0.01421254,0.01457187,0.02436544
"SA024",4.464351,7.35649,0.04745026,0.5672071,0.525129,1.060329,0.3316139,0.09579956,0.01502579,0.6693441,0.06881356,0.05163924,0.1235814,0.008282977,0.4352248,0.03287399,2.018423,69.01253,0.1006632,0.07472366,3.733972,2.020719,0.1243144,2.493601,0.8731261,0.03845247,0.1446679,0.01306559,0.2045689,3.343083,0.02840825,18.19622,0.5354052,0.07463742,0.06364038,0.1941046,0.6093845,0.0148568,2.186441,0.08351005,1.73309,0.2044215,0.001964628,0.01879145,9.031079,3.367459,0.003778187,3.054235,0.04,0.2569639,0.09948416,12.94333,0.03008106,0.03944731,0.06190125,0.5759902,0.0009307296,0.01114959,0.2588062,1.143937,0.03695308,0.004205601,0.02490052,1.036441,0.01281503,0.08194547,0.03176112,1.94028,0.01445836,0.2294942,0.00889462,0.3391834,0.1214444,0.0275829,9.918342,0.3478367,0.0779661,0.6034126,0.02238879,0.01922623,0.02774503,0.3833029,2.291286,1.586837,0.08747237,0.01092852,0.0006635962,0.1282145,0.2721511,0.09596587,0.5354052,0.5573431,0.01927045,0.0333972,1.234613,0.002943257,18.50091,0.03478261,5.594694,0.1324982,0.1119381,1.481945,0.1344302,0.1649963,0.07168018,0.3546794,0.00717465,0.3446679,1.939062,0.06876295,0.08975682,0.01037583,1.717246,0.01649226,0.03781135,0.2741341,0.0296168,0.03226971,0.07014738,0.01826087,0.3540524,2.176722,11.40015,4.378777,0.02636699,0.1110538,2.185253,0.05381724,0.6271785,1.216941,0.352468,0.03352985,1.115296,1.045338,0.005179071,0.1216654,1.636807,0.07774503,0.0007936625,0.01627856,0.1201916,0.3209019,1.697863,0.1831982,3.467398,1.213406,0.3997562,0.1485679,0.9842779,0.5189519,0.1410464,0.02092115,0.06582167,0.005187178,3.647776,0.0286167,0.05526161,0.01097273,0.01280029,0.02627119
"SA025",2.629102594,8.901767271,0.105931418,0.459406858,0.623725672,0.529607528,0.222706209,0.033373494,0.021436515,0.334847081,0.029277108,0.915652972,0.069249305,0.014096386,0.160055607,0.009053753,0.570528267,74.457831325,0.070917516,0.108248378,1.467099166,2.143676842,0.286206105,1.851044297,0.724581134,0.112048193,0.2145972,0.020500463,0.155143652,6.87284829,0.003064875,14.367684186,0.464195547,0.127266468,0.098702502,0.294902688,0.696809731,0.01781042,1.983317887,0.085678219,1.196924489,0.226413346,0.001341983,0.033438369,2.229745238,0.175464769,0.010759963,3.458801928,0.037849861,0.087516219,0.038943466,13.116823502,0.050973123,0.046728452,0.165060241,1.008147808,0.00163392,0.013744208,0.299814643,1.34496213,0.325912325,0.005653383,0.04068582,1.281845306,0.017859129,0.028100093,0.028792747,2.521230204,0.01416126,0.315813633,0.006261353,0.079653431,0.037451344,0.048461538,14.666054625,0.382717466,0.125115848,0.721367914,0.025774616,0.008032437,0.006765524,0.093206335,0.872963048,2.732384668,0.115013902,0.017164041,0.00131418,0.18774386,0.165595593,0.194399816,0.464195547,0.439637365,0.025310473,0.144114921,1.51021345,0,16.949736057,0.008850788,7.172381835,0.414828545,0.182947173,0.798517146,0.103098462,0.151251158,0.085681186,0.027414272,0.008038925,0.430227221,1.793665366,0.04204728,0.079694161,0.012548656,1.488409456,0.026024096,0.020074143,0.493975904,0.041733086,0.064884152,0.030120482,0.017924004,0.470162956,2.655496902,8.201112141,5.252085264,0.022057461,0.145968489,0.329814092,0.238276182,0.447096626,0.676612348,0.360683957,0.030463392,0.511705302,1.657103512,0.018164968,0.178683967,1.83153546,0.08734013,0.067034291,0.019759036,0.107414272,0.441129217,0.420389249,0.108897127,3.594216204,1.04773927,0.343929309,0.132201056,0.153775534,0.019267845,0.135310473,0.075217794,0.212696942,0.003483781,3.821436768,0.053982098,0.070695088,0.002290083,0.020481928,0.066172382
"SA026",4.659668,19.71216,0.1109045,0.03214708,0.03038039,3.100576,0.1279797,0.09856298,0.004903635,0.08546069,0.00823246,5.523197,0.06707523,0.01400676,0.1066779,0.01663567,0.2147084,30.52409,0.0483601,0.05806424,0.2874049,7.470369,0.6640704,9.224517,2.437521,0.1404057,1.125974,0.01676247,0.03989011,16.70843,0.01544379,64.67999,0.9048425,0.7426346,0.317836,0.1049028,2.914324,0.08594649,2.351648,0.2856417,3.758889,0.1251902,0.0029459,0.01751479,2.456485,3.951913,0.007940828,5.320014,0.05543533,0.2100592,0.1200338,55.26583,0.04724429,0.03724429,0.04011834,2.342702,0.02995773,0.002324598,0.5634827,3.50491,8.167965,0.004450549,0.04494505,3.718253,0.02042265,0.09070161,0.05191331,11.77447,0.02,0.7362005,0.008622147,0.2705723,0.02669484,0.04614539,22.02506,2.501863,0.08782756,1.894345,0.0628852,0.003354184,0.002554522,0.2268202,0.9695225,4.229597,0.1032122,0.0132967,0.0008062553,0.4026414,0.2769726,2.820183,0.9048425,1.118862,0.02140321,0.0443787,2.209956,0.001118343,68.37115,0.03092139,4.224007,0.04099746,0.2072697,0.9661877,0.5943109,0.108284,0.08440406,0.03480135,0.006892646,1.458178,6.430748,0.1079241,0.1774303,0.01007608,7.284118,0.03748943,0.01771767,0.3691462,0.03478445,0.03256974,0.009442096,0.01480135,1.997291,4.886556,9.129332,1.762468,0.02155537,0.1160609,1.0447,0.2825866,0.5106671,1.686082,1.506942,0.04664413,2.487301,4.063664,0.005318681,0.1258664,3.555706,0.08901099,0.02523246,0.02732037,0.1539307,1.093464,1.42519,0.1221471,12.82763,4.402303,1.196749,0.8042668,0.1638334,1.582459,0.3639053,0.02078614,0.1153001,0.007922232,10.09821,0.2140874,0.07187658,0.009416737,0.01579882,0.07545224
"SA027",2.193336,9.357989,0.05708499,0.01608419,1.291501,1.681924,0.1693407,0.04169976,0.005189833,0.1748213,0.004577442,0.4434273,0.05448769,0.01243844,0.19166,0.02227959,0.6274027,24.9166,0.05454329,0.04555203,1.142971,2.121323,0.398755,3.487123,2.012694,0.04655282,0.3498108,0.01881652,0.05848292,4.442817,0.02041303,14.71988,0.4483095,0.1000732,0.05025417,0.1446386,0.7358721,0.009458074,1.811755,0.08573172,5.501037,0.1765687,0.001521048,0.01208896,10.35152,0.3600635,0.009308975,3.853289,0.06163622,0.1402701,0.06487689,12.65715,0.02482923,0.04185068,0.1121525,0.991212,0,0.005126291,0.4971406,4.048578,0.2902478,0.005111199,0.03860207,1.101916,0.02064337,0.06814932,0.05416819,7.46613,0.02681493,0.2901257,0.00816521,0.1319419,0.02311358,0.04521843,15.90382,0.4395215,0.07617156,0.4291468,0.01713658,0.01154885,0.01146942,0.2074942,1.32064,1.25595,0.0949166,0.01349484,0.0007440826,0.1697791,0.1186257,0.6772855,0.4483095,0.577078,0.02493249,0.2189039,2.207982,0.002065925,19.15049,0.01754567,4.449563,0.07617951,0.1620334,0.841938,0.1315757,0.1657665,0.07827641,0.04816521,0.00758618,0.4799219,1.692909,0.05178811,0.1311358,0.009888801,1.609911,0.04487689,0.01714059,0.2398729,0.03368546,0.01262113,0.007399523,0.008880064,0.4767484,3.307702,6.341541,2.216839,0.009714059,0.08141382,0.2666911,0.1629865,0.5602343,1.548883,0.4451361,0.02990469,1.690467,1.393873,0.01063542,0.09444003,2.629074,0.08681493,0.146386,0.02180302,0.1150119,0.3961919,1.428912,0.09451946,2.954962,0.870011,0.372147,3.363847,0.05564506,0.4850482,0.2341541,0.03143765,0.1501986,0.005397935,4.038814,0.07976321,0.15417,0.01196982,0.01578237,0.04406672
"SA028",3.351758,10.29019,0.03067847,0.00475,0.9144543,0.6611393,0.1134956,0.05789086,0.004825959,0.09056047,0.008657817,0.2714571,0.04638643,0.009778761,0.2318584,0.0259587,0.2566372,12.78761,0.06074484,0.03699853,0.8171091,2.749885,0.1495624,6.569937,0.7345309,0.07353982,0.9519423,0.01808997,0.03773599,1.84554,0.01522861,27.19177,0.626593,0.1481959,0.05509587,0.09483776,1.068018,0.01392599,2.283186,0.1073852,2.643943,0.1390855,0.001692478,0.01370206,6.709658,0.1799478,0.01883481,10.71549,0.02814897,1.421091,0.04730088,15.86059,0.04163717,0.04988201,0.03570796,0.4322125,0,0.002230088,0.3575221,3.30109,0.3852295,0.005190265,0.03865044,0.6592968,0.01500737,0.08178466,0.03645018,4.481806,0.02914454,0.3488408,0.006713127,0.1168279,0.02595133,0.06222714,36.68049,0.4581606,0.05278024,0.3723323,0.02359896,0.007000737,0.007165192,0.06688162,1.115461,0.4836481,0.07920354,0.01188053,0.0008348083,0.2195609,0.1811761,0.6832489,0.626593,0.7647781,0.01765487,0.1553097,0.394749,0.001882006,37.38676,0.03066372,5.10177,0.03007375,0.1310472,1.021386,0.1417319,0.09941003,0.09646018,0.02115044,0.005485251,2.521112,2.095808,0.0693536,0.09660767,0.01039086,1.526485,0.02140855,0.02260324,0.1705015,0.0464233,0.01665192,0.03313422,0.009240413,0.8051589,3.542146,7.485251,1.028024,0.0145354,0.1100295,0.2865039,0.0239528,0.3196684,0.9238446,0.6038692,0.02275811,0.2740673,1.62905,0.01283923,0.1387906,1.672041,0.09756637,0.2661504,0.01582596,0.08429204,0.449716,0.8421829,0.09764012,3.16444,0.8849992,0.6236757,0.1675111,0.1156303,0.5565791,0.09911504,0.03370207,0.2485988,0.001855457,4.12406,0.06990634,0.01261799,0.009454277,0.01511799,0.02518437
"SA029",8.185787,11.53772,0.1003534,0.5084806,0.8975265,2.209556,0.6331272,0.1028269,0.01339223,0.5765018,0.0169788,0.8345865,0.145053,0.01186396,0.4386926,0.05900177,1.628975,68.21555,0.109364,0.105212,2.777385,4.550085,0.5255882,2.961436,2.354354,0.3116608,0.3606597,0.02051237,0.3079505,12.79651,0.02387809,28.54717,0.8855203,0.1611448,0.09416961,0.1556537,1.300024,0.03189425,2.045936,0.1756245,2.002425,0.2928445,0.001745583,0.01318905,12.92991,0.2325491,0.04615724,5.078826,0.02641343,0.5278269,0.05308304,27.91657,0.07877208,0.05431979,0.09010601,0.8804269,0.06333922,0.06189929,0.3517668,3.613873,1.579918,0.006402827,0.04737633,3.543536,0.01790636,0.09478799,0.05544506,6.444337,0.01720848,0.5059423,0.009275618,0.2988115,0.02817138,0.02976148,16.52923,0.9044385,0.07353357,0.7361145,0.02561242,0.0169523,0.01370141,0.5292263,2.272617,1.728353,0.09699647,0.01215548,0.0007859541,0.2733447,0.2830463,0.1845501,0.8855203,0.5942275,0.01382509,0.05310071,5.07155,0.001345406,34.41669,0.03940813,5.375442,0.06535336,0.1340989,1.798587,0.5173417,0.1448763,0.09487633,0.07451413,0.007686396,1.925055,3.492602,0.06657773,0.1154594,0.01391343,4.683483,0.04894876,0.02131625,0.3805654,0.04041519,0.03629859,0.009478799,0.009681979,0.6796022,4.736842,15.16784,4.147527,0.03753534,0.1605124,0.3815183,0.1025618,1.314577,2.832889,1.245937,0.0469258,4.077128,2.427844,0.007085689,0.2081272,3.373757,0.1013251,0.3113074,0.01431095,0.1818905,0.8799418,0.5240283,0.2062721,7.300509,1.803299,0.7028862,0.2558816,0.04491875,0.8821247,0.1426678,0.04189046,0.08446113,0.003206714,6.563182,0.1102838,0.03687279,0.01425795,0.01719965,0.07808304
"SA030",21.45953,20.19204,0.09327273,0.05707273,2.637273,2.285048,0.1908182,0.07314545,0.01554545,0.2140909,0.005449091,0.07747599,0.3908182,0.008223636,0.7349091,0.1068182,0.3349091,35.33636,0.4059091,0.097,5.238182,4.315501,0.2555007,0.3004115,2.973937,0.08575455,0.3283951,0.02356364,0.06599091,6.378601,0.02506364,259.0398,1.187929,0.1358573,0.05956364,0.1608182,0.6855967,0.05253772,1.943636,0.175144,3.890261,0.1796364,0.002958182,0.01933636,23.48422,9.069959,0.006761818,3.163237,0.06439091,0.04871818,0.04648182,20.83676,0.116,0.08943636,0.1383636,0.7956104,0,0.04578182,0.5238182,17.70919,0.5133059,0.006568182,0.0489,2.478738,0.01517273,0.1242727,0.0757476,9.058985,0.004279091,0.7404664,0.008940909,0.2271331,0.02220909,0.009088182,6.414266,2.178052,0.09481818,0.2089986,0.05017833,0.01617273,0.01448182,0.4801097,2.699314,3.478738,0.1336364,0.02011818,1.552727,0.3903978,0.376406,0.09750343,1.187929,1.262277,0.01728182,1.016364,9.914952,0.002435455,128.4225,0.03082727,5.815455,0.0482,0.1656364,3.219091,0.770096,0.608,0.08969091,0.145,0.008569091,1.771468,4.91358,0.1020302,0.1396364,0.02044545,5.75583,0.03663636,0.01481818,0.5486364,0.05861818,0.03415455,0.1165455,0.02108182,4.943759,9.160494,30.7,4.435455,0.03252727,0.1173636,0.6241427,0.1889091,0.9635117,2.400823,1.309191,0.03476364,3.547325,3.851852,0.001218182,0.156,9.989026,0.09981818,0.3540909,0.01906364,0.1142727,0.7292181,0.2395455,0.1330909,5.03155,6.148148,0.9116598,0.2574486,0.5300412,1.248834,1.899091,0.04013636,0.02869091,0.008791818,11.37997,0.1821674,0.1389091,0.016,0.01907273,0.04347273
"SA031",2.564075,5.205362,0.04723963,0.04845893,1.188823,1.615013,0.5342083,0.1022015,0.01093141,0.211685,0.01707875,0.2327078,0.06832345,0.01481795,0.1773074,0.02282811,2.534293,42.99746,0.0554276,0.1221846,1.780694,1.897051,0.4334584,2.739946,1.039893,0.09974598,0.1551743,0.01514818,0.2154107,4.012869,0.02382727,21.35121,0.3845576,0.1400536,0.07684166,0.1627434,0.6398928,0.01380161,2.010161,0.07895979,1.087399,0.1245555,0.001673158,0.005263336,2.616622,0.6334584,0.04385267,3.563539,0.07969517,0.1899238,0.050779,11.60322,0.02523285,0.03816257,0.142591,0.6935121,0.001156647,0.1514818,0.4130398,3.115282,0.03423056,0.004221846,0.03377646,1.235389,0.01374259,0.05623201,0.02106166,2.899732,0.03485182,0.2639142,0.00954276,0.1682574,0.03098222,0.04517358,14.29491,0.3320107,0.07640135,0.4159786,0.0235067,0.008014395,0.007970364,0.24,0.5853083,1.136729,0.0911939,0.008298899,0.00103895,0.110134,0.1841287,0.3966756,0.3845576,0.4421448,0.01490262,0.1419983,0.9684718,0.002074513,21.6622,0.03216765,5.691787,0.1027096,0.1552921,0.9703641,0.1080965,0.1292972,0.05461473,0.0554276,0.005353091,2.56622,1.814477,0.05580697,0.1172735,0.01518205,2.156568,0.03315834,0.01921253,0.3750212,0.02580864,0.03680779,0.02287892,0.007281118,0.4425737,1.823056,9.102456,3.392887,0.02962743,0.1387807,0.4613405,0.07204911,0.5295442,1.391957,0.2531903,0.05240474,0.4644504,1.293298,0.008327688,0.1596105,2.23378,0.05234547,0.01494496,0.005104996,0.1580864,0.6120107,0.7904318,0.1137172,4.549062,0.9914209,0.3891689,0.1443432,0.1735121,0.5779088,1.082134,0.04497883,0.141829,0.0009652837,3.062735,0.05654692,0.2110076,0.01027096,0.01259949,0.04143946
"SA032",8.481797,12.26698,0.04444444,0.03768376,1.739316,3.157759,0.5905983,0.09076923,0.0104359,0.2230769,0.01882906,0.5163956,0.07474359,0.01388034,0.1961538,0.03815385,3.466667,39.03419,0.0685641,0.1178632,1.71453,4.221534,1.043377,3.983992,2.454944,0.1303419,0.436096,0.01524786,0.207265,6.937774,0.0245812,45.08133,1.18332,0.3374645,0.1130769,0.1626496,2.379293,0.02889233,2.017949,0.2410018,3.963336,0.1144444,0.00274188,0.01638462,9.919959,2.437645,0.02647863,11.47689,0.06168376,0.115641,0.06000855,25.77588,0.01878632,0.04897436,0.1205983,1.552285,0,0.08417949,0.4235043,4.144074,0.1493416,0.003976068,0.03411111,2.343661,0.01576068,0.08167521,0.0375936,10.50865,0.02935043,0.5843016,0.009076923,0.2672347,0.04350427,0.02335043,30.13168,0.6855151,0.07494017,0.8843274,0.04848954,0.00625641,0.005519658,0.3560547,1.043377,1.589207,0.08476923,0.00828547,0.0005396581,0.2548412,0.5081332,0.906016,1.18332,1.40408,0.01015385,0.1135043,2.744642,0.001571795,55.28014,0.02545299,5.532479,0.08104274,0.1528205,1.328205,0.373354,0.1283761,0.05899145,0.03732479,0.006017949,6.248386,3.557965,0.08931061,0.1105128,0.01437607,5.10457,0.03307692,0.01522222,0.4397436,0.03538462,0.03198291,0.05286325,0.008423077,0.747999,4.113091,11.78632,3.331624,0.0244188,0.1268376,0.5262071,0.06866667,1.193907,3.201652,0.9610121,0.04895726,1.597211,2.935709,0.008476923,0.1629915,3.922024,0.05709402,0.01229915,0.003923932,0.1529915,1.689904,0.8280342,0.1074359,10.24271,2.138652,1.041312,0.3273948,0.6581461,1.213271,0.1035043,0.04496581,0.1421368,0.001094017,7.041053,0.146424,0.1951282,0.01303419,0.01335897,0.03707692
"SA033",5.123714,8.865776,0.05115385,0.2299451,1.085165,1.399168,0.1232601,0.1034799,0.01345238,0.2284799,0.01257326,0.2162251,0.107967,0.01229853,0.1803114,0.026163,1.257326,42.92125,0.06870879,0.09304029,1.852564,3.41143,2.032844,10.7598,0.3015108,0.0281685,0.2423911,0.0152381,0.0497619,11.75389,0.01932234,27.41406,0.8745347,0.1544121,0.03054945,0.1225275,1.114298,0.02616597,2.092491,0.08040289,5.533173,0.2152015,0.002574176,0.009441392,2.003722,1.288592,0.009826007,5.26166,0.07767399,0.2012821,0.09551282,20.86271,0.02820513,0.06089744,0.09395604,1.525509,0.000499359,0.007577839,0.6622711,2.581563,0.4225969,0.0041337,0.03061355,2.958178,0.01869048,0.1096154,0.01739654,7.51697,0.01945971,0.4604773,0.01077839,0.2305671,0.03289377,0.02855311,17.73155,0.6047734,0.07797619,0.8524195,0.04313554,0.02755495,0.02497253,1.410773,3.956646,6.155025,0.08767399,0.01122711,0.0007084249,0.2237793,0.2741406,2.224655,0.8745347,1.038756,0.01980769,0.153022,1.797022,0.003873626,32.86621,0.02862637,5.248168,0.03645604,0.2044872,1.126374,0.2072476,0.1574176,0.05265568,0.04457875,0.005538462,1.295161,2.853076,0.1162689,0.1735348,0.009331502,3.188088,0.03174908,0.02661172,0.3514652,0.05047619,0.04615385,0.02127289,0.01299451,0.936501,2.48303,10.93407,3.96337,0.02509158,0.1901099,0.439457,0.07561355,0.1744252,0.3744252,0.3288811,0.06075092,1.933217,2.229034,0.004945055,0.2307692,1.745347,0.05141941,0.04282967,0.007836081,0.2089744,0.5068973,1.254579,0.2297619,6.584191,1.629516,0.6899496,0.2213707,4.120867,1.175608,0.1567766,0.03844322,0.08233516,0.001157509,4.946354,0.1191154,0.1255495,0.0118956,0.01544872,0.06450549
"SA034",5.647569,17.43014,0.07022998,0.05417376,1.103066,1.67411,0.3721465,0.1392675,0.01431005,0.2965077,0.03865417,0.4042363,0.07672061,0.01192504,0.1640545,0.04158433,3.166951,67.06133,0.07011925,0.09548552,0.3971039,2.254689,0.9475565,1.275233,7.532219,0.1830494,0.2239377,0.01589438,0.152385,4.423887,0.0283816,17.99158,0.5431925,0.1315554,0.03625213,0.170954,0.7108587,0.02169197,1.441227,0.07820595,1.34235,0.1236797,1.027257,0.02333901,9.78946,0.06822764,0.009412266,4.027051,0.0457155,0.1405451,0.1080068,13.65318,0.05903748,0.05588586,0.009574106,1.36149,0,0.005294719,0.2364566,3.3865,1.413806,0.003968484,0.03236797,1.162562,0.01858603,0.05674617,0.03604696,3.007528,0.01567291,0.2641317,0.01029813,0.08874569,0.2475298,0.02427598,14.67398,0.4180171,0.06362862,0.4172515,0.01988006,0.00602385,0.005258092,0.2054358,0.65497,0.8490494,0.07474446,0.007356899,0.0005827939,0.121424,0.1925482,1.046191,0.5431925,0.332908,0.02247019,0.1569847,1.301518,0.002186542,23.38905,0.02237649,4.719761,0.05607325,0.1339012,1.301533,0.4014291,0.09173765,0.05607325,0.0601448,0.004830494,1.161286,1.778742,0.1887202,0.09199319,0.01105622,2.000766,0.02342419,0.02613288,0.766184,0.02297274,0.03022998,0.05888416,0.01238501,0.6386372,5.581217,14.10562,4.723169,0.03093697,0.1526405,0.3581728,0.02115843,2.566033,6.214113,2.844201,0.04106474,0.1670282,1.32321,0.009378194,0.2034923,8.823529,0.05620102,0.004102215,0.004988927,0.1343271,0.4044915,1.327087,0.1005111,3.631492,0.9624856,0.3933903,0.1531198,0.0538599,0.5077198,0.09957411,0.04073254,0.1525554,0.000911414,3.146612,0.08342478,0.09429302,0.01656729,0.01351789,0.04193356
"SA035",8.323476,17.43403,0.06441882,0.04615314,1.314576,2.625114,0.5857011,0.1666052,0.01371771,0.3143911,0.008421587,1.511829,0.06607011,0.01128229,0.1513838,0.04226015,3.972325,67.41697,0.03676199,0.1390221,2.098708,4.792994,1.573703,2.88899,5.043221,0.1327491,0.4090082,0.02045203,0.325369,3.892175,0.02717712,37.85259,0.8939945,0.2677434,0.03385609,0.1717712,1.154004,0.01717015,1.553506,0.1480437,14.52684,0.2204797,0.0009797048,0.01755535,13.20974,0.06207916,0.05842251,6.894904,0.06689114,0.2143911,0.1913284,29.70883,0.06392989,0.03052583,0.0009575646,1.443813,0.0009584871,0.006667897,0.3379151,4.686078,0.1077798,0.005308118,0.0426845,2.570519,0.01957565,0.06087638,0.05291174,26.43312,0.01553506,0.4972702,0.01019373,0.175273,0.06196494,0.03845018,24.29481,0.422657,0.07345018,0.9333485,0.01828025,0.005610701,0.005313653,0.1329845,0.5505005,0.2456779,0.1093173,0.02293358,0.001043358,0.2916288,0.3175614,0.2121474,0.8939945,0.8544131,0.01770295,0.09953875,0.3089172,0.002564576,40.05914,0.02392989,5.853321,0.05473247,0.1964945,1.244465,0.5516379,0.08798893,0.06821956,0.03486162,0.008801661,3.462238,4.074158,0.08182439,0.1338561,0.01196494,2.795723,0.02829336,0.02644834,0.4765683,0.02659594,0.02215867,0.02278598,0.01650369,0.9404004,7.936761,14.47417,4.654059,0.02592251,0.1658672,0.517061,0.006317343,3.011829,6.237489,1.747953,0.04567343,0.2545496,2.550045,0.01071956,0.2369926,8.562329,0.0695203,0.009081181,0.004880074,0.1557196,0.88899,0.7342251,0.1820111,6.317106,2.042084,0.8114195,0.2647862,0.03000455,0.7379436,0.1597786,0.04530443,0.122048,0.0009806273,6.151046,0.06815287,0.06336716,0.01552583,0.01575646,0.02642989
"SA036",4.407633,15.92897,0.05624465,0.01033362,0.8793841,1.242513,0.2903336,0.1210436,0.009469632,0.1799829,0.00621728,0.2372118,0.03314799,0.01122327,0.1947819,0.02942686,3.135158,34.33704,0.04729683,0.07283148,0.1707442,2.528492,0.2687517,3.2229,2.801484,0.07559453,0.7386695,0.02380667,0.08922156,2.516565,0.02440547,17.0819,0.5087464,0.2019613,0.03619333,0.1546621,0.8501193,0.0167506,1.746792,0.08301087,0.5023854,0.3257485,0.00746621,0.0114799,4.830374,3.025444,0.01123182,5.597668,0.02534645,0.0591018,0.02389222,14.96157,0.02575706,0.1335329,0.06656116,0.8461437,0,0.01183062,0.3151411,3.536973,0.02186589,0.006948674,0.04101796,0.8393851,0.01719418,0.1413174,0.0261463,1.704214,0.05448246,0.3155314,0.00812917,0.07524516,0.02102652,0.06542344,26.13305,0.4092234,0.06349872,0.2961834,0.01388815,0.01234388,0.01132592,0.3453485,1.077127,1.48423,0.08597092,0.0176219,0,0.2304532,0.1765174,0.3991519,0.5087464,0.4514975,0.0136698,0.0899059,2.839915,0.0009136014,24.94037,0.04244654,5.517536,0.03820359,0.111805,1.025663,0.2406573,0.2777588,0.08597092,0.01644996,0.007275449,3.540949,1.808905,0.06696263,0.08011976,0.02026518,2.134906,0.05473909,0.01698888,0.3459367,0.05016253,0.0212917,0.02011121,0.01274594,0.3196395,4.606414,10.08554,3.510693,0.02130026,0.248503,0.1730718,0.04867408,0.9073681,3.330241,0.9147893,0.02660393,2.264776,1.424596,0.0111805,0.3400342,5.109992,0.09332763,0.0482207,0.004273738,0.1151411,0.6009807,0.136698,0.1082977,3.112908,0.7445004,0.4537503,0.157832,0.120713,0.3699973,0.08288281,0.054645,0.2284859,0.0007348161,4.924463,0.1037371,0.009281437,0.01476476,0.02027374,0.02978614
"SA037",2.256994819,5.233160622,0.024934334,0.011838649,1.323639775,0.672020725,0.174390244,0.100093809,0.009652908,0.147467167,0.008017824,0.169015544,0.065290807,0.012833021,0.149437148,0.028011257,1.556285178,28.742964353,0.057701689,0.083536585,1.987804878,1.870466321,0.680518135,2.043523316,0.342487047,0.031022514,0.136373057,0.021500938,0.087476548,4.52642487,0.049915572,11.689119171,0.416062176,0.093626943,0.042054409,0.351876173,0.632331606,0.017668394,2.124765478,0.053274611,0.481554404,0.156660413,0.002725141,0.009251407,3.492227979,0.819689119,0.01315197,2.320207254,0.075947467,0.407786116,0.088302064,12.507772021,0.059774859,0.033592871,0.046163227,0.443212435,0.010300188,0.004512195,0.459662289,1.479792746,0.021668394,0.00664728,0.042054409,1.283937824,0.021641651,0.174577861,0.018124352,1.813471503,0.017786116,0.30746114,0.009167917,0.062279793,0.051547842,0.033461538,9.066321244,0.221865285,0.092195122,0.435440415,0.013823834,0.004963415,0.004954972,0.175336788,0.332435233,0.845803109,0.102532833,0.024090056,0.001248593,0.153367876,0.148704663,0.173471503,0.416062176,0.505699482,0.017795497,0.12467167,1.820725389,0.003551595,13.409326425,0.057054409,6.090994371,0.31641651,0.198123827,0.955909944,0.095098446,0.172889306,0.068893058,0.06869606,0.008312383,1.277720207,1.569948187,0.058124352,0.148592871,0.012542214,1.52642487,0.02750469,0.021022514,0.306285178,0.066791745,0.035834897,0.009953096,0.014512195,0.469637306,1.61865285,10.290806754,3.03564728,0.026022514,0.126172608,0.264870466,0.058414634,0.220103627,0.454818653,0.274093264,0.059615385,1.219689119,1.506735751,0.006842402,0.164915572,1.352331606,0.069643527,0.014512195,0.010666041,0.234990619,0.320829016,1.254221388,0.147748593,3.522279793,0.822694301,0.308290155,0.121968912,0.091854922,0.362487047,0.149530957,0.043733583,0.112570356,0.001054409,3.063212435,0.034549223,0.0580394,0.012288931,0.01836773,0.060966229
"SA038",10.75157,26.43789,0.08736749,0.5446113,1.868375,3.960851,0.7651943,0.134894,0.01841873,0.5041519,0.02009717,0.2566457,0.1204064,0.008939929,0.2522968,0.05675795,4.462898,75.4682,0.08443463,0.1560954,2.585689,4.028516,1.676172,4.835669,11.06573,0.2208481,0.500725,0.01782686,0.4522085,9.581924,0.02537102,44.65926,0.7049299,0.3363944,0.04758834,0.1461131,0.9342678,0.01777912,1.29417,0.1539391,9.241179,0.1962014,0.002126325,0.010053,19.12276,4.432093,0.008187279,7.469792,0.04290636,0.2140459,0.1208481,25.27791,0.02566254,0.04030035,0.03736749,1.774045,0,0.008709364,0.3284452,6.449976,0.1264379,0.006371908,0.03149293,1.725471,0.02109541,0.05966431,0.06365394,12.30788,0.01565371,0.4504592,0.009178445,0.2074432,0.02031802,0.05080389,31.63364,0.738521,0.06166078,0.6493475,0.03627356,0.0219523,0.02137809,0.6077815,4.441759,3.57419,0.08064488,0.0179417,0.0007622792,0.2709038,0.2960367,5.176414,0.7049299,1.224505,0.01637809,0.1539753,3.131948,0.003150177,49.54084,0.01636926,4.437279,0.02792403,0.1860424,1.288869,1.151764,0.1295053,0.05689046,0.04883392,0.005976148,1.605123,3.38811,0.1011358,0.1006184,0.007818905,2.834703,0.01719081,0.03458481,0.7459364,0.01962014,0.017447,0.02913428,0.007407244,0.6476559,10.42533,16.81979,5.260601,0.02262367,0.1946113,0.5691155,0.04614841,6.38956,12.77912,3.250362,0.04070671,2.064766,2.433543,0.01251767,0.2636926,15.55341,0.05729682,0.1508834,0.02324205,0.1243816,0.6072982,0.6867491,0.1196996,6.099565,1.909135,0.740696,0.3576607,1.298453,0.8139198,0.1702297,0.04023852,0.1774735,0.000905477,5.920735,0.1034074,0.05542403,0.0140371,0.01401943,0.04563604
"SA039",4.780036,74.09313,0.06199443,0.04217996,1.397032,5.703627,0.3792208,0.1312616,0.01371058,0.2761596,0.005743043,0.9421147,0.06509276,0.01152134,0.1356215,0.03663265,3.083488,60.6308,0.05280148,0.1533395,1.799629,5.857988,0.9614098,10.32158,17.64857,0.1242115,0.2863391,0.01937848,0.1621521,10.42192,0.02061224,26.67867,0.8636481,0.4229483,0.0525974,0.122449,1.128119,0.07836378,2.612245,0.172601,11.5822,0.2353432,0.002634508,0.00725603,20.50939,3.344482,0.007832096,2.081554,0.06636364,0.3288497,0.1099258,44.94469,0.0340538,0.04260668,0.01761596,0.6686391,8.633581e-05,0.03399814,0.5141929,11.07023,0.253769,0.005606679,0.03103896,1.987908,0.022282,0.1021336,0.06995112,11.51531,0.01397959,0.5086185,0.009768089,0.228248,0.0304731,0.0341744,11.38925,0.7910985,0.08714286,0.9192179,0.03040906,0.01350649,0.01230056,0.2894263,2.56779,0.4597376,0.09758813,0.01461967,0.001002783,0.253769,0.3624904,0.3789555,0.8636481,1.177,0.02162338,0.1684601,7.604837,0.002808905,29.86879,0.0345269,5.734694,0.04558442,0.1621521,0.9564007,1.678415,0.1077922,0.06428571,0.03427644,0.005426716,1.951891,4.322099,0.3262156,0.1237477,0.009443414,3.17983,0.02450835,0.03198516,0.5623377,0.03684601,0.03365492,0.02090909,0.00890538,0.7921276,17.04142,12.22635,5.179963,0.03347866,0.2205937,0.4780036,0.03115955,5.307435,18.46411,4.939542,0.03877551,1.415488,2.405711,0.008589981,0.3112245,24.76203,0.06608534,0.02423933,0.009879406,0.1229128,0.9765886,0.8160482,0.1276438,9.320813,2.675585,0.4497041,0.2409056,0.4646257,0.8188835,0.1606679,0.03805195,0.108256,0.001190167,4.754309,0.1325958,0.03020408,0.01112245,0.01564935,0.06827458
"SA040",7.185965,13.75673,0.07123491,0.2461467,1.81337,3.908772,0.6502321,0.1081708,0.01295265,0.3155989,0.001868152,0.4874854,0.06548747,0.01134633,0.1411328,0.0405571,2.743733,62.89694,0.04921077,0.1499536,1.65831,4.245614,1.700819,3.433918,6.498246,0.19935,0.4294737,0.02012071,0.2011142,7.188304,0.02653668,35.22807,0.7415205,0.2247018,0.1153203,0.1668524,1.475088,0.0157848,1.984215,0.1993684,3.410526,0.1497679,0.002545032,0.009814299,8.528655,0.04900585,0.004264624,6.62924,0.03611885,0.1437326,0.0601857,26.26901,0.07890436,0.0485701,0.001881151,1.393684,0.05716806,0.004238626,0.3064067,5.2,0.09534503,0.005854225,0.03448468,2.081404,0.02559889,0.03410399,0.03740351,7.28655,0.03406685,0.4909942,0.008358403,0.1957193,0.04770659,0.02194986,24.09357,0.6928655,0.09188487,0.9534503,0.04481871,0.01068709,0.01078923,0.156655,1.30924,0.3326316,0.1033426,0.008660167,0.0005705664,0.2505263,0.3454971,0.3083041,0.7415205,0.779883,0.02747447,0.1233983,1.38386,0.002012071,37.07602,0.01479109,5.855153,0.06891365,0.1923863,0.9244197,0.3922807,0.09832869,0.0614299,0.03150418,0.007737233,1.271345,3.773099,0.08154386,0.1071495,0.01185701,3.473684,0.01849582,0.04431755,0.6688022,0.014039,0.01822655,0.008030641,0.009480037,0.7368421,5.511111,12.62767,5.520891,0.02337047,0.2377902,0.4959064,0.00385701,1.763743,6.416374,2.318596,0.04289694,1.375205,2.444444,0.008843083,0.352182,8.376608,0.06579387,0.02922934,0.003878366,0.1272981,1.021754,0.6490251,0.1289694,7.026901,1.562573,0.7279532,0.1889825,0.05010526,1.117661,0.109935,0.04583101,0.1485608,0.0006470752,7.476023,0.07045614,0.1259053,0.01482823,0.01576602,0.04274838
