"sample_id","nitrosobenzene","Fumaric acid","3-Hydroxy-4,5-dimethyl-2(5H)-furanone","6E-Octene-2,4-diynoic acid","2-Amino-Vinyl-Phosphate","cis-4-Carboxymethylenebut-2-en-4-olide.2","L-Homocysteine sulfonic acid","Aesculetin","D-Glucose","(-)-Loliolide;Loliolide","oxyfenamate","5-[(E)-2-carboxylatovinyl]-6-keto-pyran-2-carboxylate","4-(Butoxymethyl)-2-methoxyphenol","etanidazole","Threoninyl-Proline","3-Hydroxy-3-carboxymethyl-adipic acid","(5-oxo-2-sulfo-2,5-dihydrofuran-2-yl)acetic acid","Isokobusone","S-(2-Sulfoethyl)-L-cysteine","MINEs-83999","benzylglucosinolate aglycone","Pyridoxamine 5'-phosphate","Hydroxynalidixic acid","4-(benzofuran-2-yl)dithiazole-5-thione","3-ethyl-5-[(5-methyl-2-thiophenyl)methylidene]-2-sulfanylidene-4-imidazolidinone","Pyrraline","Dihydromaleimide beta-D-glucoside","Indirubin;Couroupitine B;Indigo red;Indigopurpurin","(2S,3S,4R)-3,4,4',7-Tetrahydroxyflavan","Euparvic acid;(-)-Euparvic acid","1-(4'-Carboxybutyl)-3,7-dimethylxanthin","Oleic acid...38","xanthurenic acid 8-O-sulfate","3-[[5-(2-cyanoethylthio)-2-methyl-1,3-dithiol-4-yl]thio]propionitrile","Chrysoeriol","6alpha-Hydroxymaackiain","Castillene B","5-[(carbamimidoylthio)methyl]-2-(3-methylbutoxy)benzoic acid methyl ester","D-ribose 5-diphosphate","Aflatoxin B2","Terezine B","Melophlin H","Glyceollin II","N(2)-carboxyethyl-2'-deoxyguanosine","Isopropyl apiosylglucoside","5-Amino-6-(5'-phosphoribitylamino)uracil","5,4'-Dihydroxy-3,3'-dimethoxy-6:7-methylenedioxyflavone","Dalpalatin","5,9-tetracosadienoic acid","7,8-Dihydrooxepinodihydroquercetin","CT2108B","7-O-acetylsalutaridinol","(2S,3S)-3-[[(2E)-2-(2-aminothiazol-4-yl)-2-methyloximino-acetyl]amino]-2-formyl-4-keto-azetidine-1-sulfonic acid","Isariotin E;(-)-Isariotin E","10-epi-Olguine","Ergosta-4,6,8(14),22-tetraen-3-one","Myriaporone 1;(+)-Myriaporone 1","2-hydroxy-N-[[4-[(1-methyl-2-imidazolyl)thio]-3-nitrophenyl]methylideneamino]benzamide","(3S,4aS,8aS)-2-[(2R,3S)-3-amino-2-hydroxy-4-phenylbutyl]-N-tert-butyldecahydroisoquinoline-3-carboxamide","comazaphilone A","Aklavinone","Scoparic Acid B","Heteroflavanone C","Forasartan","Wortmannin","3-[[cyclopentyl-[[1-(phenylmethyl)-5-tetrazolyl]methyl]amino]methyl]-8-methyl-1H-quinolin-2-one","Strongylophorin 8","chaxalactin A, (rel)-","Austalide J","Olivoretin D; Olivoretine D; Teleocidin","(11Z,14Z)-eicosadienoylcarnitine","Allura red AC","Tyromycic acid","UNPD43147","Docarpamine","Degradation-Product","(4beta,5beta,6beta,14beta,15alpha,20S,22R)-5,6-Epoxy-4,14,15-trihydroxy-1-oxowitha-2,24-dienolide","Vernoguinosterol","Fexofenadine","PG(18:4(6Z,9Z,12Z,15Z)/0:0)","MINEs-377584","(-)-Epothilone E;Epothilone E","14,15-HxA3-D(11S)","Cucurbitacin P","2-phthalimidoethyl N-[4-(2-cyano-4-nitrophenylazo)phenyl]-N-methyl-??-alaninate","Antibiotic UK 2C;UK 2C","dTDP-D-olivose","Taumycin B;(+)-Taumycin B","Cepafungin I","Plectranthol B;(-)-Plectranthol B","Isolimocitrol 3-glucoside","Limocitrol 3-glucoside","Euphornin A","Plukenetione C;(+)-Plukenetione C","N-[(2S,3S)-5-[(2R)-1-hydroxypropan-2-yl]-3-methyl-2-[[methyl(pyridin-4-ylmethyl)amino]methyl]-6-oxo-2,3,4,7-tetrahydro-1,5-benzoxazonin-9-yl]-3-(4-morpholinyl)propanamide","1,2-dibutyryl-sn-glycero-3-phospho-(1'D-myo-inositol-5'-phosphate)(3-)","Notoginsenoside R10","LSM-21503","Gypsophilin","3-O-(H2O3P)-beta-D-Glcp-(1->4)-[alpha-L-Rhap-(1->2)]-beta-D-Galp","Irinotecan","Isowertin 2''-rhamnoside","MINEs-424010","Renieramycin N;(-)-Renieramycin N","Delphinine","2-[(9S,11R)-epidioxy-(15S)-hydroperoxy-(5Z,13E)-prostadienoyl]-sn-glycero-3- phosphocholine","Uvarigrin;(+)-Uvarigrin","(3aR,10bR)-5-[2-(benzenesulfonyl)ethyl]-2-[4-(3-hydroxypropoxy)phenyl]-3a-(phenylmethyl)-6,10b-dihydrooxazolo[4,5-d][2]benzazepin-4-one","3-[[2-[2-[2-(2-aminoethylamino)ethylamino]ethylamino]ethylamino]methyl]-2-[2-[[2-[2-[2-(2-aminoethylamino)ethylamino]ethylamino]ethylamino]methyl]-3-isopropyl-cyclopropoxy]-4-methyl-pentane-1,4-diol","Antibiotic M 230B;Megovalicin B;Myxovirescin B","1-palmitoyl-2-capryloyl-sn-glycero-3-phosphocholine","Cycloaspeptide D","UNPD51025","UNPD197360","Eryloside R;(-)-Eryloside R","3-O-Decanoyl-16-O-acetylisoiridogermanal","PG(P-16:0/14:1(9Z)).2","AssayType...127","Dimethyl sulfoxide","4,5-Dihydro-2-methylthiazole","(S)-2-Azetidinecarboxylic acid","Cytosine","2-Hydroxy-3-methylbutyric acid","3-Phenyl-2-propenenitrile","Mevalonolactone","MINEs-6341","L-thioproline","2-Ethyl-3,5-dimethylpyrazine","N-Acetylcadaverine","2-Aminoheptanoate","DL-2-Aminooctanoic acid","2-cyanocinnamic acid","(5S)-5-(carboxymethyl)-L-proline","Swainsonine;(-)-Swainsonine","N-(hydroxymethyl)phthalimide","(R)-Salsolinol","Antibiotic FR 31564;FR 31564;Fosmidomycin","Diethyldithiophosphate","(4s)-2-[(1e)-1-Aminoprop-1-Enyl]-4,5-Dihydro-1,3-Thiazole-4-Carboxylic Acid","N1-Acetylspermidine","Antipyrine","N6,N6,N6-Trimethyl-L-lysine","Kynurenic acid","Varenicline","Pantothenic acid","Paracetamol sulfate","Homocarnosine","2-amino-5-ethyl-4-(2-furanyl)-6-propyl-3-pyridinecarbonitrile.1","Dioxolamycin","(S)-Abscisic acid","Isoretrohoustine","Estradiol","Amines, C16-22-alkyl","4-[1-hydroxy-2-(4-phenylbutan-2-ylamino)propyl]phenol","(R)-Trichostatin A;TSA;Trichostatin A","1-[(5-Amino-5-carboxypentyl)amino]-1-deoxyfructose","Pretazettine","Isoderrone;5,7-Dihydroxy-6'',6''-dimethylpyrano[2'',3'':4',3']isoflavone","1-(1,3-benzodioxol-5-yl)-2,3,4,9-tetrahydro-1H-pyrido[3,4-b]indole-3-carboxylic acid","N-[5-(1-naphthylmethyl)-1,3-thiazol-2-yl]cyclohexanecarboxamide","Sphingosine 1-phosphate (d16:1-P)","Penicilloic acid","chola-4,6-dien-24-oic acid","MG(18:1(9Z)/0:0/0:0)","UNPD11986","Tephcalostan D","4-Phosphopantothenoylcysteine","12'-hydroxygymnastatin N","marineosin A","Leukotriene E3","alpha-Tocopherol acetate","LSM-10168","pristinamycin IIA","1-Stearoylglycerophosphoserine","N-[(4E,8E)-1,3-dihydroxyoctadeca-4,8-dien-2-yl]hexadecanamide","1-O-[(9S,10R)-epoxystearoyl]-sn-glycero-3-phosphocholine","1-[(3S,9R,10S)-9-[(dimethylamino)methyl]-12-[(2S)-1-hydroxypropan-2-yl]-3,10-dimethyl-13-oxo-2,8-dioxa-12-azabicyclo[12.4.0]octadeca-1(14),15,17-trien-16-yl]-3-phenylurea","alpha-D-Galactopyranuronosyl-(1->4)-alpha-D-galactopyranuronosyl-(1->4)-D-galacturonic acid","Manumycin A","Cycloposine","MINEs-413482","13-epi-Phaeophorbide a;Pheophorbide a'","MINEs-428508","Alstiphyllanine D;(-)-Alstiphyllanine D","DG(18:3(9Z,12Z,15Z)/18:3(9Z,12Z,15Z)/0:0)","MINEs-439478","N-tetracosanoylphytosphingosine","UNPD9163","furanomycin","5-diazodithiane-3,4-quinone","6-hydroxythieno[3,2-c]dithiol-5-one","Bergaptol","5-Sulfoxymethylfurfural","Amifostine","Hydroxykynurenine","Carnosine","6-hydroxy-6,7-dihydro-5~{H}-[1,3]dithiolo[4,5-b][1,4]dithiepin-2-one","Palmitoleic acid","2-methoxy-N-(5-thiophen-2-yl-1,3,4-thiadiazol-2-yl)acetamide","Nigrospoxydon C;(+)-Nigrospoxydon C","Pseudolaroside A","[2-keto-5-(phosphonomethyl)-1,3-dithiol-4-yl]methylphosphonic acid.1","Rutacridone","Praziquantel","MINEs-170825","Teucrol;3',4'-Dihdyroxy-beta-phenylethyl caffeate","Lesquerolic acid","MINEs-188661","N-desethyloxybutynin","DIBOA-Glc","Oxyphencyclimine","Prostaglandin E2","DIMBOA-Glc","(14~{E})-12-hydroxy-3-mercapto-12-thioxo-2,4,7,11,13,16-hexaoxa-3$l^{5},12$l^{5}-diphosphatricyclo[13.3.0.0^{6,10}]octadeca-1(18),6(10),8,14-tetraene 3-oxide","dCDP","alpha-eudesmol (2-xylopyranoside 2-acetate)","Nevskin","2,4-Dihydroxy-7,8-dimethoxy-2H-1,4-benzoxazin-3(4H)-one 2-glucoside","Deoxypyridinoline","propionyl-AMP","CPA(18:1(9Z)/0:0)","Simvastatin","Glucoerucin","N-[5-(1H-benzimidazol-2-ylmethylidene)-4-oxo-2-sulfanylidene-3-thiazolidinyl]-4-methylbenzenesulfonamide","Ononin","Patulodin","3-[[5-[[5-(4-carboxyphenyl)-2-furanyl]methylidene]-4-oxo-2-thiazolyl]amino]benzoic acid","C00051327","Phlebotrichin","Tirofiban","Phebestin","7-oxoglycolithocholate","L-Linalool 3-[xylosyl-(1->6)-glucoside]","Trichurusin C","Antibiotic SF 733;Dekamycin IV;Hetangmycin;NSC 138925;Ribostamycin;SF 733;Vistamycin","Antibiotic KW 1062;Antibiotic XK 62-2;DE 020;Gentamicin C2b;KW 1062;Micronomicin;Sagamicin;Santemycin;XK 62-2","Soyasapogenol A","7-epi-Hydroxystaurosporine;UCN 02","Vardenafil","Bacilosarcin A;(-)-Bacilosarcin A","Patuletin 7-galactoside","Musabalbisiane A","(3R)-Deoxypumiloside;3(R)-Deoxypumiloside;Deoxypumiloside","1-palmitoyl-sn-glycero-3-phosphoserine(1-)","1-[(4S,7S,8R)-8-methoxy-4,7,10-trimethyl-11-oxo-5-(2-pyridinylmethyl)-2-oxa-5,10-diazabicyclo[10.4.0]hexadeca-1(12),13,15-trien-14-yl]-3-propylurea","Cucurbitacin S","11-Hydroxyprogesterone 11-glucuronide","Mortonin D;(3alpha,4beta,6alpha,6abeta,7beta,10alpha,10aalpha)-10-Tetramethyl-6,7-bis(benzoyloxy)octahydro-10-hydroxy-3,4,6a 3H-3,10a-epoxy-1H-2-benzoxocin-1-one","Ajugalide B","20-hydroxy,24-hydroxymethyl ecdysone","Caseamembrol A","5-(4-morpholinylsulfonyl)-2-(1-piperidinyl)benzoic acid [2-[[(3-methylbutylamino)-oxomethyl]amino]-2-oxoethyl] ester","Withangulatin A","Abelioside B","4',5-Dihydroxy-3,3'-dimethoxy-6,7-methylenedioxyflavone 4'-glucuronide","Pyrophaeophorbide a","LSM-8684","FAHFA(16:1(9Z)/12-O-18:0)","Epirubicin","PS(20:5(5Z,8Z,11Z,14Z,17Z)/0:0)","N-[(2S,3S)-2-[[cyclopropylmethyl(methyl)amino]methyl]-5-[(2S)-1-hydroxypropan-2-yl]-3-methyl-6-oxo-2,3,4,7-tetrahydro-1,5-benzoxazonin-9-yl]-2-(1-methyl-3-indolyl)acetamide","Cymarin","Antibiotic BU 2867TC;BU 2867TC;Glidobactin C","LysoPC(20:1(11Z))","Cer(d16:2(4E,6E)/18:1(9Z)(2OH))","Simmondsin 2'-ferulate","Saframycin D","Saframycin S","Cucurbitacin E","Khekadaengoside K","N-[(5S,6R,9R)-8-[cyclohexyl(oxo)methyl]-5-methoxy-3,6,9-trimethyl-2-oxo-11-oxa-3,8-diazabicyclo[10.4.0]hexadeca-1(12),13,15-trien-14-yl]-3-methoxybenzamide","Monodictyochrome A","Okaramine B","Decuroside III","Hypochoeroside F","Tetrahydrofolyl-[Glu](2)","Angeloylzygadenine","Collettiside I","dihydro-alpha-ergocryptine","Biliverdin","Epicandicandiol 7beta-acetate 18-palmitate","Lactonamycin Z","Ubiquinone 6","Zizybeoside II","Astaxanthin","Buxakashmiramine","FO 1289B;Pyripyropene B","UNPD162004","MINEs-429730","5,6-Dihydroxylutein; FAB-EBEB; MS2; m/z","N-(hexadecanoyl)-deoxysphing-4-enine-1-sulfonate","Dahuribirin F","[[(2R,3S,4R,5R)-5-(2-amino-6-keto-3H-purin-9-yl)-3,4-dihydroxy-tetrahydrofuran-2-yl]methoxy-oxido-phosphoryl] [(2R,3R,4R,5S,6R)-3-ammonio-4,5-dihydroxy-6-methylol-tetrahydropyran-2-yl] phosphate","Caseamembrin D","MK 800-62F1","6-Hydroxyluteolin 7-[4''-(3-hydroxy-3-methylglutaryl)glucoside]","Rutin","manidipine","C00051486","Spumigin C","pentadecanoic acid [(1~{S})-1-(15-acetamidopentadecoxymethoxymethyl)-2-hydroxy-ethyl] ester","Chondramide C","APC","bafilomycin A1","MINEs-442821","Brassica napus non-fluorescent chlorophyll catabolite 3","alpha-D-Xyl-(1->3)-beta-D-GlcA-(1->3)-alpha-D-Xyl-(1->3)-beta-D-GlcA","Quercetin 3-(4''-acetylrhamnoside) 7-rhamnoside","CMP-pseudaminate","UNPD196090","UNPD74917","3-methoxy-4-hydroxy-5-all-trans-heptaprenylbenzoic acid","2-ammonio-5-[[1-[[[2-[(4-ammonio-4-carboxylato-butanoyl)amino]-3-(carboxylatomethylamino)-3-keto-propyl]trisulfanyl]methyl]-2-(carboxylatomethylamino)-2-hydroxy-ethyl]amino]-5-keto-valerate","PA(P-16:0/18:4(6Z,9Z,12Z,15Z))","caseargrewiin B","Antibiotic 250-144C","Ixerin Q;(-)-Ixerin Q","Cimicifugoside","PE-Cer(d14:1(4E)/20:0(2OH))","Rubiarboside A","4-({2-[(3-{2-[2-(acetyloxy)propan-2-yl]-7-oxo-2H,3H,7H-furo[3,2-g]chromen-6-yl}-1-hydroxy-3-methylbutan-2-yl)sulfanyl]-1-[(carboxymethyl)-C-hydroxycarbonimidoyl]ethyl}-C-hydroxycarbonimidoyl)-2-aminobutanoic acid","N-(2-hydroxyhexacosanoyl)-15-methylhexadecasphing-4-enine","Myricanol 5-laminaribioside","6-{[(1R,16S)-5,7-dihydroxy-8,8,10,12,16-pentamethyl-3-[1-(2-methyl-1,3-thiazol-4-yl)prop-1-en-2-yl]-9-oxo-17-oxa-4-azabicyclo[14.1.0]heptadec-4-en-11-yl]oxy}-3,4,5-trihydroxyoxane-2-carboxylic acid","1-O-alpha-D-glucopyranosyl-(2-tetradecanoyloxy)-eicosan-1-ol"
"TM60_13",5110,603,1845,3893,444,488,169,31166,5101,759,15593,2162,925,1698,892,13438,853,0,1129,63,813,31036,31232,871,2188,7364,1784,570,921,2548,1389,3288,281,1770,1604,1604,42420,528,126,14384,9892,27165,231,173,289,574,1532,1384,256,6268,1963,618,1186,1613,3338,0,10889,250,88,1666,157193,157037,54,360,70,597,229970,1582,46581,13628,3202,1576,857,6138,5450,132777,41722,1344,36663,3357,615,356,2852,1213,28545,7394,15597,1947,9507,427,268,268,1473,2641,7502,2581,47615,18414,188,1037,4380,97671,142,824,641,703,0,17035,6206,210,210,1297,3304,2598,5193,44883,70,"HILIC_neg",126,1329,36880,3173,7196,23220,14426,6019,7451,1864,13349,12718,4477,7350,10948,1045,18,56469,2244,2260,3305,4271,1743,8051,8051,4744,5830,3798,889,2778,708,688,703,480,76144,1241,386,13931,12027,9930,7714,2505,1686,176,4671,4671,108,130,1412,4302,3366,659,6290,13559,1592,3023,1038,1995,6785,58795,57806,2250,232,2414,2088,1863,1321,2697,116,34744,13361,143811,2469,18,7630,4778,6202,152,47526,564,8068,2612,2453,25463,25792,8290,1788,29,15032,10834,812,2260,2118,12532,39995,603,436,11477,4106,46167,454,229,345,2187,4223,1592,119431,3239,4590,335,270523,46715,17436,7293,22302,240,356,2881,17124,407211,2403,70859,79209,17434,16888,32739,2835,36862,57176,13896,2016,4073,13672,8694,46834,229585,150218,4857,281,324,16856,11699,17885,64164,1256,7014,1418,2086,100884,21888,121247,23272,8536,3067,7735,42344,448776,16692,2844,11356,772,26585,14431,10292,25900,1914,19023,18728,273,8169,2996,663002,45283,37930,6078,7528,7919,226,29293,1936,3115,1447,14328,340967,22089,1890,3508,7364,3598,1267,1587,8058,2072,10337,5761,5761,1623,65203,21671,4926,6072,4059,7439,1132,3760,1546,2381
"TM54_14",149,115,39,0,42,694,613,39,375,39,475,76,37,9275,0,303,39,38,0,32,515,787508,788016,115,115,0,142,79,1243,42,42,0,50,37,0,0,9892,54,28,11607,4121,20268,0,105,86,0,0,0,85,264,39,36,147,27,0,782,203,86,37,44,11106,5856,25,0,0,0,100,150,149,416,60,37,37,40,0,173,1115,219,36,0,0,43,313,209,0,33,37,68,211,0,76,76,60,49,0,483,0,1962,0,74,0,618,0,0,27,39,0,39,155,39,0,43,0,86,0,0,0,"HILIC_neg",0,120,202,85,149,136,3822,212,165,82,77,1111,881,572,841,125,23,459,196,955,601,41,18,72,72,112,23,111,36,74,191,33,41,379,123,0,18,815,7166,98,349,128,360,116,59,59,54,18,18,264,664,54,18,18,54,18,18,27,23,20,407,18,0,23,63,18,0,0,0,18,331,1185,223,8868,128,1232,76,89,1912,96,129,607,180,511,1596,196,617,597,3952,3952,60,287,358,402,2525,956,1135,1481,144,146,72,254,348,52,45,18,663,40,614,66,2937,297,1003,63,284,179,155,54,767,6994,0,929,2965,100,204,208,36925,229,1036,858,74,177,199,342,834,1084,1296,387,18,23,329,338,64,261,25,4462,0,3447,876,365,325,66,73,54,115,1906,10557,373,171,851,18,162,200,250,14599,0,108,130,83,454,201,2712,786,167,103,121,1150,18,686,41,118,568,5103,624,412,130,799,81,6327,1518,3167,106,2004,166,355,116,98,413,81,76,3863,207,3975,118,916,220,0
"TM48_14",303,112,112,0,30,948,165,115,392,39,197,37,121,2587,0,135,131,0,0,0,600,574368,575271,44,194,0,62,37,552,37,37,39,0,39,77,77,176193,25,80,7554,1816,67548,50,81,65,115,0,37,1103,215,71,36,63,19,137,2050,138,215,74,37,2332,1793,54,0,0,0,4495,118,0,413,206,94,109,48,33,74,7595,250,0,137,0,36,565,239,0,33,74,161,396,37,0,0,112,115,0,552,0,121,0,0,0,7058,0,0,0,26,0,77,171,37,0,0,0,398,0,31,55,"HILIC_neg",38,164,294,239,378,487,4117,66,72,18,23,820,998,472,737,145,54,270,348,1420,518,56,135,112,112,36,18,192,36,74,194,120,18,349,64,18,0,1022,3721,184,259,150,193,54,70,55,18,18,54,170,14,18,27,0,36,36,36,36,134,18,4513,72,0,36,36,0,18,18,0,0,414,1670,392,4088,102,1262,206,179,572,64,196,213,146,2996,5702,90,1253,564,1894,1237,78,461,58,222,9183,3532,1735,1821,79,215,38,642,483,31,24,36,832,54,3461,34,2887,1582,4270,18,360,136,151,41,36831,25524,35,979,181,322,203,243,55,265,1350,3743,187,95,77,474,1176,10966,747,165,20,18,7482,7480,28,23,54,3394,0,2285,3118,183,1276,58,77,18,154,7936,69902,429,177,3864,0,221,58,39,2062,0,1086,2199,40,275,272,4886,776,362,132,153,157,0,6112,1916,718,255,1825,242,2477,18,188,131,4475,904,1415,1039,211,208,1897,20,18,482,96,49,2816,53,2371,129,56,169,0
"TM42_14",154,118,39,0,40,1180,30,80,479,40,137,0,80,6974,0,258,41,0,40,133,677,2287,2812,80,80,0,110,0,1341,37,0,0,40,0,77,118,14490,28,92,6419,145,69628,40,62,155,130,40,40,145,213,91,0,169,177,40,1457,143,85,76,0,286,347,87,38,45,79,57,200,0,259,45,80,39,79,39,155,40,24,0,40,0,0,114,0,77,0,77,39,156,39,0,0,119,60,0,252,0,67,0,0,39,77,0,40,0,79,0,0,79,0,39,77,0,104,0,0,0,"HILIC_neg",0,56,200,101,420,1186,3969,197,117,18,148,1302,673,537,343,159,18,527,377,988,742,36,86,116,37,72,0,216,18,18,62,41,18,391,125,74,0,729,3236,161,410,252,180,44,58,36,23,41,36,169,1131,18,0,80,43,36,18,18,63,0,215,54,0,0,36,36,0,0,18,0,750,1412,1128,14778,157,4173,325,1217,627,152,64,3043,39,327,2869,187,1151,584,9661,9661,18,1220,47,24,2998,781,360,692,75,479,28,173,131,5,75,0,466,36,286,66,1561,288,1744,27,72,297,164,58,1678,2722,41,545,629,516,123,174,90,215,644,1339,57,53,85,264,279,2031,1947,259,0,18,456,456,151,108,36,2545,18,1354,304,306,1389,185,39,0,146,674,5205,181,71,1064,22,194,1227,1572,6221,0,215,196,54,63,96,1479,432,397,78,232,201,0,503,18,279,189,2478,305,199,87,186,83,3017,115,1609,237,139,52,336,18,40,183,340,22,1479,50,1731,37,321,212,0
"TM42_16",522,95,913,5430,54,3644,80,805,716,39,1521,848,74,529,1465,2163,410,0,0,123,477,14129,14360,1983,523,387,141,0,9210,42,42,0,299,39,281,281,9545,64,45,3750,431,8671,39,441,150,137,39,40,232,749,1018,40,1631,55,1046,599,478,510,26,75,1587,944,176,39,85,34,673,1079,37,1467,1931,153,89,1222,0,288,215,2032,234,0,37,0,935,417,0,33,41,1393,1258,29,39,39,2192,967,0,54,0,47,0,77,0,219,76,39,14193,494,39,39,900,39,39,2101,0,226,0,0,0,"HILIC_neg",74,295,592,460,2269,302,8141,478,275,4361,1899,1780,2788,961,2498,37,38,1543,3678,3037,479,18,2378,1023,907,152,179,355,64,767,222,970,72,391,88,74,0,1347,1457,1830,1494,2932,172,54,712,712,59,0,38,1331,221,1076,20,18,326,745,85,18,45,188,250,36,18,18,496,1618,98,18,36,54,1581,10296,417,9090,309,2406,381,577,3482,323,1194,670,439,149,1517,1159,9024,587,5215,5215,160,255,250,414,1754,1374,968,2154,144,407,89,395,373,165,117,100,654,56,438,186,2322,304,713,66,87,291,70,232,5156,3315,77,619,985,54,185,3460,754,158,1187,869,11385,322,100,1290,284,170,2018,1320,2061,18,2760,2760,65,105,18,276,0,2464,219,72,241,376,528,18,52,558,5338,188,443,540,0,658,719,924,710,18,54,78,127,1255,493,4776,450,686,677,149,946,0,342,280,320,1002,9583,125,329,1119,2498,92,315,239,36,129,220,38,186,165,172,465,232,72,784,1333,2854,39,4541,894,18
"TM36_13",274,164,111,37,103,772,440,247,879,0,1293,74,47,1008,72,810,40,0,0,48274,756306,7889,8899,0,26,39,38088,221,1857,46,36,115,37,0,395,395,18437,25,282,9488,1055,27258,36,232,9563,188,39,76,2262,576,119,36,455,10145,236,2362,1187,55,0,39,3585,2344,3091,74,74,69,996,490,115,1533,408,37,115,375,0,492,698,5031,334,0,36,0,10720,514,0,33,131,359,581,0,37,0,0,186,0,38,0,683,36,0,0,711,0,0,0,422,0,130,857,0,0,73,0,1868,0,31,36,"HILIC_neg",77,206,60,182,969,5457,4839,214,582,54,77,1640,4065,730,1023,19058,9132,1351,470,4134,4322,36,126,214,214,54,18,125,69,160,16285,166,40,60336,118,20,0,1153,36914,548,606,84,24505,25944,151,151,2042,4003,125,1972,5,18,31,54,197,116,0,20,0,0,471,0,0,0,98,18,56,0,0,36,708,3188,12898,61,260,7186,239,36,1607,56,328,41637,11,204,2437,885,1584,391,27802,27638,2178,25605,32,8930,1338,2036,2704,5902,541,665,21,402,817,16,18,85,1496,1329,368,0,3025,397,874,53,232,434,150,18,21229,4945,0,168,1586,52,139,3018,2514,618,1053,853,72,223,19,1951,565,651,1813,2787,18,18,12316,12316,107,222,67,636,0,54,31,105,205,397,713,18,162,1479,7587,304,3072,509,36,103,53,52,3497,0,99,108,18,973,217,9658,1721,776,1890,130,3553,0,299,1332,36,4530,61443,315,382,838,5782,54,184,117,18,110,108,68,472,18,72,1363,215,18,929,2358,4861,298,23607,154,0
"TM36_14",767,0,37,46,147,1648,63,447,2041,36,887,286,46,2422,0,1248,59,31,0,83,566,138364,139514,36,72,0,29,0,273,88,88,36,45,37,164,95,35179,0,0,3535,2431,35442,37,34,104,37,47,37,79,766,109,0,77,79,404,468,96,45,0,37,3937,2050,27,36,36,36,166,127,0,1214,507,292,258,742,0,36,675,321,0,34,0,0,74,143,0,0,0,197,1326,93,0,0,36,554,31,106,0,760,0,145,0,1590,36,0,0,76,0,36,638,0,0,40,0,201,0,0,0,"HILIC_neg",18,270,443,324,660,381,5918,482,152,18,154,2044,1616,813,1196,149,41,370,392,196,170,43,79,470,470,54,98,167,20,171,125,49,38,180,131,18,18,1846,1671,449,936,284,56,72,329,329,18,0,18,105,1405,72,38,18,89,202,38,0,23,0,1000,20,0,0,143,18,72,0,0,18,911,5025,390,6889,729,1019,306,18,1873,586,598,1301,44,10939,1339,622,254,186,3603,3867,20,155,98,18,3030,898,375,968,18,358,56,101,325,0,36,36,1323,63,1406,18,1037,283,1715,0,580,131,103,0,498,11456,36,835,520,173,61,132,54,449,271,2046,56,54,66,139,268,127,456,98,0,0,70,126,138,205,0,5102,0,756,296,66,71,78,5968,0,144,1273,11991,34,62,1758,36,327,1314,1409,3342,0,100,36,36,109,18,1389,94,116,58,65,232,0,543,23,120,1259,1089,467,1066,36,18,83,1509,169,91,162,83,18,644,0,20,305,101,63,733,35,875,36,54,18,0
"TM36_18",10697,0,39,776,173,19540,65,77917,9295,1708,24892,99,3196,118,130,66878,1335,67,2651,60,547,56085,56344,1376,3240,94431,145,1028,113,666,651,4166,39,11243,10000,10000,188544,57,314615,18524,142,348457,4732,39,213,152,7400,6739,109,11391,68,1981,358,188,20442,1681,29,28,617,6121,108,118,30,12763,37,1055,31,118,1443,22418,114,5307,3125,32144,491,744,7360,121,173,191,1488,281,58,119,0,0,3251,220,14919,1701,11124,11124,261,16860,0,30,0,4103,766,4972,0,9309,39,1444,61,179,3423,4012,10545,6332,6332,204,0,1283,37,0,40,"HILIC_neg",77,4013,619,10662,262,282,4953,21156,5546,667,54,22227,2228,23248,799,54,18,34285,1027,211,190,126,3887,34057,77794,5326,28760,4698,2523,89,382,458,4918,536,305,181,1832,11558,158,272,20335,683,38,77,29333,41558,18,0,9068,59,20,181,387,249,2829,102,4492,1206,687,54,8403,1710,27,0,3625,272,4122,18,304,18,28572,360962,446,371,83,420,255,0,66940,22506,22549,1309,3212,5124,7739,12381,406,1645,8515,8757,3413,911,426,35794,16255,2511,595,12864,7278,1706,575,216,184,8976,7789,3694,5014,8056,3239,4344,35030,9200,7913,14030,193,288,103,31121,201,150498,3162,1841,771,2116,327,1832,134,1969,10408,6329,5843,1174,199,10345,20299,146270,6186,601,305,4890,211,656,175,532,4260,95,42476,77,34301,560,12988,214,18,39454,339,15795,282717,3555,40,5973,4484,825,2668,3873,68,4367,11403,5228,34,373,3587,259591,4348,1943,81,992,63,1684,412,32,56,113,589,291,9702,791,18,161,85,18,0,1500,22,2296,3317,1287,85,28005,1334,430,59,35,2053,69,215,54,68587
"TM30_20",153,0,105,33,24,699,187,72,330,34,284,131,0,4289,34,453,0,30,56,34,496,69826,70931,66,70,0,182,69,324,99,132,69,71,0,110,110,181,37,137,247,2093,8418,33,964,118,51,94,119,87,137,37,0,65,59,39,18468,786,48,0,69,171,183,37,0,34,0,128,34,0,685,184,0,132,74,0,0,0,121,0,0,34,24,70,70,0,0,34,33,206,33,0,0,34,0,0,27,0,24,0,103,0,0,34,0,0,69,0,0,171,33,33,39,58,0,0,0,33,"HILIC_neg",0,74,111,116,240,172,2157,120,259,36,0,426,890,208,316,87,63,59,153,203,234,0,18,83,83,18,45,363,18,76,124,58,0,82,42,0,18,819,804,450,276,149,110,41,36,36,18,41,0,56,69,36,36,0,83,269,0,27,0,0,0,0,20,0,36,0,18,0,0,0,1164,1534,1669,4498,596,4447,831,703,1562,109,213,1699,295,286,1017,258,2319,3348,3820,3820,721,1095,2173,417,407,9012,6983,1515,77,227,96,2930,1287,85,144,102,157,92,197,59,229,623,475,87,87,368,568,0,1561,351,36,308,395,313,186,325,94,184,311,354,35,98,81,425,205,0,108,159,35,18,303,313,36,65,36,329,0,491,54,54,36,130,172,18,151,89,130,72,125,202,18,54,40,70,709,41,54,41,79,97,179,220,133,39,141,35,108,0,68,74,158,91,1846,311,151,18,112,23,1231,31,880,86,1454,0,82,107,84,20,54,23,659,0,522,58,63,71,18
"TM30_22",295,34,164,0,140,1133,110,159,664,36,366,145,67,469,34,418,72,0,36,85,1469,1244,1896,70,173,107,136,60,2037,134,67,106,35,0,70,70,3281,20,24941,2011,547,2950,36,60,159,75,45,45,90,264,67,35,299,172,193,2636,138,40,35,34,589,599,25,36,103,0,26,342,137,445,136,0,104,401,34,174,36,4780,34,34,0,0,30323,147,0,69,36,68,251,152,0,0,40,79,0,167,0,446,0,0,34,34,0,0,28,103,0,36,339,0,0,45,0,210,0,0,0,"HILIC_neg",18,45,369,36,523,126,3135,105,197,89,18,815,110,145,741,140,18,1448,355,291,107,51,239,65,65,45,18,206,18,286,580,127,54,134,18,55,18,772,1028,797,370,377,50,0,76,76,0,18,74,202,120,91,35,89,18,367,0,0,18,18,41,45,0,18,72,36,18,0,0,0,3219,2191,1671,70,90,900,733,63,859,60,208,410,169,244,1665,268,1462,1509,3353,3353,35,1770,184,126,1081,1764,1001,541,86,251,41,339,210,18,55,53,294,41,136,6310,4092,1187,451,94,163,242,149,0,3555,4137,20,626,1257,74,116,6615,166,198,1641,455,534,305,114,3266,377,703,1863,2754,18,23,1441,1441,137,240,262,81,0,42,349,211,496,277,284493,18,230,348,3543,321,613,282,36,208,197,198,1647,18,140,39,3574,2646,903,1979,204,308,384,100,887,18,72,95,9,3441,3398,330,280,483,1593,54,364,161,384,143,289,223,119,769,678,349,174,134,1113,2054,2481,36,1150,41,74
"T80_19",14337,1964,4732,1740,9855,137668,29,23179,13457,281,30667,5429,4878,969,499,36537,657,73,956,34,303,2124,2672,181,413,28699,201,1261,569,2593,16391,328,1382,1993,3700,3700,144366,14,60,27379,478,13646,2598,115,61,2807,1037,942,53,15602,5860,3105,592,88,12844,12664,28,129,886,2638,590,586,27,6521,527,1141,91,6202,74,35007,10012,3151,5153,20206,0,0,77,263,37,0,2132,1274,55,4522,0,88,77,6238,23246,2850,2330,2330,598,10226,37,0,37,48,1608,2868,0,0,1177,1667,0,4044,640,39,13562,1534,1534,763,0,2651,0,55,517,"HILIC_neg",509,2692,1178,3519,17675,186,37308,4843,154271,1273,6406,25328,30550,16430,19479,294,18,11875,1372,302,258,791,1611,9846,11643,1100,7411,2384,1100,3802,146,386,1143,300,103,134,435,13890,682,11416,17899,1583,121,18,7847,8890,18,34,3967,61,988,288,59,18,2654,2676,1430,18,116,1074,18,36,867,18,3577,654,1410,89,148,456,12604,154609,459,384,17625,2109,7738,18,36482,12877,12898,1273,2187,5968,7707,8548,293,2425,5654,2704,95,145,45,6461,15411,6439,10134,681,2629,3251,98,1740,3483,1960,3263,1771,41612,3361,1953,36,2977,528,6562,5511,1526,1471,1245,24019,748,3706,1314,732,1136,286,991,217,110,13983,1248,6784,18,54,112,284,833,1936,953,269,18,820,141,141,393,1558,822,4415,40975,366,291,163,1054,335,85,9181,3653,407,1200,515,121,5683,3052,285,559,809,296,499,170,54,20,256,40,1305,362,191,59,45,55,273,364,18,30,68,1608,301,193,35,496,110,679,43,761,77,61,51,3210,31,0,210,74,87,269,36,398,41,76,122,4882
"T80_20",387,37,183,0,417,1439,81,564,853,50,1444,154,74,9337,0,1875,39,36,0,121,434,88133,88774,25068,6346,803,204,73,805,110,73,0,0,74,176,176,1079,23,68,4027,586,4647,131,107,176,76,0,79,151,846,171,37,82,93,434,1611,56,254,36,43,221,256,55,186,0,37,222,410,0,1358,337,113,33,953,0,0,37,342,0,0,0,39,5326,214,0,72,0,241,1380,37,0,39,146,781,0,240,0,1045,0,39,0,0,0,0,28,146,55,0,805,39,39,46,0,313,0,0,0,"HILIC_neg",36,222,116,329,708,268,4669,179,199,32,36,1827,987,1192,1398,147,41,538,369,81,189,103,45,584,584,232,250,188,54,189,800,61,91,268,188,41,18,1542,18506,575,1184,418,464,25,491,491,36,18,98,2839,153,58,79,89,278,143,39,18,259,0,0,18,0,18,337,41,18,0,0,0,1230,6676,3603,4866,190,9259,416,0,3230,112,745,550,386,397,1288,825,1674,53,6834,6834,276,398,122,458,544,1013,1031,1831,105,361,207,230,457,96,1888,35,655,107,356,173,1015,348,497,138,210,158,107,84,2258,2098,44,841,377,84,254,538,160,345,558,364,216,575,139,1420,218,320,495,249,36,0,1240,1137,112,178,18,486,0,435,171,375,256,22,259,0,66,160,524,59,171,545,0,39,61,78,3895,0,110,73,117,630,197,1273,47,125,1022,123,1193,18,79,129,359,6593,1320,199,272,18,836,57,1240,978,1315,38,1121,64,214,122,160,71,66,36,1209,113,894,232,324,324,0
"T80_23",1408,0,437,271,687,2626,10665,939,1814,80,2111,826,161,375212,77,1740,480,0,74,295,1391,1250908,1252280,0,40,159,10730,123,4094,679,431,86,179,130,356,356,42172,145905,397,98432,23526,87732,88,568,605,195,162,80,1686,1329,773,74,299,1142,779,918,10398,1178,81,42,42028,22686,36,79,77,79,7561,388,3198,2872,1856,111,118,1098,1306,8735,2067,2080,2109,251,39,39,6379,468,2477,6317,256,945,2057,39,51,51,198,562,507,2250,2466,46360,37,84,118,2439,0,40,91,528,0,91,1770,82,82,258,72,782,223,173,0,"HILIC_neg",42,487,158,618,2753,45385,9022,315,3379,547,72,3499,2412,2037,3685,529,156,1155,750,1489,1503,167,106,1185,1185,1586,453,448,156,1603,3126,329,184,405,238,54,36,2354,22888,2423,1957,757,1007,139,967,967,107,23,208,7584,500,96,759,1249,398,989,164,152,659,836,863,246,27,37,444,179,72,54,0,724,1281,9812,1841,957,2897,8295,1634,335,6037,441,1789,11047,656,47220,12008,3722,1023,109,14848,14848,658,1497,402,1541,15893,761,766,8864,206,5608,425,311,219,650,392,893,12869,294,1714,301,33468,7829,8241,459,1553,877,192,1017,11433,33667,79,9409,9365,2369,1747,3141,3825,6535,12637,6982,2256,817,3055,4599,6423,15702,18376,3527,98,18,4770,3679,1845,5497,234,34565,18,5603,14327,4453,12205,3526,1415,237,2007,6207,24421,4201,1884,7462,122,2394,1232,1718,387576,24,3353,3799,324,3262,2993,15427,3470,6989,1634,1696,58500,32,3322,384,21595,6971,103873,3501,5170,3071,24748,1719,10898,1307,6151,1518,21359,2488,3251,1410,844,2898,4702,978,12126,7463,12363,2624,17167,16956,36
"T80_26",1417,161,13779,45838,371,2255,250,339,1017,36,1073,12843,37,647,7737,1035,36,0,88,97,376,4353,4937,89,89,165,171,33,312,1160,463,47,2297,72,113,113,230049,26,51,7868,11241,147759,0,127,118,997,42,37,1737,688,9918,104,6167,30,261,1344,177,64,34,68,16733,16748,47,37,2671,107,8846,2349,237,1806,20561,72,113,657,37,1949,326,1758,971,148,72,4386,35,1613,79,219,661,9794,1143,52,68,68,11981,270,31,716,256,269,0,55,0,1859,2902,0,57,1044,0,313,1155,0,0,9416,31,6295,0,94,1614,"HILIC_neg",0,247,7245,122,37633,160,67445,172,40,14917,462,1955,2678,753,48231,145,18,1244,14869,312,478,146,125,336,336,237,36,187,0,9429,170,4074,36,41,18,369,18,3052,1397,34774,770,15818,59,107,363,363,18,23,107,1356,0,3170,80,345,317,8262,107,0,89,268,1269,36,2829,0,223,13048,125,0,0,116,993,5565,589,9466,5706,1203,1685,143,2110,251,836,629,311,909,3668,814,525,218,5061,1645,503,309,144,393,12284,560,741,1936,110,806,49,336,113,63,129,46,1600,167,6528,89,6308,1092,6164,70,429,175,197,94,2470,6657,53,517,4552,382,862,2364,130,472,2069,5989,165,258,69,2617,2709,2825,6026,1077,18,18,1160,1160,189,499,19,463,0,0,834,1159,2793,1269,118,0,254,1609,19738,573,261,4855,31,146,156,150,2300,18,213,414,54,68,183,21145,1631,1849,571,314,1153,36,594,284,56,970,3152,427,621,680,416,350,208,115,18,265,54,259,2421,23,23,3474,1320,210,304,996,2922,41,1451,167,18
"T80_27",4195,1174,3395,13241,1341,4700,26,7404,5749,143,7150,4408,782,427,2902,5588,602,215,283,25,453,2015,2251,844,1018,2969,142,181,730,701,384,609,905,127,356,356,286908,81,54,145886,132,99500,72,25,126,2224,72,72,1085,3950,4371,426,2689,82,1459,1487,399,124,69,876,34638,34675,29,187,419,103,49109,5023,2515,8821,7464,282,1427,2044,246,10956,14456,733,3189,241,223,1089,141,3178,2034,727,1350,5145,5849,1025,36,36,4390,1296,348,28,2008,1123,153,542,243,14294,691,225,25,2487,0,3194,4210,0,0,4071,31,4883,171,434,581,"HILIC_neg",313,774,62218,1481,13905,43,26746,2680,9031,4987,8052,11851,21185,2513,18772,64,38,5846,5495,117,64,251,206,3447,3447,286,2232,3189,518,4150,161,1659,225,79,18,2322,170,15061,329,18670,3661,5119,69,18,2520,2520,18,0,1176,112,44,1243,935,1663,825,5419,464,110,483,2927,11915,441,1004,206,1210,3685,422,250,0,1984,4289,47162,22218,5486,5399,1155,4544,0,13031,5866,5625,441,1764,141046,205076,4051,1149,782,467,467,123,115,117,1193,27724,4577,1160,890,377,2175,32,278,315,336,2266,135,8469,747,9573,39,34078,4790,13798,924,2081,492,109,1496,438,48699,159,4620,9883,1158,2160,1552,118,3325,9096,10383,177,107,1491,2270,5537,11531,17697,507,27,353,242,191,1775,4047,54,349,700,43,5715,2451,7514,2812,62,389,640,7128,104766,2854,193,9070,18,2338,1009,1042,423,0,1068,5148,45,403,85,126783,5989,5325,1077,1278,315,36,1009,122,54,1151,612,1128,3563,45,106,957,65,79,36,904,150,1736,4955,18,0,12711,3787,526,87,241,563,23,307,242,80
"T80_30",129907,49575,152963,11821,3007,1479,101,85296,45438,4235,224250,74808,60153,100,2591,323455,5930,4169,2789,80,334,2300,2478,2184,6713,18666,38,56714,363,2688,28361,3859,8626,89003,19013,19013,793424,2553,32,8734,1305,2219489,687,53,109,23268,8001,7426,218,95330,39887,14137,3018,61,68502,57114,75,19,9302,17278,5352,6187,29,970,16777,42361,13448,47746,3588,179313,77909,9296,20038,107108,2902,13548,23183,1158,1664,3017,75220,31406,67,24146,591,3045,2721,35994,96243,7764,48479,48479,3987,42074,789,98,844,190,9370,13366,118,108441,17473,45781,28,13938,285,22832,49891,21992,21992,3321,201,1129,471,1252,7834,"HILIC_neg",10719,34458,289676,55190,267355,2096,438706,25697,515441,7700,110814,86019,89933,147423,144046,138,13,65270,6328,70,275,1637,16165,134908,72847,568,11337,18232,3013,17281,232,2079,7109,544,76,3155,538,17494,199,34223,97455,5095,18,74,72521,72521,36,37,1678,66,1528,1471,979,1819,10488,3810,7156,1801,3295,823,60784,1127,5882,133,12048,3388,6508,259,2756,459,21095,257152,573,5124,14639,817,16223,36,54659,23295,23279,1503,3432,957130,52105,13424,217,491,896,3674,2111,724,31,18683,169114,7101,43852,2556,6247,4942,45,694,9424,5783,3690,4138,16239,7587,19403,130,62932,10347,59255,12778,24730,2849,2928,155478,225,272830,1924,3734,3559,5142,981,489,40,6073,14934,53558,762,72,416,1115,34954,131883,23063,2227,60,2806,92,111,475,1915,4175,97,360380,18,27612,4190,22784,1019,83,28785,1274,53242,420515,5681,36,44221,39558,2295,581,506,213,4061,9600,16533,273,260,38,708449,56630,8096,391,1786,506,918,1502,118,2612,4995,772,464,19298,36,900,666,18,0,36,6959,23,3524,19482,27,36,74762,4791,1034,1000,54,70,36,152,158,26713
"T52_18",7763,0,64,145,64,2545,55,75342,7691,1219,23471,37,1920,54,143,56993,3000,31,1898,54,582,51074,51312,4001,11527,15464,27,833,28,469,282,13764,0,15225,4650,4650,170678,27,80,16428,1555,349926,443,27,58,36,7474,6816,103,11217,69,1646,275,40,15740,350,34,0,143,6566,30,30,0,243,188,937,878,110,4108,23380,133,3083,2233,25302,767,3483,85696,34,229,508,1496,144,3689,38,111,31,4320,104,12243,1199,2902,2902,31,10889,33,28,33,3311,645,6835,0,25813,107,1129,0,152,76,4663,7768,1781,1781,91,0,320,31,33,0,"HILIC_neg",18,2713,404,8624,279,153,3651,27497,3144,463,0,17749,2662,16472,728,78,89,45667,827,229,54,128,3214,22716,39178,3819,11761,3293,3104,18,125,217,1746,208,176,45,529,10347,108,237,13660,515,18,59,14879,8029,18,0,1386,117,0,90,606,563,2087,36,2112,1410,1031,98,20407,409,18,37,2532,143,1976,36,232,125,19386,253189,417,18,398,159,461,89,49121,20398,20416,378,2739,57715,6197,12647,152,1043,5055,5539,4007,593,128,19175,12328,789,1159,7730,6033,1260,214,230,195,6884,3807,3669,4007,7621,5206,2857,27410,6666,7366,11572,125,189,194,33658,215,113657,2316,626,582,1559,720,2413,36,1950,8683,5337,5378,1115,161,9594,16594,97321,3935,1690,386,3351,80,340,76,191,3993,18,49055,21,22558,398,7974,155,74,28995,473,13788,234942,482,114,5037,4332,412,91,91,54,3679,7035,4198,23,596,2685,224040,4327,1595,1784,589,33,914,173,18,18,29055,36,188,8301,682,50,66,53,36,18,901,141,1936,2559,751,38,23065,882,382,214,0,1555,57,18,63,31893
"T52_19",32314,5233,10641,18196,3042,10736,81,97602,21517,1057,72884,9955,16307,3251,3045,58233,917,0,2999,21,645,3797,4592,881,1976,115030,145,4608,231,2300,10861,3454,1709,5004,6084,6074,595458,273,83,81953,1716,163199,5948,0,311,6483,9078,8409,89,34976,8204,6185,3374,57,14895,26376,105,193,3324,8686,84707,88107,0,15360,1481,4276,405,12248,965,75811,14666,4338,7595,25681,82,9378,1655,801,2895,521,7666,3003,1087,9255,2199,724,829,8690,46963,3555,5838,5838,4732,11685,894,105,4106,536,2854,8017,378,1875,2116,5735,0,5691,3939,782,28527,3481,3471,3936,413,5790,846,778,1607,"HILIC_neg",1386,6904,31907,6656,39599,187,75051,15401,145822,6914,2395,42014,26931,43845,34704,122,32,25713,6228,318,308,808,2465,13964,28637,6597,24543,7194,1897,5698,295,1724,2300,388,88,550,1537,16918,4465,15672,46163,4823,91,18,10536,20140,0,18,9123,415,995,1426,163,1909,5502,3141,2718,54,664,3470,1402,366,1380,304,6802,2928,2640,559,910,1920,26834,331433,7856,5223,12105,1532,5164,36,56618,18510,18512,1297,3385,293700,9301,13143,244,3191,10368,2881,145,103,141,31108,57205,11485,21949,2169,5687,5602,0,2634,5893,5452,5974,4193,21042,9105,16265,112,15556,2211,23146,13212,6675,2683,1666,33431,1531,33044,2264,6914,23891,3145,4796,1606,141,7748,4495,20976,132,241,3168,2052,3529,9962,25749,378,36,3851,541,541,6076,14913,5724,1010,78492,329,5179,3299,19203,6688,171,35188,1985,5100,38674,1677,131,16741,6796,4048,4086,4086,1792,2505,775,1282,94,520,365,48139,3210,6934,401,1306,767,1418,6727,59,120,79,3009,5460,2738,117,206,2157,554,51,322,796,140,919,8301,107,59,5332,5251,624,932,390,713,89,1286,108,67807
"T52_22",7208,176,645,37,69,226,287,2618,815,39,922,678,43,22763,0,599,83,36,182,48672,749547,5899,7181,0,0,1186,35245,141,728,76,76,40,108,40,438,438,24014,163,443,44589,10771,29233,28,340,21706,429,34,34,725,733,678,39,61,15893,239,584,1654,77,40,40,8261,8222,3782,0,81,88,5677,977,958,1744,1639,131,33,395,365,1399,1268,24463,550,0,0,39,2135,1024,207,1021,590,971,1586,118,42,42,136,53,36,489,104,1202,0,40,0,1666,77,42,85,636,0,140,484,40,0,0,34,1105,0,107,0,"HILIC_neg",20,204,2084,242,2379,5968,7864,1136,989,36,72188,1292,3678,684,2807,6506,5981,2241,251,2479,3087,123,98,302,302,72,746,191,231,839,13677,100,56,58403,343,56,45,815,28103,1842,908,198,15963,23067,153,153,2094,4019,207,3198,759,38,340,232,229,527,54,18,708,781,862,59,0,20,223,18,18,18,0,469,4135,34583,1234,18,391,10108,698,41,8342,146,2348,123800,560,357,1840,5603,1400,244,27151,24906,2348,33412,686,8732,1724,540,334,58608,585,8566,90,335,222,202,472,316,12973,405,280,4332,15930,2663,714,2647,2406,91,137,714,66465,11680,168,1110,2734,246,283,29277,412,6851,4540,1263,213,255,247,26408,3603,7268,5237,22349,69,39,22351,22351,216,766,325,1006,0,301,2151,1419,2512,996,346,36,1802,1749,16530,1389,5081,918,543,717,398,398,4883,18,917,281,6565,7230,1717,21191,1706,2067,8363,150,5176,183,225,218,85,21654,46458,530,1355,1593,5278,284,905,404,53,318,1517,896,376,163,1501,3423,1447,182,2683,10379,4818,377,19276,1471,90
"T52_27",1187,198,1965,16135,242,873,34,9949,1299,261,10665,2198,67,177,2148,8366,598,0,283,33,489,1481,2096,271,826,3663,23,203,234,47,47,851,182,771,770,770,149358,0,79,18874,220,42438,74,27,40,183,187,152,192,4624,1493,107,2373,0,1645,176997,55,72,36,259,3312,3386,132,158,37,316,2270,559,1110,9397,2637,189,107,1655,252,5847,1711,226,1875,119,212,131,282,524,1405,419,940,1557,6285,36,37,57,2992,1040,103,50,1412,32,36,74,0,2835,72,240,0,289,0,0,4157,0,0,2472,66,1046,171,128,0,"HILIC_neg",116,1046,3080,2248,5289,96,13708,2860,92,5573,912,2024,920,4524,4956,36,18,4629,4934,213,291,128,1578,2571,2571,94,1255,598,426,1137,172,1301,137,264,0,158,98,2031,670,3183,4225,3711,54,18,1075,1075,18,18,194,200,1347,1049,538,861,794,939,157,160,163,1280,2024,1059,270,130,1187,2327,1049,134,54,1188,5920,57039,11356,11108,423,1593,454,0,14288,5430,5430,251,858,1130,18705,5273,427,18260,1062,1062,0,166,43,1416,3345,23383,38840,29,551,475,36,4042,7792,277,349,286,931,1181,1310,20,15001,2773,1625,873,214,2812,3018,4269,465,16407,169,2834,6543,328,1143,174,18,273,4705,1994,38,94,762,82,1096,3228,12095,71,51,18,360,360,978,3200,53,54,2402,0,1521,379,3209,2144,18,502,102,3312,23860,1303,94,1357,112,388,241,241,371,45,208,341,20,204,217,5542,685,3712,54,646,32,18,526,87,18,0,614,1242,1812,98,56,488,43,0,18,404,36,882,619,18,36,971,2610,439,98,65,929,36,301,0,72
"T52_28",7043,1342,2266,36,382,14374,51,11638,7558,349,29426,2573,2151,394,55,8249,1209,0,635,0,664,6510,7122,279,404,4061,75,1243,9658,2442,1089,821,447,429,895,900,39672,552,153,15455,4775,83488,131,339,254,1950,291,252,626,14772,2378,1432,82,54,2481,105,1387,283,246,262,1960,1949,1657,40,182,1030,524,3097,39,31801,4557,409,2329,3598,0,0,37,7004,34,0,1964,333,22544,3108,0,1923,74,2645,19431,1593,112,112,40,2192,0,554,0,1956,408,74,0,113,208,1190,28,1998,0,0,10327,0,0,74,0,1028,0,0,107,"HILIC_neg",425,2061,18218,2593,6184,386,14690,3433,3352,18,5158,13920,8572,13122,5807,91,63,5439,337,243,444,180,1244,3493,3493,161,2224,615,651,1339,350,78,255,373,83,250,18,9149,1076,4632,13361,281,125,18,2336,2336,210,41,277,804,825,0,83,18,2299,1354,406,53,143,36,255,35,206,72,2536,36,456,0,89,18,6418,70043,439,71,2207,7423,5695,36,17746,6205,6205,487,1074,799,649,5444,3667,265,8098,8098,603,568,104,2707,2548,973,558,3423,1278,4020,35,169,459,1119,5535,615,13872,1756,3128,166,3380,778,1155,3137,2495,94,79,4813,4819,4258,493,160,289,53,2611,4249,227,6329,1465,1042,515,943,39,5357,325,658,640,4045,3308,252,4796,4796,33,134,358,1047,2477,89,151,151,175,155,144,1160,1412,669,4534,390,4027,898,101,134,93,34,618,396,56,82,88,3171,384,8254,513,174,206,143,1965,131,352,323,148,8229,69254,264,340,154,1112,47,192,102,22,182,375,45,438,61,179,1044,61,114,193,2554,787,23,25514,3451,354
"T52_30",19138,3554,36600,2169,3807,232066,33,7003,19481,416,14468,26090,8902,124,350,19822,297,11592,176,61,545,684,1096,132,134,9260,147,311,420,1743,8541,40,4039,710,2388,2388,1167846,55,93,35677,268,581716,822,30,151,4886,319,249,202,8859,20511,4787,961,148,7824,1044,63,48,1855,168,20458,20519,111,1708,6166,312,46553,11080,4851,19203,38561,1695,7383,12088,2351,5503,11105,1857,1370,421,1016,12436,166,7009,161,307,766,19669,11937,3445,783,783,786,6934,156,30,340,180,1827,39,77,28863,8249,651,0,5789,0,9412,8663,391,391,989,195,1852,173,267,4063,"HILIC_neg",1523,2002,124634,3774,85070,281,149306,3390,74880,1731,44680,28021,25064,11416,69445,103,18,68029,1807,65,104,131,11442,9936,9063,268,1958,10024,456,10141,82,715,776,120,76,1738,33,17179,85,24325,11584,1565,147,54,6547,6547,0,0,440,189,1887,478,1479,1089,1947,4109,1079,2756,2051,1248,46285,1218,2871,456,2855,784,998,459,45,670,6819,72446,16282,6550,4457,83,6466,29,19135,6791,6796,691,1238,67337,37603,5508,249,798,1378,1519,197,291,18,2453,253420,1095,826,399,791,3865,2,6071,254,487,572,331,8211,1263,17988,88,74196,10487,83088,1520,4531,51,311,12192,99,171701,340,3209,3290,4439,1360,1151,0,3023,19503,77511,103,48,534,1576,31444,132185,14475,368,29,54,88,101,760,2568,91,44,12622,0,52617,6188,24551,1277,28,986,788,35985,363169,6398,18,60526,1253,3875,473,1249,46,1047,10095,5604,23,54,54,510338,22217,8429,328,1202,121,36,2633,46,40,942,107,759,11982,18,312,425,27,54,0,4092,53,3866,25052,0,36,51110,5167,823,38,0,116,18,198,60,352
"T52_31",5921,349,1751,10341,828,10518,32,46555,8087,1321,33456,2765,1140,276,2865,47228,2079,1080,1917,65,140,947,1253,744,1850,13220,28,1238,211,652,2165,2211,720,9139,2150,2150,225569,28,0,2359,74,62961,450,29,32,576,3856,3564,30,17989,2308,951,2434,0,9779,423954,93,21,136,322,2307,2335,23,292,155,1250,3923,2496,3345,41190,4896,1914,2164,14115,1059,8239,4855,30,2537,103,2805,272,63,1669,2308,586,702,3298,24270,1637,1562,1562,3875,7398,533,0,3472,0,329,194,156,15071,232,1721,0,897,182,806,15314,933,933,3342,103,1716,475,1809,39,"HILIC_neg",92,3028,1043,11073,8260,381,20076,13752,9310,6392,1977,13368,9139,17345,9794,56,23,30097,5771,69,93,165,1062,21548,21548,6556,7448,980,2199,2094,181,1597,1244,214,61,23,393,9675,141,6798,17239,4492,59,18,5998,5998,0,0,1489,96,930,1054,701,1188,2809,1587,883,163,244,13494,9201,168,283,152,3783,2725,1250,283,152,7653,12955,150494,17915,19325,1643,92,1176,18,30559,395,10677,323,1554,1603,1379,10297,576,39449,5006,1244,59,795,92,6615,6389,25585,65005,929,1314,1360,39,8976,10423,905,1400,5651,958,3272,253,72,34743,4867,2637,2778,319,1139,4929,7848,247,29381,752,5910,7595,491,1606,40,37,447,10152,2584,18,34,1207,345,3738,7886,17150,194,0,134,118,118,1958,7389,1089,0,6186,27,4356,1260,4503,2577,36,2230,379,9437,117458,4152,19,2435,4422,464,484,189,71,812,931,1480,18,36,36,37024,1973,5961,36,1127,73,156,688,0,0,469,245,3130,3585,18,43,891,18,21,18,2131,245,2574,1424,18,18,5950,4495,783,0,80,175,1,71,54,782
"T26_25",769,97,44,0,104,1792,0,1222,804,159,1578,37,39,457,39,3496,0,0,77,85,536,1471,1374,101,100,621,72,37,105,39,0,136,39,0,238,238,5971,30,32,339,90,12078,0,80,72,343,45,40,58,1153,39,39,189,57,1021,4667,53,19,39,58,844,884,0,116,0,58,113,330,0,2204,27,260,39,1698,0,0,494,195,39,0,77,37,0,177,0,0,5729,0,1533,77,39,0,148,714,0,0,0,153,57,40,0,367,0,0,0,369,40,77,1149,0,0,40,0,61,33,0,39,"HILIC_neg",80,336,215,1016,213,169,3253,662,536,125,0,1836,3598,1058,426,70,20,1272,345,64,202,72,273,1264,1264,125,322,146,112,36,134,91,83,384,77,36,18,1226,65,102,1203,360,93,17,542,542,36,36,36,34,1576,18,0,63,215,17,143,803,56,0,271,36,18,0,304,54,59,0,18,18,2526,22319,2952,7271,112,1016,169,18,6692,2066,2048,1198,228,754,1237,2024,359,2524,2595,2595,199,96,36,296,1319,4182,2405,865,18,341,141,1137,655,94,74,0,454,126,674,0,809,475,541,31,84,139,105,353,134,3356,18,673,49,89,56,2472,18,181,671,602,2888,1036,192,13090,267,1554,533,4342,0,0,64,64,62,45,18,77,107,72,235,20,241,151,72,0,76,651,4940,92,29,386,72,60,161,68,223,134,107,96,18,572,1778,9922,325,125,58,54,87,0,147,0,60,35203,98,229,303,18,153,54,51,36,0,44,103,35,27,0,31,1371,80,18,79,50,279,56,77,1259,0
"T26_26",1392,101,3293,2451,158,2436,154,729,1656,148,2060,4042,34,961,831,2595,4326,0,70,54,341,81535,81807,152,277,286,93,36,294,112,117,73,949,80,235,235,93863,54,24,5356,2459,27327,0,151,185,579,72,72,614,1413,4710,86,1178,51,1182,1507,192,45,33,590,3506,1465,51,70,551,0,4891,1235,107,2132,8989,518,498,1806,94,912,2302,633,125,0,34,1076,78,1231,0,61,532,4706,1805,240,34,34,1381,1247,0,322,45,930,40,346,0,2414,652,34,0,685,34,474,1780,0,0,1268,0,468,0,0,328,"HILIC_neg",18,203,863,398,11595,87,23775,558,235,1224,136,4403,895,1284,17279,80,18,1464,1336,245,1045,36,209,1145,1145,277,297,380,64,3676,30,588,64,97,81,15,36,5552,964,14150,1529,1386,260,40,1227,1227,18,0,148,1892,1133,352,107,117,372,4571,145,0,36,200,2091,54,714,0,443,761,349,18,0,36,1819,11839,2132,7930,1598,1023,517,54,4391,651,663,475,485,2154,2193,1117,1405,195,3104,2236,2623,980,139,831,5027,216,600,6455,23,637,122,111,184,343,96,54,833,110,608,58,5069,726,1982,96,177,61,151,77,429,14195,73,344,1709,67,221,1531,91,400,1946,2152,5608,212,92,897,1134,2042,2596,746,36,59,122,122,156,266,32,575,0,45,209,130,374,353,324,39,229,2133,33125,341,101,1535,0,289,892,986,7981,45,446,177,92,2695,520,31535,1737,712,450,143,3635,35,214,101,66,5663,3134,430,1760,686,1225,122,709,148,0,269,854,326,774,54,39,3938,402,155,2286,1740,5162,35,895,432,18
"T26_27",24256,2868,7269,45014,4732,4461,146,96825,18434,1510,59862,7758,11612,1406,7433,39130,2317,42,3021,25,372,4001,4633,4988,7807,20570,91,3426,535,413,122,8522,1334,16629,3821,3821,604922,0,51,13591,247,126183,378,0,71,3339,9246,8506,151,26766,5592,5179,6271,60,12344,112025,114,28,2531,4598,29852,29846,48,550,1170,3103,26678,8721,3598,58849,11120,3131,7791,20331,454,17442,2507,211,5808,194,5475,1812,153,5596,5306,1207,1672,6236,38628,3352,2167,2167,11333,10078,1465,54,5111,1219,2420,4220,395,4511,1107,4339,0,4175,108,717,23738,1168,1168,9090,681,2628,998,961,773,"HILIC_neg",464,3283,51897,11318,21343,314,41017,15086,1406,12085,16265,45898,7963,25425,31018,0,39,28263,11574,91,228,384,1236,36352,36352,891,15622,364,2296,5695,99,2841,2084,112,18,1776,922,39658,1477,23316,35258,8175,36,72,21793,21793,18,0,5100,282,1428,2318,773,2344,5308,5797,2143,107,828,3909,3880,313,1372,428,9020,5916,2350,819,365,3077,20437,243294,11857,9103,47343,748,11137,0,44352,19535,19537,223,2830,113990,5536,16574,235,10678,382,476,148,135,18,17733,23780,21207,45162,1066,5993,8522,66,3798,10433,5397,3177,4620,22169,9590,7992,23,42490,5805,8997,11173,6101,4059,3119,48528,453,37073,1773,5906,13481,1597,2742,1192,89,8861,10521,9729,39,89,2619,869,3777,12332,28159,344,63,2729,211,211,4506,9361,4491,119,91154,0,5994,1922,10645,4797,77,29361,2229,4939,37097,3266,73,7768,9469,2940,913,915,1897,2045,1114,1828,36,580,132,33896,2255,7360,127,1330,485,683,2685,44,30,246,1050,3343,3106,273,207,1181,46,83,51,1057,122,2104,4090,20,31,3657,5696,882,442,121,2031,18,454,22,29964
"T26_28",4158,185,2867,12405,2135,2265,51,35997,4941,1847,67219,3058,807,616,2804,63577,3169,466,1274,116,548,9286,8764,1294,2924,9653,273,4060,2949,630,426,1241,913,21359,5201,5196,108973,204,144,5536,15710,45373,450,96,405,924,2978,3304,871,33590,3165,476,2296,71,15848,2651,2338,398,63,2440,5524,5401,1989,276,192,4197,10684,1432,0,65513,6265,3001,1622,25306,0,191,2576,6620,69,0,9142,614,7988,1063,0,749,456,3622,41754,495,3277,3277,4139,14625,47,453,0,1539,54,2000,0,2059,305,6518,32,988,280,77,23619,2091,2091,3230,34,329,34,0,173,"HILIC_neg",45,6346,1335,14160,9407,370,20270,9169,10937,7643,1463,5759,10384,38027,9125,523,338,16125,6377,1077,297,101,3323,19556,24801,6089,4875,487,1410,1820,154,1675,1390,398,142,148,296,4822,2376,5806,34286,5201,297,110,14153,14153,18,55,945,1960,1240,1299,18,71,4558,1518,2009,18,18,54,1432,54,313,16,6037,3120,2000,0,626,89,12350,153776,737,6125,7581,7953,588,0,35592,14314,14442,2421,2919,989,2135,9536,3139,1717,16050,15306,1093,661,1094,10014,8545,973,921,4797,4038,1028,1753,357,282,3927,6992,1967,2398,4257,1512,1271,1885,256,3821,9027,1374,284,78,24228,2035,6784,2196,640,1069,272,413,17117,293,987,765,4677,311,3423,91,19109,986,1132,1545,12756,3383,1179,2044,2044,153,520,1221,995,48540,343,307,410,317,218,1302,8330,184,2524,20125,119,3331,4034,5392,662,112,122,4101,846,393,830,504,4008,1510,11538,927,470,6802,96,2630,457,180,284,223,9841,15048,1445,413,1408,4001,72,451,203,144,311,623,41,2243,198,266,2011,164,119,1388,3452,4050,102,6804,208,6671
"T26_29",3463,682,4988,6796,577,38208,36,112261,4208,1109,66148,5180,723,608,1664,28148,1902,31,3160,0,551,6185,6697,1405,4253,20715,61,4165,234,134,176,9335,1193,7076,2750,2759,609721,25,57,12712,260,130620,790,74,0,1306,10971,10528,0,35677,4170,341,1670,54,9174,24515,288,24,74,1794,16919,16914,48,769,676,3586,32754,2653,9686,78201,9228,1117,1384,13839,2049,31476,9935,80,11075,939,8176,1468,163,1934,10529,2496,6817,4958,39516,805,879,879,2777,7707,1185,72,9098,18,200,2283,499,19438,939,4291,51,1548,296,3490,20217,730,730,2427,1181,1713,2017,507,578,"HILIC_neg",199,3377,64365,10623,21569,105,41808,28022,8635,2833,5469,11844,19689,27559,32006,0,18,47450,3168,0,130,922,2450,10774,34904,940,28483,7046,3897,6574,17,1008,2193,36,43,2513,1298,13069,325,27915,32839,2538,74,18,13445,20998,0,0,7195,178,980,805,2392,5755,5057,6972,2228,1101,1496,12856,16341,812,1680,1332,7335,1940,3227,1924,282,7199,30471,352016,1848,7783,7534,889,9882,0,62850,13375,13418,475,2976,16705,15583,13253,420,5178,1136,957,267,724,118,36840,28762,5719,25933,2316,5228,13517,54,2162,4497,5197,4853,5173,29024,8133,2634,38,142492,17594,13830,10209,3548,2826,1747,8705,192,167321,2337,22431,36841,4469,7522,728,54,11866,31767,11586,69,63,4148,443,13303,38845,64448,415,36,4005,474,77,6261,20681,6858,206,10798,35,21495,5449,27998,11271,18,29083,2869,11422,173146,9311,156,9545,2521,9864,4445,4445,764,3478,3710,10616,27,94,94,200151,5676,20428,94,3915,260,1395,9452,29,0,1145,326,7742,14273,20,523,3518,99,20,101,1687,103,6037,5845,34,21,22655,12890,2308,578,77,1006,71,189,59,63957
"T26_30",54562,12386,52544,2950,2350,113025,123,136698,27323,2853,97471,35370,24861,218,814,152424,6565,3279,3905,93,131,2599,3690,3715,7176,28452,82,7366,1449,5821,11156,9895,4264,30815,9650,9650,837981,0,46,19441,1584,444975,888,95,111,10831,15897,14884,454,46033,21741,7908,804,44,35418,1811,222,138,4379,5936,43180,43068,0,1054,8726,6845,54473,20627,1534,95647,44201,5664,10545,53719,650,5386,72897,621,872,787,12085,15090,209,13781,509,6754,696,20707,56616,5270,10295,10295,1360,25052,242,103,609,61,4730,5126,250,37530,9450,8624,0,8997,175,18240,33726,6516,6521,1192,137,341,150,299,4645,"HILIC_neg",2903,10257,160372,17080,110913,111,190011,36549,260787,2008,42306,61238,8518,59338,82065,111,56,61634,2088,163,60,250,19496,47539,51209,760,17180,9799,3966,12186,104,847,2737,122,113,1840,754,20924,111,30703,48112,1876,70,74,28799,10549,36,36,2038,174,1638,471,595,638,6523,4676,3509,605,1289,641,23389,759,3555,152,6842,1038,3967,197,995,259,29762,355066,444,8342,4687,1420,3038,474,68203,23258,23339,102,4427,737751,15574,13947,364,8152,4006,1993,725,729,90,34576,116860,3958,2026,2392,7442,3418,23,868,492,6869,5562,4773,16306,9866,12400,139,30261,4523,42042,15876,30998,250,210,34362,128,75151,3196,1626,2608,1828,601,212,82,6423,9227,37223,750,65,182,1243,23642,51964,12997,521,44,4207,154,154,264,820,5872,101,94705,58,12446,4568,13384,509,85,45542,1568,12636,233714,3134,125,30687,6421,2010,394,437,37,6451,4491,2239,63,300,152,566610,19819,5572,155,778,299,1675,1360,38,115,286,165,389,6171,18,360,351,43,107,63,1774,50,1964,15336,18,68,60124,3240,269,79,32,99,94,149,87,70285
"T26_31",10735,1859,3632,6459,594,25389,0,60298,9563,1560,34371,3770,3091,120,1508,28922,2470,48,1937,45,245,61823,61930,2416,6034,11731,57,1769,49,1118,667,4620,1020,12855,2676,2676,890990,0,0,9159,92,79276,414,25,52,2746,3702,3397,610,18227,4081,1795,1613,27,8762,30997,86,0,340,3146,11992,12031,0,512,460,1582,26132,6875,19240,40256,8733,2123,2901,14118,3108,41737,8122,405,7666,660,2937,1542,2346,4222,9672,2390,6294,4395,26422,1916,2197,2197,2183,7338,2477,57,14944,0,445,2384,2035,14606,438,2187,0,3068,143,4206,17215,710,710,1866,1113,1512,1237,799,402,"HILIC_neg",498,3373,1092,12665,12091,87,26648,15236,1883,3810,2412,17061,5683,21296,12565,38,18,27789,3489,75,24,444,946,8523,23660,5527,7404,1779,2367,2251,216,969,1413,292,53,54,406,10223,540,7019,18804,2376,54,13,6642,6642,0,0,1081,34,1202,730,2898,4355,2719,1783,1083,872,1109,4191,8582,313,420,590,3402,1445,1307,1233,340,2604,14911,188254,1955,6451,5396,741,848,18,38812,17525,17525,416,2516,693,3286,11481,250,7728,2823,1131,279,216,18,11654,27154,8729,14352,1726,4593,4570,36,2075,3531,3900,2442,3410,4377,6770,7335,125,149604,13214,10845,8844,2001,1417,1367,21470,36,97984,1330,14325,18776,2593,3615,253,23,1730,33359,10901,65,27,4765,585,9604,33510,53557,99,18,1599,36,36,7341,17324,2170,36,41236,0,19703,3217,15697,5917,36,17996,348,8727,112604,9834,71,9055,5522,4875,1284,1284,470,1284,2940,5350,19,235,42,196686,4015,15013,815,2404,191,450,4688,18,36,2841,83,6090,7337,29,79,1961,77,0,18,888,0,6254,4356,0,18,18966,9729,1438,122,98,615,0,58,20,13615
"T26_33",2041,280,603,49,851,20305,28,2467,2305,77,4403,480,210,350,37,6797,77,0,197,60,733,14755,15305,474,242,2880,57,79,599,0,0,80,216,0,1002,1002,115053,0,1709,7130,313,123090,39,66,85,317,77,39,1670,2963,1000,76,367,131,2412,2513,234,69,0,37,1126,1126,112,858,0,39,252,1007,292,5842,1671,767,560,3813,39,574,401,5457,0,39,116,0,5380,1097,0,113,39,948,3899,85,39,39,37,2715,0,129,0,54,0,36,0,174,0,37,31,401,40,40,2755,39,39,85,0,447,0,39,0,"HILIC_neg",155,555,23241,959,2559,4051,8217,799,1671,18,36567,4427,5856,3694,2871,135,18,2438,531,537,552,286,443,2727,2727,612,1406,595,120,806,314,92,272,370,310,560,63,5138,489,1942,3383,303,54,18,2086,2086,20,18,443,251,569,18,80,127,638,751,357,18,72,215,241,0,18,18,766,18,459,18,18,0,3849,33222,303,7781,1723,6300,1482,188,10438,2799,2835,291,579,2175,2852,2763,1246,3265,4681,4360,139,184,51,754,5043,3009,2046,1042,59,1753,23,1465,594,130,2521,36,6368,175,1336,63,6180,1075,2133,179,1116,421,214,2177,4188,6944,18,662,461,292,1173,4937,98,3436,1945,3081,53,84,129,3660,1208,4863,3098,646,18,20,1682,1682,174,0,0,45,1056,127,139,362,1260,108,117,0,487,1134,6823,587,68,2291,36,161,65,277,1307,0,344,565,0,1357,130,4078,548,980,1565,532,292,0,453,36,20,4326,2863,248,446,4343,1470,38,122,36,3290,74,325,282,1102,18,36,372,514,160,464,2748,1755,36,1448,63,0
"T13_26",7585,3758,29245,33897,2425,2260,709,2616,7909,203,20145,24383,1707,1103,5523,11563,143,97,178,69,296,10126,10070,275,490,1010,128,787,420,4806,2011,299,3265,182,1251,1251,10414,93,118,5469,13872,21215,36,40,70,5231,107,107,2024,11116,17246,1388,4242,77,4521,1526,931,38,383,212,3757,3723,169,107,5611,606,845,11827,139,22562,34527,932,2860,6059,55,130,0,1780,277,0,858,10342,3847,7055,0,64,114,15382,15951,1761,161,161,8079,3313,0,601,97,270,611,50,0,246,5566,1083,32,5027,0,34,10149,72,72,6099,36,535,0,31,2947,"HILIC_neg",674,1386,10874,1099,79828,71,137605,1097,3636,11671,2196,20324,6174,9650,92316,116,38,5108,11660,292,1129,107,670,3836,3836,206,1155,72,235,16944,975,3015,401,139,18,612,54,22888,4575,55478,11549,9839,114,20,3745,3745,20,0,545,1890,0,2738,116,54,2284,10705,798,0,47,533,223,0,5967,0,2986,7652,1046,0,0,206,2813,24984,518,5760,14655,2641,623,398,7435,478,2269,4293,484,229,1773,3670,568,84,11553,10716,493,220,129,746,1437,2114,1381,7331,96,1374,277,269,251,182,425,130,1665,512,659,229,2803,860,706,192,670,113,99,188,375,7836,84,185,1338,155,436,4584,172,600,1138,672,99,68,109,5006,354,597,1673,1948,125,54,614,1128,64,190,36,375,66,170,136,40,206,387,144,99,167,471,4069,304,367,577,55,109,82,101,2513,54,138,141,251,436,171,6056,1101,512,302,165,1024,2,491,465,148,2235,1715,293,401,494,952,123,194,54,41,107,260,177,251,55,74,744,146,74,787,712,2426,69,644,20,36
"T13_27",7880,1521,1387,20983,7421,1273,69,82027,8280,1929,153782,2383,2628,391,3655,106024,2622,5695,2395,164,1254,8407,8666,2886,7110,16490,110,22888,663,1882,3264,5635,325,31670,8395,8395,128667,263,55,62393,10508,127333,651,46,54,1676,6429,5977,169,66023,1959,1447,3824,0,24692,1231,118,49,237,279,6666,6618,417,451,36,18470,3352,3694,310,122440,3862,5364,2778,42049,37,1751,4427,1470,645,162,35178,0,1250,2807,98,10157,243,2180,70350,1481,7491,7491,5535,18295,33,72,145,824,375,38,0,5829,37,25823,0,1885,366,1432,40627,3863,3863,5213,0,1405,0,186,70,"HILIC_neg",422,21811,2031,11776,4651,983,12664,19894,40094,9852,10390,16973,30346,99994,5407,222,36,37256,7816,1121,1203,301,4293,31918,34083,355,9830,544,2736,1211,486,2422,1879,210,16,110,512,10706,1884,3418,85355,5687,495,34,21634,7796,0,0,1161,1672,4116,1628,126,181,8690,1095,3146,0,65,602,4218,74,83,36,10056,3568,2448,20,2765,352,20411,246963,13518,7377,17603,930,13270,0,48399,19391,19351,510,2773,6175,5704,14821,2396,446,1119,1119,63,386,54,20866,7853,3758,1621,3400,6139,34099,47,789,501,5272,3875,4273,80767,9038,2701,55,6717,1870,3293,11519,10827,233,66,53039,5544,27668,1777,857,2257,487,4146,4754,540,26371,2735,3562,159,350,159,3330,1471,2838,5170,391,69,2927,2823,2711,339,1017,3502,203,121250,117,424,441,1702,726,2075,28151,5723,6974,51903,735,672,2759,11744,306,113,108,1745,1995,146,1045,57,2903,258,57835,4534,1508,293,286,1195,881,354,55,104,3926,2898,741,2331,575,456,172,154,62,20,971,103,386,1530,36,20,6196,900,72,577,1991,2404,103,1296,36,31385
"T13_29",7575,270,1366,6384,185,6650,61,19520,8567,522,24626,1815,2129,365,2533,15634,737,46,719,54,285,5334,5683,1854,2483,5582,48,1255,378,66,40,1600,331,2642,1621,1621,359044,49,34,5890,106,75201,113,27,0,675,961,1089,85,11251,1931,1941,1716,30,6668,942,79,76,304,2344,6450,6527,39,225,143,1061,11407,1367,1174,24980,4125,1280,2683,8642,0,1853,1273,373,513,162,1850,121,259,1228,516,155,1300,2597,13611,1779,480,480,2536,5706,95,0,925,231,501,1991,293,2658,114,818,27,552,0,36,7995,376,376,2206,246,3351,242,164,143,"HILIC_neg",18,1496,252,4427,4549,209,12173,5472,247,5052,1347,12391,2003,7893,5468,30,18,9211,4353,49,87,116,787,7799,7799,1952,2893,935,875,1420,136,1290,687,182,99,36,89,8027,258,3684,7336,3051,50,0,3391,3391,0,38,556,527,871,984,225,158,1472,1216,715,36,259,1237,1870,73,143,63,1649,1631,619,296,45,833,7369,89447,413,4715,926,609,398,72,21413,9080,9089,489,1351,42993,2085,7808,491,1639,4562,803,131,69,112,3426,10622,1017,960,1447,1357,1536,21,339,197,991,1060,921,2392,2734,3748,41,15299,3342,4983,3373,883,174,84,9921,44,16970,443,1433,2046,898,1151,174,18,1086,4471,4513,389,63,346,809,2596,13450,5231,785,0,175,59,51,672,1893,478,6068,10341,23,3303,299,6777,545,37,2934,112,2335,25630,1680,33,3494,1003,1140,292,287,193,378,1113,653,18,510,79,2958,85,1596,749,575,1320,72,1017,36,0,554,205,575,2003,36,238,127,143,18,36,254,25,743,1667,0,18,103,1395,354,107,98,223,36,179,77,1043
"T13_30",4229,73,82,594,186,17309,23,25741,4462,554,15103,180,660,660,89,23032,30641,532,1009,61,352,2263,2854,2241,5704,6973,26,530,83,1686,6847,4985,64,4726,2315,2315,600345,61,28,18891,2028,272092,37,64,63,52,1429,1392,79,8017,26,468,123,0,8113,521,51,0,143,1311,7995,7992,0,134,36,335,7510,37,10697,17109,0,1657,1169,11678,2984,13697,15136,165,1567,730,708,0,27,43,553,608,3759,72,11103,608,784,784,516,6434,51,100,577,221,150,1603,33,44664,0,528,0,0,74,16083,7317,562,562,215,66,997,147,361,0,"HILIC_neg",34,1719,655,6636,104,225,5166,7534,135668,718,96,5955,5996,9250,201,177,54,86887,787,40,89,56,8978,11374,11374,1960,3655,630,1052,20,183,235,794,165,59,53,107,4814,113,35,8895,693,36,90,4890,4890,54,0,536,179,1142,175,2065,1316,1616,0,875,1483,1105,188,32611,694,0,80,1900,188,981,89,80,72,8651,103230,16792,451,174,595,336,98,24759,9735,9730,216,1473,233587,8649,7469,176,481,6448,2946,353,1698,89,3857,40147,3841,310,1600,2007,2840,41,3444,210,1342,1150,1302,15714,2653,9293,44,111074,15495,19465,3814,1524,102,101,12427,31,172431,479,2781,3597,1778,1230,33,18,5383,25753,14187,3304,20,311,70,31540,89055,22972,219,53,270,72,72,345,931,460,0,13103,0,27760,2372,10642,1152,0,3798,1418,16999,320551,7580,18,12622,1167,962,317,317,58,514,7861,3810,135,39,36,523292,8269,8478,51,1717,34,61,974,53,18,474,28,477,12041,0,103,249,72,34,18,1569,0,5210,7731,80,18,51051,5031,1211,41,18,18,0,53,39,1515
"T13_33",6040,7713,7493,37,3946,512426,27,97571,7003,221,136648,7505,1662,245,0,23315,74,0,2384,138,766,7150,7720,1109,637,104995,81,14592,451,2089,7621,1244,1166,690,2750,2750,33402,27,42447,52329,428,6243,6234,116,135,7107,7060,6431,11553,63627,5872,1089,232,100,9271,2546,312,86,112,313,6384,10867,327,15993,1110,13172,75,15784,1529,128588,11858,2029,1934,14978,74,596,315,7232,0,0,24212,1514,1585,10139,122,1173,0,6847,71401,1447,636,636,192,7126,37,789,0,80,410,74,0,92,1244,15325,0,6197,3020,0,38264,448,448,112,0,1371,0,0,702,"HILIC_neg",1677,11802,202915,2308,26242,130,53095,15469,69763,27,39832,11871,27546,72472,26694,208,36,35061,548,1095,573,125,1639,6565,6547,3059,22338,6420,2584,5417,214,163,728,385,183,2686,1383,8394,771,14346,65203,426,540,27540,5365,5368,18,43,9780,973,31813,0,356,139,7930,2934,965,18,72,1266,118,112,1487,18,9114,18,951,0,1335,726,31675,367754,1015,6887,13779,4203,31388,89,69653,23804,23788,2041,3733,2642,7649,14122,1285,157,10756,6309,627,418,163,39863,5457,6292,4465,1900,7359,41892,23,327,1931,7791,10370,4057,539917,9051,2314,410,24855,3729,2584,12616,77968,830,428,5213,542,8225,3172,1474,1611,185,686,10407,145,174797,6578,3005,229,113,291,7487,2564,4314,4261,693,36,5780,648,765,74,418,5190,340,3086,291,2051,617,1641,344,108,40615,27397,1492,6512,2371,135,2858,221,452,87,144,563,2354,394,217,73,1421,491,6883,1228,1420,2808,126,293,1529,638,104,72,4027,4298,422,735,87661,1975,86,3797,56,53143,180,582,1175,1132,72,69,903,848,66,2593,1932,13781,123,2266,112,68045
"T106_16",1103,89,855,40,1160,8233,28427,402,1523,43,1928,955,42,27811,0,3525,240,0,0,445557,3430669,1439984,1438918,383,212,455,168094,698,1578804,918,227,76,227,42,1807,1807,1126516,8139,4972,26302,132608,243222,112,1189,200869,86,131,37,49185,1266,1183,83,181,92590,1013,22,29667,17210,89,43,14827,13882,673,42,353,805,16886,542,43887,2821,2236,156,83,1754,9191,33522,43931,4960,1219,37,0,231,6245,524,74,507,3050,1543,1667,167,217,217,42,983,37,33,363,2548,42,43,0,24031,53,29,139,253,0,3012,1286,83,83,61,0,6417,0,335,95,"HILIC_neg",75,353,909,826,2162,32438,5079,468,1326,63,345,3311,8152,1424,3177,99094,29171,13098,239,27990,23784,351,1547,2376,2376,976,259,436,49,1184,157732,18,300,947122,823,98,72,4886,288540,2533,1664,218,81472,317712,1693,1693,16677,18373,36,7974,1088,18,5080,2484,429,1161,211,78,232,385,18972,689,54,18,628,63,267,18,0,45,1816,9209,16471,125,2563,31188,1803,53,7344,3941,6641,55981,2471,30441,29654,2960,107087,133,101686,101683,11945,150609,3210,15715,94243,986,118,124884,4483,3433,2408,387,582,3124,1576,1228,19582,4224,708,1915,245114,15627,33774,1926,2897,253,187,3104,3586,333751,424,3841,4935,1292,998,4055,2125,6690,61203,33976,4189,1396,671,5790,25445,15469,30059,1967,81555,291,3498,3498,348,1296,552,1689,0,714,4890,2181,3202,1548,3309,115,1774,8866,153253,20584,1605,29354,1679,504,192,226,11777,290,2314,2261,2975,3673,4771,109342,7945,10400,703,1498,3983,66,638,2084,3795,957,5491,1403,29567,1251,6194,656,2096,2228,1456,3802,2559,11974,15748,1621,1655,16175,7044,1162,4771,3364,8867,1702,12861,10982,18
"T106_19",675,39,116,79,78,790,128,438,985,79,1171,148,0,4000,39,1586,161,0,77,27,656,256829,256934,73,79,399,35,34,957,227,903,40,97,79,222,222,3691,277,155,6970,8557,34298,42,592,33,170,53,44,163,867,50,0,309,98,492,3193,587,110,39,309,1120,2940,0,40,50,40,220,255,0,1114,195,383,44,1332,0,0,80,433,0,0,80,0,906,407,36,1432,0,252,1266,37,40,77,129,483,0,2263,0,479,0,60,0,405,39,39,0,197,0,40,687,0,0,61,0,48,104,98,40,"HILIC_neg",127,353,250,470,559,434,4257,379,3430,0,80,1835,14623,1122,1037,58,20,2192,569,2036,921,72,144,532,532,1058,190,1363,98,220,404,122,18,361,41,36,36,1474,7353,364,1167,214,129,51,347,347,18,0,36,47,1262,21,54,30,139,68,72,36,786,72,72,18,18,18,444,36,36,18,0,0,1313,6814,1671,12084,786,7794,3863,0,1782,426,448,487,114,308,1483,931,574,347,3571,3935,51,562,391,406,1723,1725,1573,1520,62,1073,63,470,212,65,94,49,1348,69,209,161,1037,343,825,92,224,175,121,160,2634,6158,23,825,522,708,436,374,673,450,527,930,230,610,266,2383,765,853,415,430,45,0,972,1236,88,194,143,1340,0,5268,1459,1103,424,213,315,36,301,342,1675,91,291,1017,0,321,321,303,4917,18,346,294,70,1078,631,2294,530,67,341,178,1240,18,540,145,170,1318,4406,498,352,54,3937,208,9631,232,30,222,3007,94,429,52,332,369,122,65,5458,230,6100,328,1521,436,0
"T106_20",7303,916,2307,6315,465,2410,135,8592,10238,327,9869,2827,2026,2055,1523,9077,527,0,411,55,656,22919,23483,166,171,3218,89,156,2778,770,4392,160,611,1097,1241,1241,331462,125,59,22211,4086,175874,0,246,115,1461,369,411,133,5914,3205,1818,2145,113,3814,75858,1224,161,155,765,27583,27592,54,116,340,228,40514,3306,5833,13064,6479,429,3373,4402,1097,48320,4828,300,8124,822,332,594,111,2579,5638,2965,4172,3629,9279,1674,117,117,2905,3877,1561,411,8886,1658,742,604,1119,10695,489,292,638,2019,39,830,6322,77,77,2595,603,4307,967,1655,374,"HILIC_neg",410,1275,1004,2078,9183,881,19650,3187,19779,4395,1456,14443,22647,6540,9972,249,36,8105,4329,3638,231,568,592,4001,4001,2190,1856,246,555,1966,289,1413,474,580,35,56,27,11512,11828,6560,6127,3974,139,77,2469,2469,0,18,310,841,937,968,1393,3170,1219,1662,475,492,1757,4151,5588,275,376,478,1617,2434,323,757,18,2354,6228,60849,1890,1884,6066,5321,2132,1501,17230,4281,4281,256,850,137709,12494,5452,497,12691,7895,5484,198,949,54,1659,24190,7694,16413,1270,250,3310,41,627,3471,275,424,700,14510,577,1037,5349,79141,11409,11749,321,3493,263,1722,4045,7179,65493,107,10620,19830,3323,4717,3385,269,6977,24240,10924,322,51,3558,505,9366,35128,49830,316,37,18,1372,1400,5976,14631,60,165,1352,204,15129,3438,22318,7462,203,54,1875,7257,78242,8934,163,10994,548,5089,3439,2445,2205,63,4984,3970,102,1075,567,28578,2060,17149,712,3076,795,18,3891,459,106,143,2507,9250,8209,172,465,3290,601,87,38,1368,325,6057,6296,100,109,4976,12107,2433,1172,252,1371,219,1305,165,0
"T106_22",404,0,296,109,58,2475,525,301,474,113,550,101,38,4246,0,388,41,36,39,108,139,75344,75812,39,39,55,193,87,29100,36,37,110,0,0,85,63,27058,501,120,8458,13555,32359,49,170,842,110,74,74,3390,471,72,0,266,152,113,1510,1659,1225,109,131,2391,781,365,0,37,37,273,273,37,815,292,76,36,257,37,121,240,9437,136,0,37,109,1463,374,0,167,42,273,738,76,37,0,120,142,0,145,0,988,0,186,0,621,0,36,54,37,39,0,310,0,37,36,0,121,0,0,0,"HILIC_neg",0,200,168,119,1183,1691,5314,185,1144,23,81,1395,2472,523,1167,100,393,1140,148,4476,790,40,2689,643,481,206,89,119,63,404,717,110,0,230,68,18,0,905,3363,959,553,174,755,107,188,188,170,38,36,5576,1450,20,36,18,107,152,18,0,134,80,142,18,18,20,124,18,18,18,0,18,756,5630,2261,6232,584,17882,468,456,3300,1797,1778,758,893,8527,1484,865,17909,378,8304,8304,400,1467,610,1135,3270,5073,1851,2793,393,505,102,3576,573,408,202,177,1675,421,1616,648,2970,905,5197,197,767,189,42,198,3787,3687,146,706,800,234,80,877,1140,660,945,1624,802,989,165,761,355,1406,934,315,1987,94,3172,3172,133,96,107,460,0,275,140,148,229,108,452,97,105,899,5381,336,728,1133,0,86,90,54,4501,38,200,107,426,666,666,2277,363,396,395,91,1102,18,516,2092,215,568,7858,123,548,2296,5897,64,829,727,217,113,317,144,1311,332,187,218,112,50,1471,1469,5651,198,1380,315,0
"T0_27",4568,36,115,88547,148,1386,18,19528,5196,950,20045,115,877,166,16437,14535,1554,0,530,27,298,769,1485,2269,5821,5894,130,632,126,128,72,2314,37,5318,1735,1735,375236,27,79,3096,2763,42467,331,32,54,150,760,723,0,10510,109,836,11811,54,5190,846170,56,52,70,872,2735,2746,0,227,37,644,5138,295,4964,23708,278,1713,2082,8071,2009,10166,4825,52,2826,36,1302,0,173,36,2373,408,672,36,14846,958,978,978,20854,4617,492,87,3129,28,203,706,97,16532,0,976,0,165,48,1141,10132,358,358,13928,0,1642,112,2530,0,"HILIC_neg",54,1722,486,6403,409,195,4015,6579,92,38334,161,8448,1171,10062,600,79,18,8802,26942,147,188,54,719,12464,12464,2457,3531,364,1013,18,157,6313,1067,232,81,41,116,6020,72,273,10002,18857,49,34,4142,4142,0,18,470,87,1121,4176,976,1457,1514,107,774,323,277,16152,8121,336,18,161,2206,10436,566,188,45,10431,8276,91781,289,4620,171,774,2839,934,22175,8849,8796,93,1362,31524,1207,7859,315,5538,1600,1600,0,147,0,4047,7968,26834,171401,189,1491,393,36,3869,32327,1358,635,1098,653,2560,2390,0,42535,6116,3200,3337,146,9522,10796,14755,147,38064,571,4903,7105,645,1487,155,18,196,10012,3756,18,18,2042,101,5458,11443,16825,73,18,188,85,35,2284,3914,340,18,20985,0,6080,1153,4586,2238,18,2955,114,14780,102841,3474,2,2715,1804,881,558,1107,36,98,1022,1317,0,0,0,58028,4719,4878,35,728,0,66,471,0,54,23,134,1452,3607,0,18,703,18,0,0,1945,0,2103,1710,18,0,6986,3223,563,18,18,0,36,1,71,1101
"T0_28",27813,7853,37432,49864,2746,31303,286,295296,15329,4323,169712,30020,12554,827,8171,164220,6241,30,6102,76364,1078690,3492,4344,5989,14459,47506,50014,32541,26947,2347,1108,13377,4280,118806,10491,10491,531932,216,938,50137,202,249299,1100,52,20597,7239,54373,52033,713,64598,16685,3761,6472,23542,32478,48721,5366,141,1725,12881,148224,148252,1612,1126,5893,22767,223610,14309,3973,116201,31686,5897,3898,46055,632,15720,20417,4568,4368,766,40453,10309,5288,8392,2427,3067,9450,13147,63203,1809,16203,16203,9669,19907,1223,513,3144,596,1481,9348,428,143797,5239,27641,1416,5328,570,812,35323,6915,6915,8067,362,9368,499,179,2645,"HILIC_neg",1601,21738,81697,97443,98957,8788,166109,98489,41954,17412,41407,71605,10515,131128,101635,7516,7357,161024,17107,3582,4293,5682,7122,71712,175393,5928,81204,8396,9065,17526,92331,4279,6351,463386,224,1858,2603,48461,141747,54164,118954,13677,36816,171821,59232,48753,5081,8016,11047,1776,3099,3442,1201,3222,16384,9210,9016,1088,2577,15049,97057,1781,6490,813,19273,10731,9573,656,3273,7628,73171,759219,1632,36,9127,8487,23395,109,93851,17429,17578,17303,7861,18229,10822,18078,12886,408,15929,13621,10950,64466,1485,98687,35626,9958,45871,33933,13083,11606,277,2344,11195,11592,13995,9230,34289,18603,3208,2284,69515,11318,14052,15513,9046,4788,3729,8520,5415,77844,4298,8288,19159,5846,3384,15717,415,15483,16277,14105,1912,897,2981,13895,32903,156663,38410,7881,6358,6671,5203,5203,4986,9290,14001,986,5959,483,26362,9076,35174,6462,441,40175,3698,53722,755201,6428,4146,12135,4088,5038,2767,2719,3740,7147,14665,5053,285,3090,833,42408,2926,12775,4726,2248,1628,2478,3867,1314,403,10479,60726,3293,9476,177,1775,2137,598,859,224,6532,351,3430,6705,284,257,6231,8067,1308,1317,3085,2380,7424,22674,3503,132429
"T0_29",1829,302,94,805,822,686,0,5260,2669,88,7911,270,371,2491,37,4386,472,0,117,0,603,3795,4420,1547,904,1731,171,333,285,188,151,319,79,194,257,257,202747,101,80,4406,858,77835,152,28,114,407,124,124,130,5660,432,217,670,110,1591,8852,0,49,0,189,16994,17032,197,155,125,186,5553,1188,1064,12578,876,397,299,3534,107,3717,906,1128,1317,0,465,60,2922,823,298,608,74,423,7349,130,40,40,593,1390,69,414,425,219,0,39,0,1146,0,374,0,332,0,37,4636,0,0,297,0,4519,101,0,0,"HILIC_neg",74,895,1547,1181,851,605,5114,1836,335,615,2240,3160,1540,4410,1213,187,59,3857,700,66,190,91,399,1938,1956,277,1065,1377,277,296,432,162,54,402,73,41,32,3262,3396,692,3938,618,72,61,936,936,0,0,429,309,24,105,203,282,795,197,114,18,20,346,873,54,18,18,1013,247,97,0,0,179,4511,41009,560,8459,5401,6884,2504,18,12410,3824,3829,120,756,3227,4748,4074,910,2323,6549,6549,89,189,36,1013,7988,5440,5523,642,230,2271,21,1320,1592,69,279,141,3289,537,1488,38,11517,1511,3535,402,1162,715,375,673,1825,7541,144,855,3991,98,767,1873,70,1082,3491,3693,96,134,155,2007,1820,2358,6697,292,18,0,539,539,134,1318,18,76,125,80,673,556,828,1376,56,98,365,1226,9741,999,239,3136,36,170,125,252,992,18,160,188,27,799,65,2516,269,2232,785,208,372,0,250,497,77,502,4460,310,652,27,278,389,325,80,0,112,110,744,1626,18,36,255,1520,244,616,144,1099,31,554,18,36
"T0_30",23335,7716,6189,4532,1848,4935,27,76901,19168,1153,74981,5618,9782,431,811,89827,2669,5474,2433,50,322,2562,3187,743,1331,19090,203,4694,304,4537,27766,2420,964,11968,6281,6281,1007766,60,54,38803,61,362263,998,28,127,7605,7305,6952,93,37589,4766,4644,1317,27,22827,9781,40,0,1718,1189,14115,14013,62,846,815,4063,14253,15785,7786,86333,10031,5160,6495,39817,2191,21027,36458,1665,2852,1569,7718,1337,0,10728,3398,1432,6361,6026,48315,3870,5337,5337,2111,19423,709,147,3481,200,2643,863,1114,155953,1326,5288,0,7891,188,17625,28245,3514,3514,1801,663,1582,1377,1418,690,"HILIC_neg",1955,6461,54648,8554,17607,255,37559,17932,196998,2665,12567,35901,42282,35103,18975,112,18,32047,2905,46,176,246,4465,26172,17892,2065,9081,5315,2612,3414,165,879,1930,166,59,926,459,17723,125,10756,33890,2157,74,85,19112,19112,0,18,1397,89,2596,693,1834,1142,4783,2435,2455,2503,3420,2095,77668,1522,711,707,5785,1476,2629,1003,564,1321,22411,275679,375,8811,7215,1386,3014,759,57823,23413,23413,135,3763,36520,34123,13160,120,2268,1750,1750,465,188,36,21050,169790,8554,12957,936,6358,14770,66,809,2127,4805,4171,4154,60737,8399,12493,89,97742,16682,51470,13638,34225,758,983,34196,180,358731,2306,8641,5495,4204,3326,93,63,16154,24423,49452,1241,29,1209,438,7225,130940,15646,1804,23,2649,125,68,1939,6695,3818,36,79146,0,46959,1243,23024,1932,89,35033,3810,40094,524822,7242,55,39782,4690,6758,1513,2932,93,2084,9841,8278,41,110,32,594023,20972,8271,1381,1716,298,794,4655,27,18,4764,198,2465,24884,18,73,572,52,0,0,4495,54,5599,16732,0,27,60666,5281,1018,695,19,149,18,98,92,38501
"T0_31",24994,697,773,2896,137,4895,0,149324,17176,2439,90753,993,10657,392,802,81217,3346,31,3142,27,646,43184,43166,4660,11009,25390,17,6086,117,1607,342,9982,91,40691,6344,6397,744223,0,61,15257,206,44542,870,0,116,1218,14259,12697,224,42068,1016,4550,1542,64,21943,2771,48,27,2154,7436,8618,8642,0,1028,106,5993,21895,2879,17435,85832,1749,3418,6036,35888,5023,58814,9584,365,10631,468,10279,241,44,2037,19911,3238,12612,1163,48009,2935,5520,5520,1437,18237,5326,0,29485,37,2117,6692,1202,18508,30,7971,25,1528,189,5529,24384,3074,3074,1225,1366,831,2121,1052,69,"HILIC_neg",253,5702,810,28157,2036,224,5815,33507,2265,1336,228,53395,6006,49924,3162,701,20,55992,1934,796,1039,710,4385,27119,75536,24915,35242,2702,4798,865,307,658,3799,69,38,197,1416,47233,292,3627,62650,1583,139,56,24267,32943,36,0,8748,399,176,384,3439,6505,8263,1567,4788,1964,1090,14578,14260,1164,63,1257,12838,1407,5468,2058,1092,8997,30019,356605,754,4855,310,530,301,170,54846,23316,23134,354,4924,92851,3024,18132,322,1175,8960,9000,424,235,346,41855,19357,1804,4531,6062,7640,3118,276,144,1072,8291,5254,6281,3962,14396,8148,118,201752,19322,7433,12472,2672,349,491,25686,59,162192,2543,25176,27168,4140,5994,1256,45,1835,46919,7324,771,18,8597,1328,10569,40096,65196,163,36,5869,85,63,13538,29472,8410,51,47288,0,37785,3477,19407,7580,72,40566,428,7841,144676,11574,41,6073,7228,12731,83017,83017,59,3424,3722,10005,0,53,59,248181,7536,19723,39,3286,122,1656,6247,0,36,501,24,9684,11834,36,80,2502,505,39,18,1652,51,7546,3052,23,18,26924,12189,2185,223,25,1697,27,73,188,84798
"S0_28",47101,8615,71039,54826,6464,14797,1063,394403,23250,6638,206198,39552,23858,1638,7658,231343,7900,79,6859,128597,1517541,4515,4501,1553,3691,66626,68758,72074,45133,4488,2790,3525,5076,166040,10480,15431,679254,304,1796,58029,34468,343265,2090,759,42843,7365,91248,88190,5276,76159,22046,6225,5382,64924,52161,56701,9197,681,3788,10683,308722,308570,1714,1609,9408,44527,412403,13430,6594,134416,42680,9290,7466,71450,703,43763,6296,6348,7176,2550,69923,17875,9780,10512,4912,4134,13536,18025,70474,2745,12900,25155,8816,31366,2211,609,5320,766,2385,8367,1064,191394,9616,38535,3816,6781,1196,1115,37895,12433,12433,7814,672,12227,772,121,4319,"HILIC_neg",2288,36727,124917,131682,150203,9963,244814,135070,41355,36147,72749,47054,12910,164773,97499,8327,11761,217135,26448,2619,3826,8325,8849,77705,110050,7228,51315,8950,12146,12634,30233,6307,5678,112344,77,919,1465,14294,54041,26295,115161,17958,35253,42744,40642,40642,4327,5961,2886,1785,2839,4065,1472,3401,12276,2735,6328,1369,2929,14462,99657,1173,3514,389,12361,8806,4585,934,3969,6977,84643,887060,624,387,9404,10041,25846,98,113527,29261,30189,17133,8225,16598,10843,21814,13244,488,18792,18792,10203,63844,1017,132142,41729,12136,34570,34333,17234,11562,499,2001,9735,16687,17260,9620,38537,23572,5840,859,83468,12470,16390,26552,10044,4072,2793,38763,6637,99479,5742,8514,21375,5892,3852,19830,660,15762,20283,17757,2896,1004,3233,21439,39596,194489,48650,7873,7068,12102,5517,5517,4849,8872,16217,886,40749,833,30749,10067,40609,7155,348,76726,3723,55130,883752,6840,3789,14411,7904,5499,3169,3169,3258,7009,17457,5270,450,1206,1186,51060,3587,14716,5249,2264,1454,3844,3873,5392,406,13230,18003,3614,11248,271,2150,1964,951,391,107,5909,359,4005,7870,288,153,6800,9713,1506,890,3827,2778,6569,8375,3864,241666
