"","sample_id","Abiotrophia_defectiva","Acetanaerobacterium_elongatum","Acetivibrio_ethanolgignens","Acidaminococcus_fermentans","Actinobacillus_porcinus","Actinobacillus_rossii","Actinomyces_gerencseriae","Actinomyces_graevenitzii","Actinomyces_lingnae","Actinomyces_odontolyticus","Actinomyces_turicensis","Adlercreutzia_equolifaciens","Aggregatibacter_segnis","Akkermansia_muciniphila","Alistipes_finegoldii","Alistipes_indistinctus","Alistipes_onderdonkii","Alistipes_putredinis","Alistipes_senegalensis","Alistipes_shahii","Allisonella_histaminiformans","Allobaculum_stercoricanis","Alloprevotella_rava","Anaerostipes_hadrus","Anaerotruncus_colihominis","Atopobium_parvulum","Bacillus_pumilus","Bacteroides_acidifaciens","Bacteroides_caccae","Bacteroides_cellulosilyticus","Bacteroides_clarus","Bacteroides_coprocola","Bacteroides_coprophilus","Bacteroides_dorei","Bacteroides_eggerthii","Bacteroides_faecichinchillae","Bacteroides_finegoldii","Bacteroides_fragilis","Bacteroides_intestinalis","Bacteroides_massiliensis","Bacteroides_nordii","Bacteroides_ovatus","Bacteroides_plebeius","Bacteroides_salyersiae","Bacteroides_stercoris","Bacteroides_thetaiotaomicron","Bacteroides_uniformis","Bacteroides_vulgatus","Bacteroides_xylanisolvens","Barnesiella_intestinihominis","Bifidobacterium_adolescentis","Bifidobacterium_bifidum","Bifidobacterium_breve","Bifidobacterium_dentium","Bifidobacterium_longum","Bifidobacterium_pseudocatenulatum","Bifidobacterium_pullorum","Bilophila_wadsworthia","Blautia_faecis","Blautia_glucerasea","Blautia_luti","Blautia_producta","Blautia_schinkii","Blautia_stercoris","Bulleidia_extructa","Butyricimonas_virosa","Butyrivibrio_fibrisolvens","Catabacter_hongkongensis","Catenibacterium_mitsuokai","Christensenella_minuta","Citrobacter_freundii","Cloacibacillus_evryensis","Cloacibacillus_porcorum","Clostridium_aldenense","Clostridium_bartlettii","Clostridium_clostridioforme","Clostridium_disporicum","Clostridium_glycolicum","Clostridium_glycyrrhizinilyticum","Clostridium_hathewayi","Clostridium_hylemonae","Clostridium_innocuum","Clostridium_lactatifermentans","Clostridium_leptum","Clostridium_methylpentosum","Clostridium_nexile","Clostridium_oroticum","Clostridium_perfringens","Clostridium_polysaccharolyticum","Clostridium_populeti","Clostridium_propionicum","Clostridium_ramosum","Clostridium_ruminantium","Clostridium_saccharogumia","Clostridium_scindens","Clostridium_spiroforme","Clostridium_symbiosum","Clostridium_tertium","Clostridium_thermocellum","Clostridium_viride","Collinsella_aerofaciens","Collinsella_tanakaei","Comamonas_kerstersii","Coprobacillus_cateniformis","Coprobacter_fastidiosus","Coprococcus_catus","Coprococcus_comes","Coprococcus_eutactus","Corynebacterium_argentoratense","Corynebacterium_durum","Dehalobacterium_formicoaceticum","Desulfovibrio_desulfuricans","Desulfovibrio_fairfieldensis","Desulfovibrio_piger","Dialister_invisus","Dialister_pneumosintes","Dialister_propionicifaciens","Dialister_succinatiphilus","Dorea_formicigenerans","Dorea_longicatena","Eggerthella_lenta","Enterobacter_aerogenes","Enterobacter_cloacae","Enterococcus_asini","Enterococcus_cecorum","Enterococcus_faecalis","Enterococcus_faecium","Enterococcus_gallinarum","Enterococcus_mundtii","Escherichia_coli","Eubacterium_biforme","Eubacterium_contortum","Eubacterium_coprostanoligenes","Eubacterium_cylindroides","Eubacterium_desmolans","Eubacterium_dolichum","Eubacterium_eligens","Eubacterium_fissicatena","Eubacterium_hallii","Eubacterium_limosum","Eubacterium_ramulus","Eubacterium_rectale","Eubacterium_ruminantium","Eubacterium_siraeum","Eubacterium_sulci","Eubacterium_tarantellae","Eubacterium_ventriosum","Faecalibacterium_prausnitzii","Flavonifractor_plautii","Fusicatenibacter_saccharivorans","Fusobacterium_mortiferum","Fusobacterium_varium","Gemella_haemolysans","Gemella_morbillorum","Gemella_sanguinis","Gemmiger_formicilis","Gordonibacter_pamelaeae","Haemophilus_parainfluenzae","Haemophilus_sputorum","Holdemania_filiformis","Howardella_ureilytica","Intestinimonas_butyriciproducens","Klebsiella_pneumoniae","Kluyvera_cryocrescens","Kluyvera_georgiana","Lactobacillus_acidophilus","Lactobacillus_amylovorus","Lactobacillus_camelliae","Lactobacillus_crispatus","Lactobacillus_fermentum","Lactobacillus_helveticus","Lactobacillus_iners","Lactobacillus_mucosae","Lactobacillus_paracasei","Lactobacillus_ruminis","Lactobacillus_salivarius","Lactococcus_garvieae","Lactococcus_lactis","Lactonifactor_longoviformis","Leuconostoc_lactis","Megamonas_funiformis","Megamonas_rupellensis","Megasphaera_elsdenii","Mobiluncus_curtisii","Odoribacter_splanchnicus","Olsenella_uli","Oribacterium_sinus","Oscillibacter_valericigenes","Oscillospira_guilliermondii","Oxalobacter_formigenes","Papillibacter_cinnamivorans","Parabacteroides_distasonis","Parabacteroides_goldsteinii","Parabacteroides_gordonii","Parabacteroides_johnsonii","Parabacteroides_merdae","Paraeggerthella_hongkongensis","Paraprevotella_clara","Paraprevotella_xylaniphila","Parasutterella_excrementihominis","Parasutterella_secunda","Parvimonas_micra","Peptoclostridium_difficile","Peptococcus_niger","Peptoniphilus_asaccharolyticus","Peptoniphilus_duerdenii","Peptoniphilus_lacrimalis","Peptostreptococcus_anaerobius","Peptostreptococcus_stomatis","Phascolarctobacterium_faecium","Phascolarctobacterium_succinatutens","Photobacterium_indicum","Photorhabdus_luminescens","Phycisphaera_mikurensis","Pisum_sativum","Porphyromonas_asaccharolytica","Prevotella_bivia","Prevotella_buccalis","Prevotella_copri","Prevotella_stercorea","Prevotella_timonensis","Propionibacterium_acidifaciens","Propionibacterium_propionicum","Proteus_mirabilis","Pseudoflavonifractor_capillosus","Pseudoramibacter_alactolyticus","Pyramidobacter_piscolens","Raoultella_planticola","Raoultella_terrigena","Rhodococcus_erythropolis","Robinsoniella_peoriensis","Roseburia_faecis","Roseburia_hominis","Roseburia_intestinalis","Roseburia_inulinivorans","Rothia_dentocariosa","Rothia_mucilaginosa","Ruminococcus_albus","Ruminococcus_bromii","Ruminococcus_callidus","Ruminococcus_champanellensis","Ruminococcus_flavefaciens","Ruminococcus_gnavus","Ruminococcus_lactaris","Ruminococcus_obeum","Ruminococcus_torques","Salmonella_enterica","Scardovia_wiggsiae","Serratia_marcescens","Shuttleworthia_satelles","Slackia_faecicanis","Slackia_isoflavoniconvertens","Slackia_piriformis","Solobacterium_moorei","Staphylococcus_aureus","Streptococcus_anginosus","Streptococcus_cristatus","Streptococcus_gordonii","Streptococcus_lactarius","Streptococcus_mutans","Streptococcus_oligofermentans","Streptococcus_parasanguinis","Streptococcus_peroris","Streptococcus_pleomorphus","Streptococcus_salivarius","Streptococcus_sanguinis","Streptococcus_sinensis","Streptococcus_thermophilus","Subdoligranulum_variabile","Sulfurovum_lithotrophicum","Sutterella_stercoricanis","Sutterella_wadsworthensis","Turicibacter_sanguinis","Vagococcus_lutrae","Vallitalea_guaymasensis","Veillonella_atypica","Veillonella_dispar","Veillonella_parvula","Veillonella_rogosae"
"1","H1",0,0,0,0,0,0,0,0,0,0.000701713350096486,0,0.000428824825058963,0,0.00224158431280822,0.000311872600042882,0,0,0.0190437206401185,5.84761125080405e-05,0.000526285012572364,0,0,0,0,0,0,0,0,0,0,0.000701713350096486,0.00590608736331209,0.00974601875134008,0.004814533263162,0,0,0.00140342670019297,0,0,0.00152037892520905,0,0.0018712356002573,0.0640118511588016,0,0,0,0.00144241077519833,0.000701713350096486,0.000428824825058963,0,0,0,0,0,0,0,0,0.000136444262518761,0.00580862717579869,0,0.00573065902578797,0,0,0.00228056838781358,0,0.000877141687620607,0,0,0,0,1.94920375026802e-05,0,0,0,0,0,0.000643237237588445,0,0,0,0,0,0,0.000409332787556283,0,0,0,0,0,0,0,0.00428824825058963,0.00968754263883204,0,0,0.00109155410015009,0,0,0,0,0.0049119934506754,0,0,0,0,0.00155936300021441,0.00126698243767421,0.0262947585911155,0,0,0,0,0,0,0,0,0,0,0.00171529930023585,0.00551624661325848,0,0,0,0,0,0,0,0,0,0.00430774028809231,0.0164122955772567,0,0.00666627682591661,0,0.00280685340038594,0,0,0,0.00428824825058963,0,0,0.00881040095121143,0,0,0,0,0,0.390289066916165,0,0.000467808900064324,0,0,0,0,7.79681500107206e-05,0.00483402530066468,0,0,0,0,0,0,0,3.89840750053603e-05,0,0,0,0,0,0,0,0,0,0,0,0,0,0,0,0,0,0,0,0,3.89840750053603e-05,0,0,0,0.00142291873769565,0,0.000311872600042882,0,0,0,0,0,0,0,0.00358653490049315,0,0,0,0,0,0,0,0,0,0,0.000136444262518761,0.000662729275091125,0,1.94920375026802e-05,0,0,0,5.84761125080405e-05,0,0.293199228115315,0,0,0,0,0,0,0,0,0,0,0,0,0.0391789953803871,0,0,0.00230006042531626,0,0,0.000838157612615247,0.000467808900064324,0.000428824825058963,0,0.00333313841295831,0,0,0.00278736136288326,0.0180691187649845,0,0,0,0,0,0,0.000565269087577724,0.000116952225016081,0,0,0,0,0,0,0,0,0,0,0,0,0,0.00483402530066468,0.000116952225016081,0,0,0,0.000428824825058963,0,0,0,0,0,0
"2","H2",0,0,0,0,0,0,0,0,0,0,0,0.000183414723616938,0,0.00607561271981108,0.00160487883164821,0.00107756150124951,0,0.0245087924433134,0,0.00050439048994658,0,0,0,0.00149024462938762,0,0,0,9.17073618084692e-05,9.17073618084692e-05,0.00139853726757915,0,0,0,0,0.00323268450374854,0,0,0,9.17073618084692e-05,0,0,0.00142146410803127,0,0,0,0,0.00256780613063714,0.00882683357406516,0.00190292775752574,0.00325561134420066,0,0,0,0,0,0.000802439415824105,0,0.000481463649494463,0.00355366027007818,0,0.00142146410803127,0,0,0,0,0,0,0,0,0,0,0,0,0,0.00204048880023844,0,0.00153609831029186,0,0,0,0,0,0,0.000183414723616938,0,0,0,0,0,0,4.58536809042346e-05,0.00220097668340326,0.0128619574936378,0,0,0,0,0,0,0,0.000183414723616938,0,0,0,0.000619024692207167,0.00314097714194007,0.00378292867459935,0.0508975858037004,0,0,0,0,0,0,0,0,0,0,0,0.00265951349244561,0,0,0,0,0,0,0,0,0,0,0.100144439094848,0,0.00167365935300456,0,0.00183414723616938,0.000779512575371988,0.0071531742210606,0,0.00678634477382672,0,0.000733658894467753,0.0268931838503336,0.00793268679643258,0,0,0,0.00107756150124951,0.172043010752688,0.0019946351193342,0.00245317192837655,0,0,0,0,0,0.088153701538391,0,0,0,0,0.000412683128138111,0.00151317146983974,0,0,0,0,0,0,0,0,0,0,0,0,0,0,0,0,0,0,0,0,0,0,0.000229268404521173,0,0,0,0.0318453813879909,0,0,0.00265951349244561,0,0,0,0.00123804938441433,0,0,0,0.00128390306531857,0,0,0,0,0,0,0,0,0,0,0.00763463787055506,0,0,0,0,0,0,0,0.333470894376046,0,0,0,0,0,0,0,0,0,0,0,0,0.00495219753765734,0,0.0049063438567531,0.0144439094848339,0,0,0,0.00183414723616938,0,0.00100878097989316,0.00600683219845473,0,0.0118761033541968,0.00247609876882867,0.00275122085425408,0,0,0,0,0,0.00506683173991792,0,0,0,0,0,0,0,0,0,0,0,0,0,0,0,0,0,0,0,0,0,0,0,0,0,0,0
"3","H3",0,0.0016164506982537,0,0,0,0,0,0,0,0,0.000476985451943716,0.00254392241036648,0,0,0,0.00959270742242362,0.000344489493070461,0.0233987863370167,0.00225243130084532,0.00471685613588786,0,0,0,0.0186024326258049,0,0,0,5.29983835493017e-05,0.0016164506982537,0,0,0,0,0.000556483027267668,0.000874473328563479,0,0,0,0,0,0.000158995150647905,0.00092747171211278,0.00741977369690224,0.0014574555476058,0.0762381747356706,0,0.185096854545936,0.0172244746535231,0.00153695312292975,0.00381588361554973,0,0,0,0,0.00556483027267668,0.0030209078623102,0,0,0.0141240692158889,0,0.00887722924450804,0,2.64991917746509e-05,0,0,0.00185494342422556,0,0,0,0,0,0.000503484643718367,0,0,0.00196094019132416,0,0.0287781222672708,0,0,0,0,0.000476985451943716,0.00532633754670483,0.00121896282163394,0,0,0,0,0,0,0,0.00278241513633834,0.038635821607441,0,0,0,0,0,0,0.000529983835493017,0,0,0,0,0,0.00373638604022577,0.00135145878050719,0,0,0,0,0,0,0,0.0817235074330233,0,0,0,0.00103346847921138,0.00988419853194477,0,0,0,0,0,0,0,0,0,0.0118981371068182,0.0014574555476058,0,0.0222063227071574,0,0.000423987068394414,0,0.00174894665712696,0.00111296605453534,0.0160585102154384,0,0,0.00339189654715531,0,0,0,0,0.000821474945014177,0.083949439542094,0.0015634523147044,0,0,0,0,0,0,0.0613721281500914,0,0,0,0.000450486260169065,0,0.00381588361554973,0,0.000423987068394414,0,0,0,0,0,0,0,0,0,0,0,0,0,0,0,0,0,0,0,0,0.000741977369690224,0,0,0.000741977369690224,0.070514349312346,0.000423987068394414,0,0.000874473328563479,0,0,0,0.00683679147785993,0,0.000556483027267668,0,0,0,0,0,0,0,0,0,0,0,0,0,0,0,0,0,0,0,0,0.000529983835493017,0,0,0,0,0,0,0,0.00119246362985929,0,0,0,0,0,0,0,0,0,0,0,0.102896361660969,0.00116596443808464,0,0,0,0,0.0046903569441132,0.0261547022815804,0,0,0,0,0,0,0,0,0,0,0,0,0,0,0,0,0,0,0,0,0,0,0,0,0,0,0,0,5.29983835493017e-05,0,0,0,0
"4","H4",0,0.000533962222172781,0,0,0,0,0,0,0,0,0,0,0,0.0135937882394821,0,0.000222484259238659,0,0.0324604534229203,0,0.00420495249961065,0,0,0,0.020246067590718,0,0,0,0,0.00404921351814359,0,0,0,0,0.000311477962934122,0.0459207511068592,0,0.00122366342581262,0,0,0.0208022782388146,0,0.000111242129619329,0,0,0.00700825416601775,0.00246957527754911,0.0457427636994683,0.124101719803324,0.00164638351836608,0,0,0,0,0,0.000912185462878501,0,0,0.000244732685162525,0.00594032972167219,0,0.00967806527688166,0,0,0,0,0.00106792444434556,0,0,0,0,0,0,0,0,0.00291454379602643,0,0,0.00373773555520947,0.000444968518477318,0,0,0,0.000667452777715977,0,0,0,0,0,0,2.22484259238659e-05,0,0.000266981111086391,0.0027365563886355,0,0,0,0,0,0,0,0.0267648563864107,0,0,0,0,0.00122366342581262,0,0,0,0,0,0,0,0,0,0,0,0,0.00115691814804103,0.00616281398091085,0,0,0,0,0,0,0,0,0,0,0,0,0.00487240527732663,0,0.00362649342559014,0,0,0,0.00358199657374241,0,0.00100117916657396,0.145304469708768,0,0,0,0,0.000734198055487574,0.243642512292255,0,0.00700825416601775,0,0.000200235833314793,0,0,0,0,0,0.000177987407390927,0,4.44968518477318e-05,0,0.000111242129619329,0,0,0,0,0,0,0,0,0,0,0,0,0,0,0,0,0,0,0,0,0,0,0.000222484259238659,0,0,0,0.00302578592564576,0,0,0.00109017287026943,0,0,0,0.000355974814781854,0,0.00522838009210848,0,0.0108794802767704,0,0,0,0,0,0,0,0,0,0.0245845106458718,0,0,0,0,0,0,0,0,0,0,0,0,0,0,0,0,0,0,0,0,0,0.0163748414799653,0.00124591185173649,0,0.00447193361069704,0,0.000912185462878501,0.0037822324070572,0.0663670545308919,0.0147062095356754,0,0,0,0.00137940240727968,0.00240282999977752,0.0338176074042761,0,0,0,0,0.00936658731394754,0,0,0,0,0,0,0,0.000444968518477318,0,0,0,0,0,0,0,0,0,0,0,0,0,0.000444968518477318,0,0,0,0,0,0
"5","H5",0,0.00211148648648649,0.000369510135135135,0,0,0,0,0,0,0,0,0,0,0,0.000343116554054054,0.00248099662162162,0,0.00398543074324324,0,0.00174197635135135,0,0,0,0.00601773648648649,0,0,0,0,0.00208509290540541,0.00158361486486486,0,0,0.00522592905405405,0.0264727618243243,0,0,0,0,2.63935810810811e-05,0,0,0.000923775337837838,0.0310388513513514,0,0,0.00150443412162162,0.00802364864864865,0.00023754222972973,0.00277132601351351,0,0,0,0,0,0.0167863175675676,0.00746938344594595,0,0,0.00155722128378378,0,0.00271853885135135,0,0,0,0,0.000712626689189189,7.91807432432432e-05,0,0,0,0,0,0,0,0.000369510135135135,0,0.000395903716216216,0,0,0,0,0,0.00105574324324324,0.000158361486486486,0,0,0,0,0,0,0,0.00588576858108108,0.00248099662162162,0,0,0,0,0,0,0,0.0320682010135135,0,0,0,0,0.00176836993243243,0.00174197635135135,0.0311180320945946,0,0,0,0,0,0,0,0,0.000316722972972973,0.117398648648649,0.00110853040540541,0.00377428209459459,0.00050147804054054,0,0,0,0,0,0,0,0,0.00213788006756757,0,0,0.0141205658783784,0,0.00073902027027027,0,0.00694151182432432,0,0.00538429054054054,0,0,0.213180954391892,0,0,0,0,0,0.212864231418919,0.00131967905405405,0.00229624155405405,0,0,0,0,0,0.0422033361486486,0,0,0,0,0,0,0,0,0,0,0,0,0,0,0,0,0,0,0,0,0,0,0,0,0.00047508445945946,0,0,0,0.000422297297297297,0,0,0.000105574324324324,0.0069679054054054,0,0,0.0177892736486486,0,0,0,0.00778610641891892,0,0,0,0,0,0,0,0,0,0,0,0,0,0.0086570945945946,0,0,0,0,0,0,0.0139622043918919,0,0.0685969172297297,7.91807432432432e-05,0,0,0,0,0,0,0,0,0,0,7.91807432432432e-05,0.00142525337837838,0,0,0.00203230574324324,0,0,0.00947529560810811,0.00517314189189189,0.000290329391891892,0.000184755067567568,0,0,0.00340477195945946,0.00137246621621622,0.024097339527027,0,0,0,0,0,0,0,0,0,0,0,0,0,0,0,0,0,0,0,0,0,0,2.63935810810811e-05,0,0,0,0,0,0,0,0,0,0
"6","H6",0,0.000256910903298736,0,0,0,0,0,0,0,0,0,0.00123317233583393,0,0.269037097934436,0,0.00305723974925496,0,0.00688521220840612,0,0.0023378892200185,0,0,0,0.00208097831671976,0,0,0,0,0.00904326379611551,0,0,0,0,0.0218374267803926,0.00159284760045216,0,0.000565203987257219,0.00637139040180865,0,0.000513821806597472,0,0.00292878429760559,0.085577021888809,0,0.00624293495015928,0.00110471688418456,0.0331158154352071,0.00447024971739801,0.00159284760045216,0,0.00364813482684205,0.00976261432535197,0.00208097831671976,0,0.00811838454424006,0.000102764361319494,0,0.000950570342205323,0.00269756448463673,0,0.0173157948823348,0,0,0,0,0.000873497071215702,0,0,0,0,0,0,0,0,0,0,0.0050611447949851,0,0,0.00187544959408077,0,0,0.000770732709896208,0.0166992087144178,5.13821806597472e-05,0,0,0,0,0,0,0,0.0211951495221457,0,0,0,0,0,0,0,0.0509711232144692,0,0,0.000308293083958483,0,0.00387935463981091,0.000385366354948104,0,0,0,0,0,0.0028260199362861,0,0,0,0,0.000565203987257219,0.00159284760045216,0.00883773507347652,0.000488130716267598,0,0,0,0,0,0,0,0,0.0132566026102148,0,0,0.0013616277874833,0,0.00100195252286507,0,0,0,0.0634569931147878,0,0,0.00845236871852841,0.0050611447949851,0,0,0,0,0.187390812866098,0.0013616277874833,0.00426472099475902,0,0,0,0,0,0.00349398828486281,0,0,0,0.000179837632309115,0,0.000847805980885829,0,0,0,0,0,0,0,0,0,0,0,0,0.0155944918302333,2.56910903298736e-05,0,0,0,0,0.000436748535607851,0,0,0,0,0,0,0.00156715651012229,0.00118179015517419,0,0,0.00385366354948104,0,0,0,0.0102507450416196,0,0.00894049943479601,0,0.00246634467166787,0,0,0,0,0,0,0,0,0,0,0,0,0,0,0,0.000154146541979242,0,0,0,0,0,0,0,0,0,0,0,0,0,0,0,0.00580618641455143,0,0,0,0,0,0.0028260199362861,0.026821498304388,0.000822114890555955,0,0,0,0,0.00128455451649368,0.0018497585037509,0,0,0,0,0,0,0,0.00092487925187545,0,5.13821806597472e-05,0,0,0,0,0,0,0,0,0,0,0,0.00411057445277978,0,0,0,0,0,0,0,0,0,0,0
"7","H7",0,0,0,0,0,0,0,0,0,0.000594494976517448,0,0,0,0,0,0.000178348492955235,0,0,0,0,0.00200146642094208,0,0,0,0,0,0,1.98164992172483e-05,0.00299229138180449,0.0011889899530349,0,0,0,0,0,0.000435962982779462,0,0.00247706240215603,0,0,0,0.00548917028317777,0.172680974179102,0,0.0378693300041615,0.00212036541624557,0.0167053088401403,0.0847155341537364,0.017319620315875,0,0,0,0,0,0.00814458117828904,0.00152587043972812,0,0.00116917345381765,0.00616293125656422,0,0,0,0,0,0,0,0,0,0,0,0.00210054891702832,0,0,0,0,0,0.00642054574638844,0,0,0,0.000158531993737986,0.00105027445851416,0.00604403226126073,0.000495412480431207,0,0,0,0,0,0,0,0.000931375463210669,0.0107999920734003,0,0.00249687890137328,0,0.00210054891702832,0,0,0,0.0113746705507005,0,0,0,0,0,0,0,0,0,0,0,0,0,0,0,0,0,0.00978935061332065,0,0.00081247646790718,0,0,0,0,0,0,0,0,0.0217783326397559,0,0,0,0,0.0249687890137328,0.0005746784773002,0,0.000277430989041476,0.0158531993737986,0,0,0,0,0,0,0,0,0.234131938251788,0.00495412480431207,0,0.0168836573330955,0,0,0,0,0,0.000158531993737986,0.000178348492955235,0,0,0,0,0.00011889899530349,0,0.000713393971820938,0,0,0,0,0,0,0,0,0,0,0,0,0,0,0,0,0,0,0,0.000614311475734697,0,0,0,0,0,0,0.0161900798604918,0,0.000257614489824228,0,0,0,0,0,0,0,0,0,0,0,0,0,0,0,0.0204704436914175,0,0,0,0,0,0,0,0,0,0,0,0,0,0,0,0,0,0,0,0,0,0,0.00108990745694866,0,0.022511543110794,0,0.000792659968689931,0,0.156926857301389,0,0,0,0.0350752036145295,0.00303192438023899,0,0,0.000336880486693221,0,0,0,0,0,0,0.000297247488258724,0,0,0,0,0,0,0,0,0,0,0,0,0,0.000673760973386442,0,0,0,0.000178348492955235,0.00259596139745952,0,0,0,0,0,0
"8","H8",0,0,0,0,0,0,0,0,0,0,0,0,0,0,0.0123658146017437,0.00649427673328984,0,0,0.000266888084929719,0.00456675167546409,5.93084633177154e-05,0,0,0.0109127572504596,0,0,0,0,0.00415159243224008,0,0,0,0,0.00115651503469545,0,0.00038550501156515,0,0.00151236581460174,0,0,0.00228337583773204,0.000504121938200581,0,0,0.00376608742067493,0.00278749777593263,0.0104975980072356,0.00157167427791946,0.00317300278749778,0,0,0,0,0,0,0.0115058418836368,8.89626949765732e-05,0.000978589644742305,0.0110313741770951,0,0,0,0,0,0,0.0030840400925212,0,0,0,0,0,0,0,0,0.017288417057114,0,0.0167842951189135,0,0,2.96542316588577e-05,0,0,0,0,0,0,0,0,0,0,0,0.00394401281062808,0.0299211197437874,0.000177925389953146,0,0,0,0,0,0,0,0,0,0,0,0.00139374888796631,0.00100824387640116,0.0468240317893363,0,0,0,0,0,0.00859972718106874,0,0,0,0.0995492556787854,0.00163098274123717,0.00352885356740407,0.00038550501156515,0,0,0,0,0,0,0,0,0.00868868987604531,0,0,0.00376608742067493,0,0.00450744321214637,0,0.000593084633177154,0,0.0201945317596821,0,0,0.00690943597651385,0.00186821659450804,0.000948935413083447,0,0,0.000919281181424589,0.254967083802859,0,5.93084633177154e-05,0,0,0,0,0,0.0212917383310598,0,0.00115651503469545,0.00038550501156515,0,0,0,0,0,5.93084633177154e-05,0,0,0,0,0,0,0,0,0,0,0,0,0,0,0,0,0,0,0,0.000948935413083447,0,0,0.000859972718106874,0.00174959966787261,0,0,0.00427020935887551,0,0.000711701559812585,0,0.00243164699602633,0,0,0,0.00038550501156515,0,0,0,0,0,0,0,0,0,0.00183856236284918,0,0,0,0,0,0,0,0,0.243194353834292,0,0,0,0,0,0,0,0,0,0,0,0,0.00809560524286816,0.00563430401518297,0.00213510467943776,0.0034398908724275,0,0.000711701559812585,0.0036474704940395,0.0117727299685665,0,0,0.00753217484134986,0,0,0.00601980902674812,0.0196607555898227,0,0,0,0,0,0,0,0,0,0,0,0,0,0,0,0,0,0,5.93084633177154e-05,0.000682047328153728,0,0.0165767154973015,0,0,0,0,0.0057529209418184,0,0,0,0.00136409465630746,0,0
"9","H9",0,0.000355208240831187,0,0,0,0.000510611846194832,0,0,0,0,0,0,0,0,0,0.000399609270935086,0,0.0683997868750555,0.000222005150519492,0.00119882781280526,0,0,0,0.00646034988011722,0,0,0,0,0.00783678181333807,0,0,0.0103898410443122,0.00248645768581831,0.000577213391350679,0,0,0,0,0,0,0,0.0026640618062339,0.0136533167569488,0,0.000754817511766273,0,0.000754817511766273,0.0412041559364177,0.00639374833496137,0.00264186129118196,0,0.00321907468253263,0,0,0.00146523399342865,0.000799218541870171,0,0,0.0041070952846106,0,0.00679335760589646,0,0,0,0,0.000621614421454578,0,0,0,0,0,0,0,0,0.0014874345084806,0,0.00674895657579256,0.00244205665571441,0,0,0,0,0.000488411331142883,0.0015318355385845,0.000865820087026019,0,0,0,0,0,0,0.00459550661575349,0.0111668590711304,0,0,0,0,0,0,0,0.00803658644880561,0,0,0,0,0.00133203090311695,0.000777018026818222,0.00905781014119528,0,0,0,0,0,0.00874700293046799,0,0,0,0,0.000688215966610425,0.00599413906402629,0,0,0.000222005150519492,0,0,0,0,0,0,0.00304147056211704,0,0,0.00774797975313027,0,0,0,0.00124322884290916,0,0.00486191279637688,0,0.00122102832785721,0.000888020602077968,0.0130761033655981,0,0,0,0.00128762987301305,0.344352188970784,0,0.00142083296332475,0,0,0,0,0,0.00608294112423408,0,0.00233105408045467,0,0,0,0,0.00028860669567534,6.66015451558476e-05,0,0,0,0,0,0,0,0,0,0,0,0,0,0.000466210816090933,0,0,0.000177604120415594,0,0,0,0.000244205665571441,0,0,0.00124322884290916,0.00619394369949383,0,0,0.000865820087026019,0,0,0,0.001309830388065,0,0.00155403605363644,0,0.000466210816090933,0,0,0,0,0,0,0,0,0,0,0.00179824171920789,0,4.44010301038984e-05,0,0,0,0,0,0.215900008880206,0,0,0,0,0,0,0,0,0,0,0,0,0.0258413995204689,0,0.00588313648876654,0.0279060474203002,0,0.000222005150519492,0.0102122369238966,0.0334339756682355,0.00816978953911731,0.000199804635467543,0,0,0,0.00492851434153272,0.0098348281680135,0.000355208240831187,0,0,0,0,0,0.00082141905692212,0,0,0,0.000377408755883136,0,0.000244205665571441,0,0,0,0,0,0,0,0,0.00222005150519492,2.22005150519492e-05,0,0,0,0.00306367107716899,0,0,0,0,0,0
"10","H10",0,0,0,0,0,0,0,0,0,0,0,0,0,0.000908478152565718,0,0,0,0,0,0,0.00111361838056443,0.00105500688685051,0,0.0159130205433285,0,0,0,0.000615420683996132,0,0,0,0,0,0.000117222987427835,0,0,8.79172405708759e-05,0.112270316209009,0,0,0,0.020572634293585,0,0,0,0.0107552090965038,0.00527503443425256,0.106965976027899,2.93057468569587e-05,0.000117222987427835,0,0,0,0,0.240014066758491,0.0381560824077602,5.86114937139173e-05,0.015619963074759,0,0,0,0,0,0,0,0,0,0,0,0,0,0,0,0,0.00167042757084664,0,0.00542156316853735,0,0.000908478152565718,0,0,0.0069454620050992,0,0,0,0.00334085514169329,0.00395627582568942,0,0,0,0,0.00656448729595874,0.00123084136799226,0,0,0,0,0,0,0,0,0,0,0,0,0,0,0,0,0,0,0,0,0,0,0,0.000322363215426545,0.032587990504938,0.0096415907159394,0.0534243765202356,0.00278404595141107,0,0,0,0,0,0,0,0,0.0186091492541687,0,0,0,0,0.00990534243765202,0,0.00392697007883246,0,0,0,0,0,0,0,0,0,0,0.189784016645664,0.00518711719368168,0.0163526067461829,0.00413211030683117,0.00298918617940978,0,0,0,0,0,0,0,0,0,0,0,0,0,0.000146528734284793,0.00087917240570876,0.000849866658851801,0,0,0,0,0.00316502066055153,0,0,0.000117222987427835,0,0,0,0,0.000732643671423966,0,0,0,0,0,0,0,0,0,0,0,0,0,0,0,0,0,0,0.0137443952759136,0,0.000234445974855669,0,0,0,0,0,0,0,0.000761949418280925,0,0,0,0,0,0,0,0.00137737010227706,0,0,0,0,0,0,0,0.000674032177710049,0,0,0,0,0,0,0,0,0,0,0,0,0.000586114937139173,0,0,0,0.0256425284998388,0,0,0,0,0,0,0,0,0,0,0,0,0,0,0,0,0,0,0,0,0,0,0,0,2.93057468569587e-05,0,0,0,0,0,0,0,0.00172903906456056,0,0,0
"11","SLE1",0,0,0,0,0,0,0,0,0,0.00239786317003582,0,0,0,0.000273174285193954,0,0,0,0,0,0,0,0,0.000515995872033024,0.00594912887755721,0,0,0,0,0,0,0,0,0,0,0,0,0,0,0,0,0,0.0114126145814363,0.0231894615431312,0,0,0.00245856856674558,0.0135980088629879,0.00245856856674558,0,0,0,0,3.03526983548837e-05,0,0.0758817458872094,0.000151763491774419,0,0.000151763491774419,0.0124446063255023,0,0.0120803739452437,0,0,0,0,0,0,0,0.000424937776968372,0,0.000789170157226977,0,0,0,0.0101985066472409,0,0.00248892126510047,0.00212468888484186,0,0,0.00339950221574698,0.00239786317003582,0.000576701268742791,0.00342985491410186,0,0.000333879681903721,0.00072846476051721,0.000546348570387907,0,0,0,0.000546348570387907,0.0346627815212772,0,0,0,0,0,0,0,0,0.00100163904571116,0,0.00215504158319675,0,0,0,0,0,0,0,0,0,0,0,0,0,0.000576701268742791,0,0.0286529472470103,0.015145996479087,0,0,0,0,0,0,0,0,0.0357858313604079,0,0,0,0,0.0024282158683907,0.00458325745158745,0,0,0.0156923450494749,0,0.00309597523219814,0,0,0,0,0,0.0192739634553512,0.00121410793419535,0.0160565774297335,0.00464396284829721,0,0.000394585078613489,0.00048564317367814,0,0,0.334092150792205,0.000151763491774419,0.00236751047168093,0,0,0,0,0.000424937776968372,0.000212468888484186,9.10580950646512e-05,0,0,0,0,0,0,0,0,0,0,0,0,0,0,0,0.0046743155466521,0.00206398348813209,0,0,0,0,0,0.00619195046439629,0,0,0,0.028470831056881,0,0,0,0,0,0,0,0,0.000424937776968372,0,0,0,0,0,0,0,0,0.0422813088083531,0,0,0,0,0.000758817458872094,0,0,0,0.00136587142596977,0,0,0,0,0,0,0,0,0,0,0,0,0,0,0,0,0,0.00740605839859163,0,0,0,0,0,0.0144478844169247,0,0.000303526983548838,0.151915255266193,0,0,0,0,0,0,0,0,0,0,0.000151763491774419,0.000182116190129302,0,0,6.07053967097675e-05,0.0118679050567595,0.000151763491774419,0,0.00236751047168093,0,0,0.0104716809324349,0,0,0,0,0,0,0,0.000273174285193954,0,0,0
"12","SLE2",8.64677907479464e-05,0,0,0,0,0,0,0,0.000518806744487678,0.00994379593601383,0,0,0,0,0,0,0,0,0,0,0,0,0,0.00415045395590143,0,0.00216169476869866,0,0,0,0,0,0,0,0,0,0,0,0,0,0,0,0,0.000893500504395446,0,0.000662919729067589,0,0,0.000893500504395446,0,0,0,0.114569822741029,0,0,0.000288225969159821,0,0,0,0.00642743911226401,0.00835855310563482,0.0384493442859202,0,0,0,0,0,0,0,0.000489984147571696,0,0,0,0,0,0,0,0.00103761348897536,0,0.00195993659028678,0,0.0115290387663929,0.000259403372243839,0,0,0,0,0,0,0,0,0,0.0143536532641591,0.113388096267474,0,0,0.00308401787001009,0,0,0,0,0.0833549502810203,0.00536100302637268,0,0,0,0,0,0,0,0.000979968295143392,0,0,0,0,0,0,0,0.0100302637267618,0.00236345294711053,0.0173512033434212,0,0,0,0,0,0,0,0,0,0.185963395301917,0,0,0,0.00694624585675169,0.00118172647355527,0.000288225969159821,0,0,0.0185329298169765,0,0,0.0248450785415766,0,0,0.000374693759907768,0,0,0.102031993082577,0,0,0,0,0.000922323101311428,0.000317048566075803,0,0.0864966133448624,0,0,0,0,0,0,0,0,0,0,0,0,0,0,0,0,0,0,0,0,0,0,0,0,0.0137195561320075,0.000288225969159821,0.00256521112552241,0,0,0,0,0,0,0,0,0.000259403372243839,0,0,0,0,0,0,0,0,0,0.000317048566075803,0,0,0,0,0,0,0,0,0,0,0,0,0,0,0,0,0.0314454532353365,0,0,0,0.000317048566075803,0,0,0,0,0,0,0,0,8.64677907479464e-05,0,0,0,0.00400634097132152,0,0,0,0,0,0,0.0171494451650094,0,0.00342988903300187,0.0102896670990056,0,0,0,0,0,0.00683095546908776,0.00933852140077821,0.0124801844646203,0.000144112984579911,2.88225969159821e-05,0.000201758178411875,0,0,0.00040351635682375,0,0.0021040495748667,0.000230580775327857,0.00109525868280732,2.88225969159821e-05,0.000144112984579911,0,0.000778210116731518,0.000374693759907768,0,0,0,0.00109525868280732,0,0,0,0,0,0
"13","SLE3",0,0,0,0,0,0,0,0,0,0,0,0,0,0.370250038987368,0.00423662733274419,0.00231325050683579,0.00038987368092738,0.0376877891563134,0,0.00012995789364246,0,0,0,0.00163746945989499,0,0,0,0,0.00371679575817435,0.000961688412954203,0.000831730519311743,0,0,0.00106565472786817,0,0.000155949472370952,0,0,0,0.00888911992514425,0,0,0.127488693663253,0.00163746945989499,0.0145033009304985,0.00103966314913968,0.0411966522846598,0.00673181889067942,0,0,0,0,0.00012995789364246,0,0.000311898944741904,0,0,0,0.00857722098040235,0,0.00460050943494308,0,0,0,0,0.000155949472370952,0,0,0.000727764204397775,0.000233924208556428,0,0,0,0,0,0,0.00132557051515309,0,0,0,0,0,0,0,0,0,0,0,0,0,0,0.00834329677184592,0.000753755783126267,0,0,0,0,0,0,0.000155949472370952,0.00319696418360451,0,0.00246919997920674,0,0,0.000649789468212299,0.000805738940583251,0.0163746945989499,0,0,0.00038987368092738,0,0,0.00735561678016323,0,0,0,0.000961688412954203,0.000545823153298331,0.00220928419192182,0,0,0,0,0,0,0,0,0,0.00140354525133857,0,0,0.0025991578728492,0.000311898944741904,0,0,0.00771949888236211,0,0.0051723241669699,0,0,0.0424182564848989,0.0156209388158237,0.00166346103862349,0,0,0,0.142953683006706,0.000571814732026823,2.5991578728492e-05,0,0,0,0,0,0.00920101886988616,0,0.00106565472786817,0,0.000207932629827936,0,0.00114362946405365,0,2.5991578728492e-05,0,0,0,0,0,0,0,0,0,0,0,0.000597806310755315,0,0,0,0,0.00153350314498103,0.00174143577480896,0,0,0,0,0,0.00142953683006706,0.00428861049020117,0,0,0.00288506523886261,0,0.00025991578728492,0,0.0012995789364246,0,0,0,0,0,0,0,0.00530228206061236,0,0,0,0,0,0.0136975619899153,0,0,0,0,0,0,0,0,0.00244320840047824,0.000493839995841347,0.000181941051099444,0,0,0,0,0,0,0,0,0,0.000181941051099444,0.000337890523470396,0,0.00207932629827936,0.00426261891147268,0,0.000441856838384363,0,0.0147372251390549,0,0,0,0,0.000623797889483807,0.011254353589437,0.0074595830950772,0,0,0,0,0,0,0,0,0,0,0,0,0,0,0,0,0,0,0,0,0,0.00345687997088943,0,7.79747361854759e-05,0.00114362946405365,0,0.000545823153298331,0,0,0,0,0,0
"14","SLE4",0,0,0,0,0,0,0,0,0,0.00121609212518303,0,0.000496364132727769,0,0,0,0.0042935497480952,0.000546000546000546,0.00920755466210012,0,0.00173727446454719,0,0,0,0.00660164296527933,0,0,0,0,0.00449209540118631,0,0,0,0,0,0,0,0.000521182339364158,0.00114163750527387,0,0,0,0.000843819025637207,0,0,0.0238254783709329,0.00233291142382051,0.0637579728488819,0.00263072990345718,0,0,0,0,0,0,0.000223363859727496,0.0125331943513762,4.96364132727769e-05,0.000124091033181942,0.0132777405504678,0,0.012136103045194,0,0,0,0,0.000148909239818331,0,0,7.44546199091654e-05,0,0,0,0,0,0.0172982900255628,0,0.0311716675353039,0.0019358201176383,0,0,0,0.000148909239818331,0,0.000893455438909984,0,0,0,0,0,0,0,0.0117886481522845,0.0148661057751967,0,0,0.00444245898791353,0,0,0,0,0.000297818479636661,0.0161566525202889,0,0,0.0123346486982851,9.92728265455538e-05,0.00188618370436552,0.000744546199091654,0,0,0,0,0,0.00176209267118358,0,0,0,0.000521182339364158,0.00104236467872832,0.0103988285806468,0.00096791005881915,0,0,0,0,0,0,0,0,0.0539795994341449,0,0,0.0217159308068399,0,0,0,0,0,0.0151142878415606,0.000198545653091108,0.00223363859727496,0.00158836522472886,0,0,0,0,0.000868637232273596,0.408631772268136,0,0.00320154865609411,0,0,0,0,0,0.0116645571191026,0,0.00486436850073214,0,0,0,0,0,0,0,0,0,0,0,0,0,0,0,0,0,0,0,0,0,0,0,0,0,0,0.000248182066363885,0,0,0,0,0,0,0.00357382175563994,0.000893455438909984,0,0,0.027027027027027,0,0,0,0.0025810934901844,0,0,0,0,0,0,0,0,0,0,0,0,0,0,0,0,0,0,0.00819000819000819,0,0,0,0,0,0,0,0,0,0,0,0,0.00250663887027523,0,0,0,0,0.00707318889137071,0,0.0271262998535726,0.000173727446454719,0,0,0,0.00124091033181942,0.0544263271535999,0.0444245898791353,0,0,2.48182066363885e-05,0,0,0,0,0,0,0,0.000372273099545827,0,0,0,0,0.000421909512818604,4.96364132727769e-05,0,0,0.000248182066363885,0,0.00143945598491053,7.44546199091654e-05,0,0.000397091306182215,0,0.00245700245700246,0,0,0,0,0,0
"15","SLE5",0,0,0,0.00862560322225178,0,0,0,0,0,0.00649770110574914,0,0,0,0.00132993882281415,0,0.000987954554090512,0,0.0129954022114983,0,0,0.000569973781206065,0,0,0.00547174829957822,0,0.00159592658737698,0,0,0.00676368887031197,0,0,0.00433180073716609,0,0.164418436751909,0,0,0,0.0044077972413269,0,0,0,0.000607972033286469,0.0062317133411863,0,0.0131473952198199,0,0.00231789337690466,0.0813162594520652,0.00106395105825132,0.000493977277045256,0,0.0248508568605844,0.000721966789527682,0.0109814948512368,0.0465098605464149,0.000151993008321617,0,0.000341984268723639,0.00474978151005054,0,0.0577573431622145,0,0,0,0,0.00117794581449253,0,0,0,0,0,0,0,0,0,3.79982520804043e-05,0,0,0,0.00284986890603032,0.00980354903674431,0.00148193183113577,0,0.000341984268723639,0,0,0,0.00300186191435194,0,0,0,0.00239388988106547,0.00486377626629175,0,0,0,0.00170992134361819,0.00680168712239237,0,0,0.0367823080138314,0,0,0,0,0,0.00839761370976935,0,0,0,0,0,0,0,0.000645970285366873,0,0,0.00208990386442224,0,3.79982520804043e-05,0.00243188813314588,0,0,0,0,0.000341984268723639,0,0,0,0.158186723410723,0,0,0,0,0.00212790211650264,0,0,0,0.0097275525325835,0,0.00645970285366873,0.00482577801421135,0,0,0,0,0,0.025192841129308,0,0.000151993008321617,0,0.0320705247558612,0,0.000683968537447277,0,0.061557168370255,0,0,0,0,0,0,0,0,0,0,0,0,0,0.000341984268723639,0,0,0,0,0.00406581297260326,0.00873959797849299,0,0,0,0,0,0,0.000873959797849299,0,0,0.00053197552912566,0,0,0,0,0,0.0043697989892465,0,0.00592772732454307,0,0.00391381996428164,0,0,0,0.00132993882281415,0,0.00227989512482426,0,0,0,0,0,0,0.000227989512482426,0.0079796329368849,0,0,0.000113994756241213,0,0,0,0,0,0.00208990386442224,0.000493977277045256,0,0,0,0,0,0,0,0,0,0,0,0,0,0,0,0,0.00938556826385986,0,0,0,0,0,0.0302846069080822,0,0.0035338374434776,0.00398981646844245,0,0,0,0,0,0,0,0.00102595280617092,0.00026598776456283,0.000417980772884447,0.000189991260402022,3.79982520804043e-05,0,0,0.000113994756241213,0.0430900178591785,0.00053197552912566,0,0.00360983394763841,0,0,0.00398981646844245,0,0,0.000835961545768895,0,0,0,0,0,0,0,0
"16","SLE6",0,0,0,0,0,0,0,0,0,0,0,0,0,0.402627308215273,0.0012939163998421,0.00103074696258608,4.38615728760033e-05,0.00171060134216413,0,0.00335541032501426,0,0,0.00039475415588403,0,0.000460546515198035,0,0,0,0.108052984780034,0,0,0,0,0,0,0,2.19307864380017e-05,0.026755559454362,0,0.00100881617614808,0,0.000570200447388043,0.00105267774902408,0,0.00212728628448616,0,0.00328961796570025,0.026295012939164,0,0.00469318829773236,0,0,0,0,0.00107460853546208,0.00489056537567437,0,0,0.00969340760559674,0,0.00223694021667617,0,0,0,0,0.0091670687310847,0,2.19307864380017e-05,0,0,0.000350892583008027,0,0,0,0.0167331900521953,0,0.0353085661651827,0.00254397122680819,0,0.0381595684021229,0,0.00103074696258608,0.000943023816834072,0,0,0.00434229571472433,0,0.00804859862274661,0,0,0,0.000438615728760033,0.0859467520505285,0,0,0,0.000548269660950042,0,0.000811439098206062,0,0.0249353041800079,0,0,0,0,0.000307031010132023,0,0,0,0,0,0.000767577525330058,0,0,0,0.000219307864380017,0,0.000307031010132023,0,0,0.00228080178955217,0,0,0,0,0.000285100223694022,0,0,0,0.0228080178955217,0,0,0,0,0,0,0,0,0.00550462739593842,0,0,0,0,0.000197377077942015,0,0.000241238650818018,0,0.0189043379095574,0.00157901662353612,0,0,0,0,0,0,0,0.000767577525330058,0,0,0.000197377077942015,0,0,0.000416684942322032,0.000635992806702048,4.38615728760033e-05,0,0,0,0,0,0,0,6.5792359314005e-05,0,0,0.00182025527435414,0.0149129347778411,0.000460546515198035,0,0,0,0,0,0,0.00065792359314005,0,0,0.00120619325409009,0,0.000175446291504013,0,0.00543883503662441,0,0,0,0.00245624808105619,0,0,0,0.000372823369446028,0,0.00052633887451204,0,0,0,0,0,0.00230273257599017,0,0.00434229571472433,0,0,0.000219307864380017,0,0,0,0,0,0.00155708583709812,0,0.000153515505066012,0,0,0,0,0,0,0,4.38615728760033e-05,0,0,0,0,0,0,0,0,0,0.00171060134216413,0,0,0,0.000548269660950042,0,0.000877231457520067,0.0448484582657134,0,0,0,0,0,0,0,0,0,0,0,0,0,0,0,0,0,0,0,0,0,0.000197377077942015,0,0,0.000614062020264047,0,0.0270187288916181,0,0,0,0,0,0
"17","SLE7",0,0,0.00107840279801807,0,0,0.00014573010784028,0,0,0,0.000466336345088895,0,0,0,0.0258233751092976,0,0.000262314194112504,0,0.0200816088603906,0,0.000466336345088895,0,0,0.000728650539201399,0.0014573010784028,0,0,0,0,0.0120081608860391,0,0,0,0,0,0,0,0,0.00230253570387642,0.00241911979014864,0,0,0.00550859807636258,0,0,0,0.000845234625473623,0.00233168172544448,0.100378898280385,0.00355581463130283,0,5.82920431361119e-05,0,0,0,0.0017196152725153,5.82920431361119e-05,0,0.00454677936461673,0.014048382395803,0,0,0,0,0,0,0,0,0,0.000495482366656951,0,0,0,0,0,0.00300204022150976,0,0.00597493442145147,0.00247741183328476,0,0,0,0,0,0,0,0,0,0,0,0,0,0,0.011483532497814,0,0,0,0,0,0,0,0.0615563975517342,0,0,0,0,0,0,0,0,0,0,0,0,0,0,0,0,0.000845234625473623,0.00250655785485281,0.00498396968813757,0.00177790731565141,0.000174876129408336,0,0,0,0,0,0,0,0.0868551442728068,0,0,0.00212765957446809,0,0.00375983678227922,0.00241911979014864,0,0,0.00314777032935004,0,0.00195278344505975,0.0568055960361411,0,0.00492567764500146,0,0,0.00306033226464588,0.165024774118333,0.000990964733313903,2.9146021568056e-05,0,0,0,0,0,0.00568347420577091,0,0.0133780238997377,0,0.00014573010784028,0,0,0,0,0,0,0,0,0,0,0,0,0,0,0,0,0,0,0,0,0.108073447974352,0,0,0,0,0,0,0.000495482366656951,0,0.000204022150976392,0,0.0102302535703876,0,0,0.000466336345088895,0,0,0,0,0,0,0,0,0,0,0,0,0,0,0.0260856893034101,0,0,0,5.82920431361119e-05,0,0,0,0,0.00215680559603614,0,0,0,0,0,0,0,0,0,0,0,0.000116584086272224,0.00716992130574177,0,0,0.116380064121247,0,0.000699504517633343,0,0.0547653745263771,0.00236082774701253,0,0,0.00110754881958613,0,0.00183619935878753,0.0175750510055377,0.00212765957446809,0,0,0,0,0,0,0,0,0,0.000233168172544448,0,0,0,0,0.00014573010784028,0,0,0,0,0,0.000174876129408336,0,0,0.00110754881958613,0,0.000553774409793063,0,0,0,0,0,0
"18","SLE8",0,0,0,0,0,0,0,0,0,0,0,0,0,0.0345891585082473,0,0,0,0.0191230810254847,0,0.00201897070587787,0,0,0.000342844082130205,0.00123804807435907,0.000666641270808731,0,0,0,0.0128566530798827,0,0,0.00594263075692355,0,0.00491409851053293,0,0,0.00224753342729801,0,0,0.000171422041065102,0,0,0.000742828844615443,0,0,0,0.0237133823473391,0.0575406651175193,0.00110471982019733,0.016266047007733,0,0.00333320635404366,0.000438078549388595,0,0.0417317435526266,0.0236562416669841,5.71406803550341e-05,0,0.0161327187535713,0,0.00300940916536513,0,0,0,0,0,0,0,0,0,0,0,0,0,0,0,0,0,0,0,0,0,0,0.000133328254161746,0,0,0,0,0,0,0,0,0.000742828844615443,0,0.00180945487790941,0.000380937869033561,0,0,0,0,0.0821302045636357,0.00133328254161746,0,0,0,0.000323797188678527,0,0,0.000552359910098663,0,0,0,0,0,0,0,0,0.000419031655936917,0.000723781951163765,0,0.000304750295226849,0,0,0,0,0,0,0,0,0,0.0933107310197707,0,0,0,0.00106662603329397,0,0,0,0,0.000952344672583902,0,0,0,0,0,0,0,0.389813721382043,0.00752352291341282,0.00129518875471411,0,0,0,0,0,0,0,0.000133328254161746,0,0,0,0,0,0,0,0,0,0,0,0,0,0,0,0,0,0,0,0,0,0,0,0,0,0,0.00179040798445773,0,0,0.00241895546836311,0,0,0,0.00019046893451678,0,0,0,0.0071044912574759,0,0,0,0,0,0,0,0,0,0,0,0,0,0.00213325206658794,0,0,0,0,0,0,0,0,0.0563978515104187,0.00028570340177517,0,0,0,0,0,0,0,0,0,0,0,0.000914250885680546,0,0,0.0034665346082054,0,0,0,0,0,0,0,0.000723781951163765,0,0.00426650413317588,0.0650070473505771,0,0,0,0,0,0,0,0,0,0,0,0,0,0,0,0,0,0,0,0,0,0,0,0,0.000514266123195307,0,0,0,0,0,0,0,0
"19","SLE9",0,0,0,0,0,0,0,0,0.00120470762672598,0.00852562320452229,0,0,0,0,0,0,0,0,0,0,0,0,0.000401569208908658,0.00580730855960214,0,0.000556018904642758,0,0,0,0,0,0.00565285886386804,0,0,0,0,0,0,0,0,0,0.00271831464492015,0,0,0.0012355975658728,6.17798782936398e-05,0,0.00160627683563463,0.00126648750501962,0,0,0,0.000586908843789578,0,0.0142093720075371,0.00929787168319278,0,0.00661044697741945,0.00200784604454329,0,0,0.000216229574027739,0,0,0,0,0,0,0.000586908843789578,0,0,0,0,0.0012355975658728,0,0,0.00803138417817317,0,0.00228585549686467,0,0.0324962159824545,0.00370679269761839,0.0010811478701387,0.000803138417817317,0,0,0,0,0,0,0,0.0284496339542211,0.0511228492879869,0,0,0.00432459148055478,0.000803138417817317,0,0,0,0,0.000679578661230037,0,0.0105025793099188,0,0,0,0,0,0.000525128965495938,0,0,0,0,0,0,0,0.000772248478670497,0,0.0371297068544775,0.0235072436907299,0,0,0,0,0,0,0,0,0.185895653785562,0,0,0,0,0.0134371235288666,0.122200599264819,0,0,0.0349056312359065,0,0,0,0,0,0.00135915732246007,0,0,0.00166805671392827,0.000463349087202298,0,0,0.0222716461248571,0,0,0.000463349087202298,0,0,0.000617798782936398,0,0.00101936799184506,0,0,0,0,0,0,0,0,0,0,0,0,0,0,0,0,0,0,0,0,0.0193988817842029,0.0119235165106725,0,0,0,0,0,0,0,0,0,0.000957588113551416,0,0,0.000803138417817317,0,0,0,0,0,0,0.000278009452321379,0,0,0,0,0,0,0,0.00163716677478145,0,0,0,0,0,0,0,0,0.00213140580113057,0,0,0.000803138417817317,0,0,0,0,0,0,0,0,0,0,0,0,0,0,0.00676489667315355,0,0,0,0,0,0.0717264386989158,0,0.000432459148055478,0.221048404534643,0,0,0,0,0,0,0,0.00231674543601149,0,0,0,0,0.000216229574027739,0,0,0,0,0,0.000185339634880919,0.000957588113551416,0,0.00197695610539647,0,0,0.00120470762672598,0,0.000926698174404596,0,0,0,0,0,0
"20","SLE10",0,0,0,0,0,0,0,0,0,0.00119835106892915,0,0,0,0.000766944684114658,0,0,0,0,0,0,0,0,0.000359505320678746,0.0494439651040169,0,0,0,0,0.000982647876521906,0,0,0,0,0,0,0,0,0,0,0.00234876809510114,0,0,0.0596059821685361,0,0.0034033170357588,0.000790911705493241,0.00800498514044675,0.0130380596299492,0,0,0,0,0.00031157127792158,0.00230083405234397,0,0,0,0,0.0018454606461509,0,0.0945978333812674,0,0,0.0049611734253667,0,0,0,0,0.000335538299300163,0,0,0,0,0,0.0122711149458345,0,0.0288323267184354,0,0,0,0,0,0,0,0,0.0591985428051002,0,0.000695043619978909,0,0,0,0.0300546448087432,0.0286885245901639,0,0,0.00675870002876043,0,0,0,0,0,0,0,0,0,0.00172562553925798,0.00987441280797622,0,0,0.000191736171028665,0,0,0,0,0,0,0,0.000431406384814495,0.0065190298149746,0.0119355766465344,0.00656696385773176,0,0,0,0,0,0,0,0,0.0878151663311284,0,0,0.00738184258460359,0,0.00965870961556898,0.000191736171028665,0,0.00117438404755057,0.00625539257981018,0,0.00378678937781613,0.0103297862141693,0,0,0,0,0,0.0735547886108714,0.000455373406193078,7.19010641357492e-05,0,0,0,0,0,0.106629278113316,0,0.00301984469370147,0,0.000167769149650081,0,0,0,0,0,0,0,0,0,0,0,0,0,0,0,0,0,0,0,0,0,0,0,0,0.000191736171028665,0,0,0,0,0,0,0.00167769149650081,0,0,0,0.000359505320678746,0.0235595820151472,0.0104496213210622,0,0.00364298724954463,0,0,0,0,0.000119835106892915,0,0,0,0,0.00697440322116767,0,0,0,0,0,0,0,0,0.00148595532547215,0.00635126066532451,0,0,0,0,0,0,0,0,0,0,0,0.000359505320678746,0,0,0,0,0.00294794362956572,0,0.00814878726871824,0,0,0,0.0754481832997795,0,7.19010641357492e-05,0.0811283673665037,0,0,0,0,0,0,0,9.58680855143323e-05,0,0.000407439363435912,0,0,0,0.000695043619978909,0,0,0,0,0.000790911705493241,0,0,0.00186942766752948,0.000191736171028665,0,0.00150992234685073,0,0.0123909500527274,0,0,0,0,0.000599175534464577,0
"21","SLE11",0,0,0,0,0,0,0,0,0,0,0,0,0,0,0,0,0,0,0,0,0,0,0.000645433557580121,0.000372365513988531,0,0,0.000297892411190825,0.000124121837996177,0,0,0,0,0,0,0,0,0,0.00997939577489263,0,0,0,0.187423975374227,0,0,0,0.111188342476975,0,0.00139016458555718,0.000844028498374004,0,0,0,0.340168309212323,0,0.00250726112752278,7.44731027977062e-05,0,0,0,0,0,0,0,0,0,0,0,0,0,0,0.000570960454782414,0,0,0,0,0,0,0,0,0,0,0.0578159521386193,0,0.00225901745153042,0,0.0322965022466053,0,0,0,0,0,0.00727353970657597,0,0,0,0.00729836407417521,0,0.000744731027977062,0,0,0,0,0,0,0,0,0,0,0,0,0,0,0,0,0,0,0,0.000397189881587767,0,0,0.000372365513988531,0,0,0.00131569148275948,0,0.000248243675992354,0.00459250800585855,2.48243675992354e-05,0.000397189881587767,0.0748951170468932,0,0,0,0,0,0,0,0.000223419308393119,0,0,0,0.000819204130774769,0,0,0,0,0,0,0.0095325571581064,0,0,0,0,0,0,0,0.000819204130774769,0,0,0,0,0,0.00809274383735074,0.000819204130774769,0.000496487351984708,0,0,0,0,0,0,0,0,0.000173770573194648,0,0,0,0,0,0,0,0,0,0,0,0,0,0,0,0,0,0,0,0,0,0,0,0,0,0,0,0,0.0241789340416553,0,0,0,0,0,0,0,0,0,0.000968150336370181,0,0,0,0,0,0.00193630067274036,0,0,0,0,0.000297892411190825,0,0,0,4.96487351984708e-05,0,0,0,0,0,0,0,0,0,0,0,0,0,0,0.10488295310677,0,0,0,0,0,0,0,0,0,0,0,0,0,0,0,0,0,0,0,0,0,0,0,0,2.48243675992354e-05,0,0,0.00116674527716406,0,0,0,0,0,0,0,0
"22","SLE12",0,0,0,0,0,0,0,0,0,0,0,0,0,0,0,0,0,0.0241096706899121,0,0,0,0,0.000834450901504992,0.112650871703174,0,0,0,0,0.00411265087170317,0,0.000834450901504992,0,0,0,0,0,0,0,0,0.0012218745343466,0,0.0163909998509909,0,0,0,0,0.0203248398152287,0.0261659961257637,0.00208612725376248,0,0,0,0.000625838176128744,0,0.0751303829533602,0.0605572939949337,2.98018179108926e-05,0,0.0088213381016242,0,0.00670540902995083,0,0,0,0,0,0,0,2.98018179108926e-05,0,0,0,0,0,0,0,0.0274176724780212,0,0,0,0,0,0.00149009089554463,0.00470868722992103,0,0,0,0,0,0,0,0.0456861868573983,0.0155863507673968,0.0148115035017136,0,0.00593056176426762,0,0,0.000178810907465355,0,0,0,0,0,0,0.0250335270451498,0.00193711816420802,0,0,0,0,0,0,0,0,0,0,0.0012218745343466,0.00488749813738638,0.0084339144687826,0.00184771271047534,0,0,0,0,0,0,0,0,0.122366264342125,0,0,0,0,0.00771867083892117,0.00518551631649531,0,0,0.0312919088064372,0,0.00149009089554463,0.0162121889435256,0,0,0,0,0.0104306362688124,0.0281329161078826,0,0.00259275815824765,0,0,0,0,0,0.0331694233348234,0,0.00023841454328714,0,0,0,0,0,0,0,0,0,0,0,0,0,0,0,0,0,0,0,0,0,0,0,0,0.00604976903591119,0,0,0,0,0,0,0,0,0.0504246759052302,0,0,0,0,0,0,0,0,0,0,0,0,0,0,0,0,0,0.0011920727164357,0,0,0,0,0,0,0,0,0.00214573088958426,0.000417225450752496,0,0,0,0,0,0,0,0,0,0,0,0.00786767992847564,0,0,0,0,0,0,0.0730442556995977,0,0,0,0.0270898524810013,0,0.0137982416927433,0.0375800923856355,0,0,0,0,0,0,0,0,0,0,0,0,0,0,0,0,0,0,0,0,0,0,0,0,0.00175830725674266,0,0,0,0,0,0,0,0
"23","SLE13",0,0,0,0.000120857605569118,0,0.000580116506731769,0,0,0,0.000870174760097653,0,0,7.25145633414711e-05,0.00217543690024413,0,0.00045925890116265,0,0.000169200647796766,0,0,0,0,0.016315776751831,0.000821831717870006,0,0,0,0,0,0,0,0,0,0,0,0,0,0,0,0,0,0,0.00164366343574001,0,0,0,0.00328732687148002,0.00128109061903266,0,0,0,0,0,0.00103937540789442,0.000410915858935003,0,0,0.000725145633414711,0.00519687703947209,0,0.0037707572937565,0,2.41715211138237e-05,0.00203040777356119,0,0,0,0,0.000483430422276474,0,0,0,0,0,0.000797660196756182,0,0,0,0,0,0,0,0,0,7.25145633414711e-05,0,0,0,0,0,0,0.0065263107007324,0.00372241425152885,0,0,0.0023446375480409,0,0,0,0,0.0327282395881173,0,0,0,0,0,0.0116990162190907,0,0,0,0,0,0,0.0208116796790022,0,0,0,0,0.00568030746174857,0.0100795243044645,0.00152280583017089,0,0,0,0,0,0,0,0,0.00758985762974064,0.0653114500495516,0,0,0,0.00241715211138237,0,0,0,0.00662299678518769,0,0.00287641101254502,0.0469894370452733,0,0,0,0,0,0.234246211114065,0.0013294336612603,0.000435087380048826,0,0,0,0,0.000846003238983829,0.0341543593338329,0,0.212177612337144,0.00120857605569118,0,0,0,7.25145633414711e-05,0,0,0,0,0,0,0,0,0,0,0,0,0,0,0,0,0,0,0,0,0,0,0,0,0,0.00962026540330183,0,0,0.00135360518237413,0,0,0,0.000507601943390298,0,0,0,0,0,0,0,0,0,0,0,0,0,0,0.000120857605569118,0,9.66860844552948e-05,0,0,0,0,0,0.0787749873099514,0.0165333204418554,0,0,0,0,0,0,0,0,0,0,0,0.0014261197457156,0,0.0119165599091151,0.0558845568151604,0,0.018781271905441,0,0.00659882526407387,0,0,0,0,0,0.00145029126682942,0.0299968577022552,7.25145633414711e-05,0,0,0,0,0,0,0,0,0.000410915858935003,0.00045925890116265,0,0.000870174760097653,0,0,0,0,0,0.000555944985617945,0,7.25145633414711e-05,0.00456841749051268,0,0,0.0013294336612603,0,0.000362572816707355,0,0,0,0.000773488675642358,0.000555944985617945,0.0031664692659109
"24","SLE14",0,0,0,0,0,0,0,0,0.000225920626553204,0,0,0,0,0.0323443030348671,0.000131787032156036,0,0,0.00594924316590105,0,0,0,0,0.000320054220950373,0.0174711951201145,0,0,0,0,0,0.00306875517734769,0,0,0,0.192258453196777,0,3.76534377588674e-05,9.41335943971685e-05,0.04953309737179,1.88267188794337e-05,0,0,0.01063709616688,0,0.00312523533398599,0,0.0049702537841705,0.0336056931997891,7.53068755177348e-05,0.00308758189622713,0,0,0,0.00035770765870924,0,0,0,0,0,0.00438662549890805,0,0,0,0,0,0,0.0016755779802696,0,0,0,0,0,0,0.000112960313276602,0.000903682506212817,0,0,0,0,0,0,0,0.000828375630695082,0,0.000263574064312072,0,0.00210859251449657,0,0,0,0,0,0.00240982001656751,0.000753068755177348,0,0,0,0,0,9.41335943971685e-05,0,0,0.000301227502070939,0,0,0,0.00225920626553204,0,0,0,0,0,0,0,0,0,0,0,0.000376534377588674,0,0,0.00271104751863845,0,0,0,0,0,0,0,0,0.00205211235785827,0,0,0,0,0.00625047066797199,0,0,0,0.00529030800512087,0,0,0.272027261088937,0,0,0,0,0.00380299721364561,0.217994577904963,0.00722946004970254,0,0,0,0,0,0,0,0,0,0,0,0,0,0,0,0,0,0,0,0,0,0,0,0,0,0,0,0,0,0,0,0,0,0,0,0.000376534377588674,0,0,0.00118608328940432,0,0,0,0.0297462158295052,0,0,0,0,0,0,0,0,0,0,0,0,0,0,0,0,0,0.000188267188794337,0,0,0,0,0,0,0,0,0.00114842985164546,0.000602455004141878,0,0,0,0,0,0,0,0,0,0,0,0.00440545221778748,0,0,0,0,0,0,0.00284283455079449,0,0,0,0.0196927479478876,0,0.0019014986068228,0.0455983131259884,0,0,0,0,0,0,0,0,0,0,0,0,0,0,0,0,0,0,0,0,0,0,0,0,0.000564801566383011,0.00035770765870924,0,0,0,0.000244747345432638,0,0,0
"25","SLE15",0.0171919770773639,0,0,0,0,0,0,0,0.057827559260224,0.0218806980984631,0,0,0,0,0,0,0,0,0,0,0,0,0.00299557176348007,0.000911695754102631,0,0,0,0,0,0,0,0,0,0.00312581401406616,0,0,0,0,0,0,0,0,0,0,0,0,0,0.00716332378223496,0,0,0,0,0.00364678301641052,0,0.00117218025527481,0,0,0,0,0,0,0,0,0,0,0,0,0,0.00221411825996353,0,0,0,0,0,0,0,0.00221411825996353,0,0,0,0,0,0,0,0,0,0,0,0,0,0,0,0.00169314925761917,0,0,0,0,0,0,0,0.000911695754102631,0,0,0,0,0,0,0,0,0,0,0,0,0,0,0,0,0.0026048450117218,0,0,0,0,0,0,0,0,0.0345141964053139,0,0,0.0324303203959364,0,0,0,0,0,0,0,0,0,0,0,0,0,0,0,0,0,0.00976816879395676,0,0,0,0,0,0,0,0,0,0,0,0,0,0,0,0,0,0,0,0,0,0,0,0,0,0,0,0,0,0,0,0,0,0,0,0,0,0,0,0,0,0,0,0,0,0,0,0,0,0,0,0,0,0,0,0,0,0,0,0,0,0,0,0.00247460276113571,0,0,0,0,0,0,0.00807501953633759,0.00156290700703308,0,0,0,0,0,0,0,0,0,0.00325605626465225,0,0,0,0,0,0,0.776634540244855,0,0,0,0,0,0,0,0,0,0,0,0,0,0,0,0,0,0,0,0,0,0,0,0,0,0,0,0,0,0,0,0,0,0.00573065902578797,0,0,0,0,0,0,0,0
"26","SLE16",0,0,0,0,0,0,0,0.00014879370815177,0.00014879370815177,0,0,0,0,0,0,0,0,0,0,0,0,0,0.000531406100542034,0.158061430545223,0,0.000276331172281858,0,0,0,0,0,0,0,0,0,0,0,0,0,0,0,0,0,0,0,0,0,0.299755553193751,0,0,0,0,0.000361356148368583,0,0,0,0,0,0.0294398979700287,0,0,0,0,0,0,0,0,0,0,0,0,0,0,0,0,0,0,0,0,0,0,0,0,0,0,0,0,0,0,0,0,0.320650441067063,0,0,0,0,0,0,0,0,0,0,0,0,0,0,0,0,0.000403868636411946,0,0,0,0,0,0,0,0,0.000382612392390265,0,0.0108831969391009,0,0,0,0,0,0,0,0,0,0.134828355829525,0,0,0,0,0.0112445530874694,0,0,0,0,0,0,0.000828993516845573,0,0,0,0,0,0.0227866935912424,0,0,0,0,0.000255074928260176,0,0,6.37687320650441e-05,0,0,0,0,0,0,0,0,0,0,0,0,0.000212562440216814,0,0.00123286215325752,0,0,0,0,0,0,0,0,0,0,0,0,0,0,0,0.000212562440216814,0,0,0,0,0,0,0,0,0,0,0,0,0,0,0,0,0,0,0,0,0,0,0.000340099904346902,0,0,0,0,0,0,0,0,0.00140291210543097,0,0,0,0,0,0,0,0,0,0,0,0,0,0,0,0,0,0.00367733021575088,0,0,0,0,0,0,0,0,0,0,0,0,0.000233818684238495,0,0,0,0.000488893612498671,0,0,0,0,0,0,0,0,0,0,0,0,0,0.000340099904346902,2.12562440216814e-05,0,0.000786481028802211,0,0,0,0,0,0,0,0
"27","SLE17",0,0,0,0,0,0,0,0,0,0.0110609680559243,0,0,0,0.0272837212046132,0,0,0,0,0,0,0,0,0.000560422381500162,0,0,0,0,0,0,0,0,0,0,0,0,0,0,0,0,0,0,0,0,0,0,0,0,0.00218269769636905,0,0,0,0,0,0,0.000383446892605374,0,0,0,0,0,0,0,0,0,0,0,0,0,0,0,0,0,0,0,0,0,0,0,0,0,0,0,0.0224463911748223,0,0,0,0,0,0,0,0,0.000678406040763354,0,0,0,0.00271362416305342,0,0,0,0,0.000855381529658142,0,0,0,0,0,0,0,0,0,0,0,0,0,0,0,0,0.000471934637052768,0,0,0,0,0,0,0.507329734831726,0.00014747957407899,0,0,0,0.216146063770168,0,0,0,0,0,0,0,0,0.000678406040763354,0,0,0,0,0,0,0,0,0.00218269769636905,0,0,0,0,0,0,0.00058991829631596,0,0,0,0,0,0,0,0.00315606288529039,0.00126832433707931,0,0,0,0,0,8.8487744447394e-05,0,0,0.04527622924225,0,0,0,0,0,0,0,8.8487744447394e-05,0,0,0,0,0,0,0,0,0,0,0,0,0,0,0,0,0,0,0,0,0,0,0,0,0,0,0,0,0,0,0,0.000324455062973778,0,0,0,0,0,0.00206471403710586,0,0,0,0,0.000235967318526384,0.136920036574934,0,0,0,0.000117983659263192,0,0,0,0,0,0,0,0.00221219361118485,0,0.000707901955579152,0,0,0,0,0,0,0,0,0.000324455062973778,0,0,0,0,0,0,0,0,0,0,0,0,0,0,0,0,0,0,0,0,0,0,0.0014452998259741,0,0,0.00100286110373713,0,0,0.00905524584844999,0,0
"28","SLE18",0,0,0,0,0,0,0,0,0,0.000691045205873884,0,0,0,0,0,0.000575871004894904,0,0.0276706017852001,0,0,0,0,0.000431903253671178,0.0161243881370573,0,0,0,0,0.00129570976101353,0,0,0,0.00371436798157213,0.00192916786639793,0,0,0.0115750071983876,0,0,0,0,0.005989058450907,0.0815433342931183,0,0,0.000863806507342355,0.023841059602649,0.0384393895767348,0.00103656780881083,0,0,0,0.000316729052692197,0,0.043276706017852,0.00584509069968327,5.75871004894904e-05,0,0,0,0,0,0,0,0,0,0,0,0.000575871004894904,0,0,0,0,0,0.00501007774258566,0,0,0,0,0,0,0.00385833573279585,0,0.000403109703426432,0,0,0,0,0.000460696803915923,0,0,0.0650158364526346,0.000633458105384394,0,0,2.87935502447452e-05,0,0,0,0,0.0008926000575871,0.0212496400806219,0,0,0,0,0,0,0.000806219406852865,0,0,0,0,0,0,0,0,0.000431903253671178,0.0044630002879355,0.00253383242153758,0.00443420673769076,0.00077742585660812,0,0,0,0,0,0,0,0.0044630002879355,0,0,0,0,0.0279585372876476,0,0.000460696803915923,0,0,0,0,0.00132450331125828,0,0,0,0,0,0.225453498416355,0.0212208465303772,0.00414627123524331,0,0,0,0,0,0.0118341491505903,0.000345522602936942,0.000259141952202707,0,0,0,2.87935502447452e-05,0,0,0,0,0,0,0,0,0,0,0,0,0,0,0,0,0.0008926000575871,0,0,0,0.000374316153181687,0,0.000259141952202707,0,0,0.000259141952202707,0,0,0,0.00538439389576735,0,0,0,0.00639216815433343,0,0.00213072271811114,0,0.00141088396199251,0,0,0,0,0,0,0,0,0,0.0536999712064498,0,0,0,0,0,0,0,0,0.0017852001151742,0,0,0,0,0,0,0,0,0,0,0,0,0,0,0,0,0,0.0291966599481716,0,0,0,0,0,0.203426432479125,0,0.00449179383818025,0.00999136193492658,0,0,0,0,0,0,0,0,0,0.000230348401957961,0,0,0,0,0,0,0,0,0,0.0035704002303484,0,0.00123812266052404,0,0,0.000978980708321336,0,0,0,0,0,0,0,0
"29","SLE19",0,0,0,0,0,0,0,0.000171306209850107,0,0.000813704496788009,0,0.000513918629550321,0,4.28265524625268e-05,0,0.000321199143468951,0,0.00199143468950749,0,0,0,0.000321199143468951,0,0.00481798715203426,0,0.000149892933618844,0,0,0.000428265524625268,0,0,0.000235546038543897,0,0,0,0,0,0,0,0,0,0,0.000663811563169165,0,0,0,0.000342612419700214,0.00203426124197002,0,0,0,0.00162740899357602,0,0,0.00312633832976445,0.00668094218415418,2.14132762312634e-05,0.000171306209850107,0.0166595289079229,0,0.00997858672376874,0,0,0,0,0,0,0,0,0,0,0,0,0,0.00612419700214133,0,0.0617773019271949,0.0171734475374732,0,0,0,0,0,0.00141327623126338,0,0,0,0.000963597430406852,0,0,0,0.00516059957173447,0.0259528907922912,0,0,0.000535331905781585,0,0,0,0,0.12524625267666,0,0,0,0,0,0.00706638115631692,0,0,0,0,0,0,0,0,0,0,0.00408993576017131,0.00104925053533191,0.0122055674518201,0.000642398286937901,0,0,0,0,8.56531049250535e-05,0,0,0,0.0566167023554604,0,0,0,0,0.00310492505353319,0,0,0,0.00627408993576017,0,0,0.1296573875803,0,0,0.000149892933618844,0,0.00130620985010707,0.293747323340471,0,0.000556745182012848,0,0,0,0,0,0.00229122055674518,0,0.00197002141327623,0,0.000235546038543897,0,0,0.000364025695931478,0,0,0,0,0,0,0,0,0.000278372591006424,0,0,0,0,0,0,0,0.000492505353319058,0,0,0.0760813704496788,0,0,0,0,0,0,0,0,0.000728051391862955,0,0,0,0.000685224839400428,0,0,0,0,0,0,0,0,0,0,0,0,0,0,0,0,0,0,0,0,0,0,0,0,0,0,0,0,0,0,0,0,0,0,0,0.00319057815845824,0,0,0.00460385438972163,0,0.000877944325481799,0,0.0637259100642398,0,0,0,0.00364025695931478,0,0.00329764453961456,0.00668094218415418,0,0,0,0,0,0,0,0.000942184154175589,0,0,0,0,0,0,0,0,0,0.000171306209850107,0,0,0,0.000406852248394004,0,0,0,0,0.0173233404710921,0,0,0,0,0,0
"30","SLE20",0,0,0,0,4.09978886087366e-05,8.19957772174733e-05,0.000286985220261157,0,0,0.00393579730643872,0,0.000143492610130578,0,0,0,0,0,0,0,0,0,0,0,0.0205194432486727,0,0.000717463050652891,0,0,0.00188590287600189,0,0,0,0,0,0,0,0,0,0,0.000942951438000943,0,0.00354631736465572,0,0,0,0,0.000327983108869893,0.00118893876965336,0.00036898099747863,0.000840456716479101,0,0,0,0,0.0263616423754177,0,0,0,0.00586269807104934,0,0,0,0,0,0.000163991554434947,0,0,0,2.04989443043683e-05,0,0,0,0,0,0,0,0,0,0,0,0,0,0,0.000676465162044155,0,0,0,0,0,0,0,0.0490129758317447,0.00100444827091405,0.00137342926839268,0.00114794088104463,0.00110694299243589,0,0,0,0,0.226328844064531,0.000389479941782998,0,0,0,0.00266486275956788,0,0,0,0,0,0,0,0.00514523502039645,0,0,0.000450976774696103,0.000163991554434947,0.0049812434659615,0.00854805977492159,0.00430477830391735,0,0.000307484164565525,0,0,0,0,0,0,0.00315683742287272,0,0,0.000840456716479101,0.000901953549392206,0.00379230469630814,0.000389479941782998,0.000512473607609208,0,0.0391119857327348,0,0,0.0962220445647049,0,0,0,0,0,0.126990959965562,0,0.000778959883565996,0,0,0,0,0,0.0133243137978394,0,0.0344177274870344,0,0,0,0,0,0,0,0,0,0,0,0,0,0,0,0,0,0,0,0,0,0,0,0,0,0.00036898099747863,0,0,0,0,0,0,0,0.00024598733165242,0,0,0,0,0,0,0,0,0,0.000184490498739315,0,0,0.000430477830391735,0.000307484164565525,0.000307484164565525,0,0,0,0,0,0,0,0,0,0,0,0.000553471496217945,0,0,0,0,0,0,0,0,0,0,0,0,0.00131193243547957,0,0,0,0,0.00198839759752373,0,0.00580120123813624,0,0,0,0.00936801754709632,0,0.00360781419756883,0.276797244941886,0.000143492610130578,0,0,0.000184490498739315,0,0,0,0.00100444827091405,0,0,0.000286985220261157,0,0,0,0,0,0,0,0,0.000430477830391735,0,4.09978886087366e-05,0.000594469384826681,0,0.000471475719000471,0,0,0,0,0.000286985220261157,0,0,0
"31","SLE21",0,0,0,0,0,0,0,0,0,0,0,0,0,0,0.000151194436044754,0,0,0.00574538856970064,0,0.000712773769925267,0,0,0.000323988077238758,0.0239967169208173,0,0,0,0.000259190461791006,0.00401745215776059,0,0,0,0,0,0,0,8.6396820597002e-05,0.0247094906907426,0,0,0,0.235582530562875,0.000561579333880513,0,0.00166313879649229,0.000712773769925267,0.0228303598427578,0.0304116808501447,0.00157674197589529,0,0,0,0,0,0.0991619508402091,2.15992051492505e-05,0,0.000885567411119271,0.0164801935288781,0.00136074992440278,0,0,0,0,0,0,0,0,0,0,0,0,0,0,0.00552939651820813,0,0,0,0.0064581623396259,0.00151194436044754,0,0.000950365026567022,0.000107996025746253,0.000885567411119271,0,0,0,0,0,0,0,0.0713853730182729,0.0493973821763359,0,0,0,0.000453583308134261,0,0,0,0.000950365026567022,0,0,0,0,0.0083804915979092,2.15992051492505e-05,0,0,0,0,0,0,0,0,0,8.6396820597002e-05,0.000518380923582012,0.011382781113655,0.0162642014773856,0.061989718778349,0,0,0,0,8.6396820597002e-05,0,0,0,0.0224415741500713,0,0.000647976154477515,0,0,0.00244071018186531,0,0,0,0.0160914078361916,0,0,0,0,0,0,0,0.00980603913775973,0.0128299278586548,0.00170633720679079,0.000993563436865523,0,0.00280789666940257,0,0,0,0.000302388872089507,0.00401745215776059,0,0,0.00194392846343255,0,0,0,0,0,0,0,0,0,0,0,0,0,0,0,0,0,0,0,0,0,0,0,0,0.00138234912955203,0,0,0.000215992051492505,0,0,0,0.0112747850879088,0,0,0,0.0129811222946996,0,0,0,0,0,0,0,0,0,0.000107996025746253,0,0,0,0.0272581968983541,0,0,0,0,0,0,0.000259190461791006,0,0.00114475787291028,0.000194392846343255,0.000367186487537259,0,0,0,0,0,0,0,0,0,0,0,0,0,0.0286189468227569,0,0.000518380923582012,0,0,0,0,0,0.0503693464080522,0,0.00179273402738779,0.0781459242299883,0,0,0,0,0,0,0,0.000323988077238758,0.000453583308134261,0,0,0,0.000172793641194004,0,0,0,0,0,0,0,0,0,0,0,0.000302388872089507,0,0,0,0,0,0,0.000475182513283511,0
