Run,Assay Type,AvgSpotLen,Bases,BioProject,BioSample,BioSampleModel,Bytes,Center Name,Collection_Date,Consent,DATASTORE filetype,DATASTORE provider,DATASTORE region,env_broad_scale,env_local_scale,env_medium,Experiment,geo_loc_name_country,geo_loc_name_country_continent,geo_loc_name,HOST,Instrument,lat_lon,Library Name,LibraryLayout,LibrarySelection,LibrarySource,Organism,Platform,ReleaseDate,create_date,version,Sample Name,SRA Study
SRR18272818,WGS,297,10536887757,PRJNA812695,SAMN26423162,"MIMS.me,MIGS/MIMS/MIMARKS.human-gut",3343043267,CHINA,not collected,public,"fastq,run.zq,sra","gs,ncbi,s3","gs.us-east1,ncbi.public,s3.us-east-1",mising,Case89,mising,SRX14411250,uncalculated,uncalculated,not collected,Homo sapiens,Illumina NovaSeq 6000,missing,WSN_0,PAIRED,RANDOM PCR,METAGENOMIC,human metagenome,ILLUMINA,2022-06-01T00:00:00Z,2022-03-09T01:57:00Z,1,WSN_0,SRP363091
SRR18272824,WGS,297,10677582189,PRJNA812695,SAMN26423156,"MIMS.me,MIGS/MIMS/MIMARKS.human-gut",3501518686,CHINA,not collected,public,"fastq,run.zq,sra","gs,ncbi,s3","gs.us-east1,ncbi.public,s3.us-east-1",mising,Case83,mising,SRX14411244,uncalculated,uncalculated,not collected,Homo sapiens,Illumina NovaSeq 6000,missing,TY_12,PAIRED,RANDOM PCR,METAGENOMIC,human metagenome,ILLUMINA,2022-06-01T00:00:00Z,2022-03-13T06:20:00Z,1,TY_12,SRP363091
SRR18272825,WGS,297,10606122425,PRJNA812695,SAMN26423155,"MIMS.me,MIGS/MIMS/MIMARKS.human-gut",3438412838,CHINA,not collected,public,"fastq,run.zq,sra","gs,ncbi,s3","gs.us-east1,ncbi.public,s3.us-east-1",mising,Case82,mising,SRX14411243,uncalculated,uncalculated,not collected,Homo sapiens,Illumina NovaSeq 6000,missing,TY_0,PAIRED,RANDOM PCR,METAGENOMIC,human metagenome,ILLUMINA,2022-06-01T00:00:00Z,2022-03-13T05:07:00Z,1,TY_0,SRP363091
SRR18272826,WGS,297,9543002297,PRJNA812695,SAMN26423154,"MIMS.me,MIGS/MIMS/MIMARKS.human-gut",3091110874,CHINA,not collected,public,"fastq,run.zq,sra","gs,ncbi,s3","gs.us-east1,ncbi.public,s3.us-east-1",mising,Case81,mising,SRX14411242,uncalculated,uncalculated,not collected,Homo sapiens,Illumina NovaSeq 6000,missing,TMM,PAIRED,RANDOM PCR,METAGENOMIC,human metagenome,ILLUMINA,2022-06-01T00:00:00Z,2022-03-13T05:36:00Z,1,TMM,SRP363091
SRR18272827,WGS,297,10237822723,PRJNA812695,SAMN26423082,"MIMS.me,MIGS/MIMS/MIMARKS.human-gut",3293779233,CHINA,not collected,public,"fastq,run.zq,sra","gs,ncbi,s3","gs.us-east1,ncbi.public,s3.us-east-1",mising,Case9,mising,SRX14411241,uncalculated,uncalculated,not collected,Homo sapiens,Illumina NovaSeq 6000,missing,CWJ_0,PAIRED,RANDOM PCR,METAGENOMIC,human metagenome,ILLUMINA,2022-06-01T00:00:00Z,2022-03-12T17:48:00Z,1,CWJ_0,SRP363091
SRR18272828,WGS,297,10907998935,PRJNA812695,SAMN26423153,"MIMS.me,MIGS/MIMS/MIMARKS.human-gut",3520965771,CHINA,not collected,public,"fastq,run.zq,sra","gs,ncbi,s3","gs.us-east1,ncbi.public,s3.us-east-1",mising,Case80,mising,SRX14411240,uncalculated,uncalculated,not collected,Homo sapiens,Illumina NovaSeq 6000,missing,SYY,PAIRED,RANDOM PCR,METAGENOMIC,human metagenome,ILLUMINA,2022-06-01T00:00:00Z,2022-03-13T05:38:00Z,1,SYY,SRP363091
SRR18272831,WGS,298,9805704500,PRJNA812695,SAMN26423150,"MIMS.me,MIGS/MIMS/MIMARKS.human-gut",3133596027,CHINA,not collected,public,"fastq,run.zq,sra","gs,ncbi,s3","gs.us-east1,ncbi.public,s3.us-east-1",mising,Case77,mising,SRX14411237,uncalculated,uncalculated,not collected,Homo sapiens,Illumina NovaSeq 6000,missing,QZJ_12,PAIRED,RANDOM PCR,METAGENOMIC,human metagenome,ILLUMINA,2022-06-01T00:00:00Z,2022-03-13T05:44:00Z,1,QZJ_12,SRP363091
SRR18272832,WGS,297,9917443757,PRJNA812695,SAMN26423149,"MIMS.me,MIGS/MIMS/MIMARKS.human-gut",3272431063,CHINA,not collected,public,"fastq,run.zq,sra","gs,ncbi,s3","gs.us-east1,ncbi.public,s3.us-east-1",mising,Case76,mising,SRX14411236,uncalculated,uncalculated,not collected,Homo sapiens,Illumina NovaSeq 6000,missing,QZJ_0,PAIRED,RANDOM PCR,METAGENOMIC,human metagenome,ILLUMINA,2022-06-01T00:00:00Z,2022-03-13T05:47:00Z,1,QZJ_0,SRP363091
SRR18272833,WGS,298,10933690508,PRJNA812695,SAMN26423148,"MIMS.me,MIGS/MIMS/MIMARKS.human-gut",3556747452,CHINA,not collected,public,"fastq,run.zq,sra","gs,ncbi,s3","gs.us-east1,ncbi.public,s3.us-east-1",mising,Case75,mising,SRX14411235,uncalculated,uncalculated,not collected,Homo sapiens,Illumina NovaSeq 6000,missing,QYH_12,PAIRED,RANDOM PCR,METAGENOMIC,human metagenome,ILLUMINA,2022-06-01T00:00:00Z,2022-03-13T05:26:00Z,1,QYH_12,SRP363091
SRR18272834,WGS,297,11033117015,PRJNA812695,SAMN26423147,"MIMS.me,MIGS/MIMS/MIMARKS.human-gut",3510723790,CHINA,not collected,public,"fastq,run.zq,sra","gs,ncbi,s3","gs.us-east1,ncbi.public,s3.us-east-1",mising,Case74,mising,SRX14411234,uncalculated,uncalculated,not collected,Homo sapiens,Illumina NovaSeq 6000,missing,QYH_0,PAIRED,RANDOM PCR,METAGENOMIC,human metagenome,ILLUMINA,2022-06-01T00:00:00Z,2022-03-14T02:10:00Z,1,QYH_0,SRP363091
SRR18272838,WGS,297,11662089117,PRJNA812695,SAMN26423081,"MIMS.me,MIGS/MIMS/MIMARKS.human-gut",3708908891,CHINA,not collected,public,"fastq,run.zq,sra","gs,ncbi,s3","gs.us-east1,ncbi.public,s3.us-east-1",mising,Case8,mising,SRX14411230,uncalculated,uncalculated,not collected,Homo sapiens,Illumina NovaSeq 6000,missing,CSZ_12,PAIRED,RANDOM PCR,METAGENOMIC,human metagenome,ILLUMINA,2022-06-01T00:00:00Z,2022-03-14T05:58:00Z,1,CSZ_12,SRP363091
SRR18272841,WGS,297,9722709598,PRJNA812695,SAMN26423141,"MIMS.me,MIGS/MIMS/MIMARKS.human-gut",3182161017,CHINA,not collected,public,"fastq,run.zq,sra","gs,ncbi,s3","gs.us-east1,ncbi.public,s3.us-east-1",mising,Case68,mising,SRX14411227,uncalculated,uncalculated,not collected,Homo sapiens,Illumina NovaSeq 6000,missing,PJ_12,PAIRED,RANDOM PCR,METAGENOMIC,human metagenome,ILLUMINA,2022-06-01T00:00:00Z,2022-03-14T03:53:00Z,1,PJ_12,SRP363091
SRR18272842,WGS,297,10373919932,PRJNA812695,SAMN26423140,"MIMS.me,MIGS/MIMS/MIMARKS.human-gut",3438183438,CHINA,not collected,public,"fastq,run.zq,sra","gs,ncbi,s3","gs.us-east1,ncbi.public,s3.us-east-1",mising,Case67,mising,SRX14411226,uncalculated,uncalculated,not collected,Homo sapiens,Illumina NovaSeq 6000,missing,PJ_0,PAIRED,RANDOM PCR,METAGENOMIC,human metagenome,ILLUMINA,2022-06-01T00:00:00Z,2022-03-12T05:32:00Z,1,PJ_0,SRP363091
SRR18272845,WGS,297,10631732786,PRJNA812695,SAMN26423137,"MIMS.me,MIGS/MIMS/MIMARKS.human-gut",3452519276,CHINA,not collected,public,"fastq,run.zq,sra","gs,ncbi,s3","gs.us-east1,ncbi.public,s3.us-east-1",mising,Case64,mising,SRX14411223,uncalculated,uncalculated,not collected,Homo sapiens,Illumina NovaSeq 6000,missing,MJ_12,PAIRED,RANDOM PCR,METAGENOMIC,human metagenome,ILLUMINA,2022-06-01T00:00:00Z,2022-03-14T02:47:00Z,1,MJ_12,SRP363091
SRR18272846,WGS,297,9625313281,PRJNA812695,SAMN26423136,"MIMS.me,MIGS/MIMS/MIMARKS.human-gut",3125896046,CHINA,not collected,public,"fastq,run.zq,sra","gs,ncbi,s3","gs.us-east1,ncbi.public,s3.us-east-1",mising,Case63,mising,SRX14411222,uncalculated,uncalculated,not collected,Homo sapiens,Illumina NovaSeq 6000,missing,MJ_0,PAIRED,RANDOM PCR,METAGENOMIC,human metagenome,ILLUMINA,2022-06-01T00:00:00Z,2022-03-14T02:27:00Z,1,MJ_0,SRP363091
SRR18272847,WGS,297,9806772129,PRJNA812695,SAMN26423135,"MIMS.me,MIGS/MIMS/MIMARKS.human-gut",3159670105,CHINA,not collected,public,"fastq,run.zq,sra","gs,ncbi,s3","gs.us-east1,ncbi.public,s3.us-east-1",mising,Case62,mising,SRX14411221,uncalculated,uncalculated,not collected,Homo sapiens,Illumina NovaSeq 6000,missing,LZF_12,PAIRED,RANDOM PCR,METAGENOMIC,human metagenome,ILLUMINA,2022-06-01T00:00:00Z,2022-03-14T03:14:00Z,1,LZF_12,SRP363091
SRR18272848,WGS,297,10711854828,PRJNA812695,SAMN26423134,"MIMS.me,MIGS/MIMS/MIMARKS.human-gut",3442147731,CHINA,not collected,public,"fastq,run.zq,sra","gs,ncbi,s3","gs.us-east1,ncbi.public,s3.us-east-1",mising,Case61,mising,SRX14411220,uncalculated,uncalculated,not collected,Homo sapiens,Illumina NovaSeq 6000,missing,LZF_0,PAIRED,RANDOM PCR,METAGENOMIC,human metagenome,ILLUMINA,2022-06-01T00:00:00Z,2022-03-14T02:18:00Z,1,LZF_0,SRP363091
SRR18272849,WGS,297,10142526583,PRJNA812695,SAMN26423080,"MIMS.me,MIGS/MIMS/MIMARKS.human-gut",3285523499,CHINA,not collected,public,"fastq,run.zq,sra","gs,ncbi,s3","gs.us-east1,ncbi.public,s3.us-east-1",mising,Case7,mising,SRX14411219,uncalculated,uncalculated,not collected,Homo sapiens,Illumina NovaSeq 6000,missing,CSZ_0,PAIRED,RANDOM PCR,METAGENOMIC,human metagenome,ILLUMINA,2022-06-01T00:00:00Z,2022-03-13T07:19:00Z,1,CSZ_0,SRP363091
SRR18272851,WGS,298,10820820883,PRJNA812695,SAMN26423132,"MIMS.me,MIGS/MIMS/MIMARKS.human-gut",3531007088,CHINA,not collected,public,"fastq,run.zq,sra","gs,ncbi,s3","gs.us-east1,ncbi.public,s3.us-east-1",mising,Case59,mising,SRX14411217,uncalculated,uncalculated,not collected,Homo sapiens,Illumina NovaSeq 6000,missing,LY,PAIRED,RANDOM PCR,METAGENOMIC,human metagenome,ILLUMINA,2022-06-01T00:00:00Z,2022-03-14T02:43:00Z,1,LY,SRP363091
SRR18272853,WGS,298,11089950183,PRJNA812695,SAMN26423130,"MIMS.me,MIGS/MIMS/MIMARKS.human-gut",3606923911,CHINA,not collected,public,"fastq,run.zq,sra","gs,ncbi,s3","gs.us-east1,ncbi.public,s3.us-east-1",mising,Case57,mising,SRX14411215,uncalculated,uncalculated,not collected,Homo sapiens,Illumina NovaSeq 6000,missing,LXN,PAIRED,RANDOM PCR,METAGENOMIC,human metagenome,ILLUMINA,2022-06-01T00:00:00Z,2022-03-14T03:45:00Z,1,LXN,SRP363091
SRR18272854,WGS,297,10522838659,PRJNA812695,SAMN26423129,"MIMS.me,MIGS/MIMS/MIMARKS.human-gut",3500670473,CHINA,not collected,public,"fastq,run.zq,sra","gs,ncbi,s3","gs.us-east1,ncbi.public,s3.us-east-1",mising,Case56,mising,SRX14411214,uncalculated,uncalculated,not collected,Homo sapiens,Illumina NovaSeq 6000,missing,LXL,PAIRED,RANDOM PCR,METAGENOMIC,human metagenome,ILLUMINA,2022-06-01T00:00:00Z,2022-03-14T02:30:00Z,1,LXL,SRP363091
SRR18272856,WGS,297,9923041621,PRJNA812695,SAMN26423127,"MIMS.me,MIGS/MIMS/MIMARKS.human-gut",3198539433,CHINA,not collected,public,"fastq,run.zq,sra","gs,ncbi,s3","gs.us-east1,ncbi.public,s3.us-east-1",mising,Case54,mising,SRX14411212,uncalculated,uncalculated,not collected,Homo sapiens,Illumina NovaSeq 6000,missing,LTY,PAIRED,RANDOM PCR,METAGENOMIC,human metagenome,ILLUMINA,2022-06-01T00:00:00Z,2022-03-14T01:59:00Z,1,LTY,SRP363091
SRR18272857,WGS,298,10514969266,PRJNA812695,SAMN26423126,"MIMS.me,MIGS/MIMS/MIMARKS.human-gut",3416751438,CHINA,not collected,public,"fastq,run.zq,sra","gs,ncbi,s3","gs.us-east1,ncbi.public,s3.us-east-1",mising,Case53,mising,SRX14411211,uncalculated,uncalculated,not collected,Homo sapiens,Illumina NovaSeq 6000,missing,LT,PAIRED,RANDOM PCR,METAGENOMIC,human metagenome,ILLUMINA,2022-06-01T00:00:00Z,2022-03-14T04:01:00Z,1,LT,SRP363091
SRR18272858,WGS,297,9745646288,PRJNA812695,SAMN26423125,"MIMS.me,MIGS/MIMS/MIMARKS.human-gut",3214533613,CHINA,not collected,public,"fastq,run.zq,sra","gs,ncbi,s3","gs.us-east1,ncbi.public,s3.us-east-1",mising,Case52,mising,SRX14411210,uncalculated,uncalculated,not collected,Homo sapiens,Illumina NovaSeq 6000,missing,LQQ_12,PAIRED,RANDOM PCR,METAGENOMIC,human metagenome,ILLUMINA,2022-06-01T00:00:00Z,2022-03-12T18:24:00Z,1,LQQ_12,SRP363091
SRR18272859,WGS,297,9855605706,PRJNA812695,SAMN26423124,"MIMS.me,MIGS/MIMS/MIMARKS.human-gut",3162325649,CHINA,not collected,public,"fastq,run.zq,sra","gs,ncbi,s3","gs.us-east1,ncbi.public,s3.us-east-1",mising,Case51,mising,SRX14411209,uncalculated,uncalculated,not collected,Homo sapiens,Illumina NovaSeq 6000,missing,LQQ_0,PAIRED,RANDOM PCR,METAGENOMIC,human metagenome,ILLUMINA,2022-06-01T00:00:00Z,2022-03-14T04:46:00Z,1,LQQ_0,SRP363091
SRR18272864,WGS,297,9931501505,PRJNA812695,SAMN26423120,"MIMS.me,MIGS/MIMS/MIMARKS.human-gut",3229606179,CHINA,not collected,public,"fastq,run.zq,sra","gs,ncbi,s3","gs.us-east1,ncbi.public,s3.us-east-1",mising,Case47,mising,SRX14411204,uncalculated,uncalculated,not collected,Homo sapiens,Illumina NovaSeq 6000,missing,LL_0,PAIRED,RANDOM PCR,METAGENOMIC,human metagenome,ILLUMINA,2022-06-01T00:00:00Z,2022-03-14T02:34:00Z,1,LL_0,SRP363091
SRR18272867,WGS,297,9525083698,PRJNA812695,SAMN26423117,"MIMS.me,MIGS/MIMS/MIMARKS.human-gut",3044443580,CHINA,not collected,public,"fastq,run.zq,sra","gs,ncbi,s3","gs.us-east1,ncbi.public,s3.us-east-1",mising,Case44,mising,SRX14411201,uncalculated,uncalculated,not collected,Homo sapiens,Illumina NovaSeq 6000,missing,LJJ,PAIRED,RANDOM PCR,METAGENOMIC,human metagenome,ILLUMINA,2022-06-01T00:00:00Z,2022-03-14T03:36:00Z,1,LJJ,SRP363091
SRR18272868,WGS,298,10372868688,PRJNA812695,SAMN26423116,"MIMS.me,MIGS/MIMS/MIMARKS.human-gut",3368848959,CHINA,not collected,public,"fastq,run.zq,sra","gs,ncbi,s3","gs.us-east1,ncbi.public,s3.us-east-1",mising,Case43,mising,SRX14411200,uncalculated,uncalculated,not collected,Homo sapiens,Illumina NovaSeq 6000,missing,LJH,PAIRED,RANDOM PCR,METAGENOMIC,human metagenome,ILLUMINA,2022-06-01T00:00:00Z,2022-03-14T03:06:00Z,1,LJH,SRP363091
SRR18272870,WGS,297,10648960458,PRJNA812695,SAMN26423114,"MIMS.me,MIGS/MIMS/MIMARKS.human-gut",3406371082,CHINA,not collected,public,"fastq,run.zq,sra","gs,ncbi,s3","gs.us-east1,ncbi.public,s3.us-east-1",mising,Case41,mising,SRX14411198,uncalculated,uncalculated,not collected,Homo sapiens,Illumina NovaSeq 6000,missing,LDS_12,PAIRED,RANDOM PCR,METAGENOMIC,human metagenome,ILLUMINA,2022-06-01T00:00:00Z,2022-03-14T02:43:00Z,1,LDS_12,SRP363091
SRR18272872,WGS,297,10802204949,PRJNA812695,SAMN26423113,"MIMS.me,MIGS/MIMS/MIMARKS.human-gut",3467720662,CHINA,not collected,public,"fastq,run.zq,sra","gs,ncbi,s3","gs.us-east1,ncbi.public,s3.us-east-1",mising,Case40,mising,SRX14411196,uncalculated,uncalculated,not collected,Homo sapiens,Illumina NovaSeq 6000,missing,LDS_0,PAIRED,RANDOM PCR,METAGENOMIC,human metagenome,ILLUMINA,2022-06-01T00:00:00Z,2022-03-14T02:24:00Z,1,LDS_0,SRP363091
SRR18272874,WGS,298,12056216065,PRJNA812695,SAMN26423111,"MIMS.me,MIGS/MIMS/MIMARKS.human-gut",3880395696,CHINA,not collected,public,"fastq,run.zq,sra","gs,ncbi,s3","gs.us-east1,ncbi.public,s3.us-east-1",mising,Case38,mising,SRX14411194,uncalculated,uncalculated,not collected,Homo sapiens,Illumina NovaSeq 6000,missing,LDK_12,PAIRED,RANDOM PCR,METAGENOMIC,human metagenome,ILLUMINA,2022-06-01T00:00:00Z,2022-03-14T03:19:00Z,1,LDK_12,SRP363091
SRR18272875,WGS,297,9757568393,PRJNA812695,SAMN26423110,"MIMS.me,MIGS/MIMS/MIMARKS.human-gut",3103596709,CHINA,not collected,public,"fastq,run.zq,sra","gs,ncbi,s3","gs.us-east1,ncbi.public,s3.us-east-1",mising,Case37,mising,SRX14411193,uncalculated,uncalculated,not collected,Homo sapiens,Illumina NovaSeq 6000,missing,LDK_0,PAIRED,RANDOM PCR,METAGENOMIC,human metagenome,ILLUMINA,2022-06-01T00:00:00Z,2022-03-14T02:16:00Z,1,LDK_0,SRP363091
SRR18272880,WGS,297,10428575129,PRJNA812695,SAMN26423105,"MIMS.me,MIGS/MIMS/MIMARKS.human-gut",3450017824,CHINA,not collected,public,"fastq,run.zq,sra","gs,ncbi,s3","gs.us-east1,ncbi.public,s3.us-east-1",mising,Case32,mising,SRX14411188,uncalculated,uncalculated,not collected,Homo sapiens,Illumina NovaSeq 6000,missing,LB,PAIRED,RANDOM PCR,METAGENOMIC,human metagenome,ILLUMINA,2022-06-01T00:00:00Z,2022-03-14T04:55:00Z,1,LB,SRP363091
SRR18272881,WGS,297,10800174838,PRJNA812695,SAMN26423104,"MIMS.me,MIGS/MIMS/MIMARKS.human-gut",3426191833,CHINA,not collected,public,"fastq,run.zq,sra","gs,ncbi,s3","gs.us-east1,ncbi.public,s3.us-east-1",mising,Case31,mising,SRX14411187,uncalculated,uncalculated,not collected,Homo sapiens,Illumina NovaSeq 6000,missing,JS,PAIRED,RANDOM PCR,METAGENOMIC,human metagenome,ILLUMINA,2022-06-01T00:00:00Z,2022-03-14T03:12:00Z,1,JS,SRP363091
SRR18272882,WGS,298,10521494651,PRJNA812695,SAMN26423077,"MIMS.me,MIGS/MIMS/MIMARKS.human-gut",3388525301,CHINA,not collected,public,"fastq,run.zq,sra","gs,ncbi,s3","gs.us-east1,ncbi.public,s3.us-east-1",mising,Case4,mising,SRX14411186,uncalculated,uncalculated,not collected,Homo sapiens,Illumina NovaSeq 6000,missing,BSJB,PAIRED,RANDOM PCR,METAGENOMIC,human metagenome,ILLUMINA,2022-06-01T00:00:00Z,2022-03-14T02:55:00Z,1,BSJB,SRP363091
SRR18272883,WGS,298,9792510951,PRJNA812695,SAMN26423103,"MIMS.me,MIGS/MIMS/MIMARKS.human-gut",3162189440,CHINA,not collected,public,"fastq,run.zq,sra","gs,ncbi,s3","gs.us-east1,ncbi.public,s3.us-east-1",mising,Case30,mising,SRX14411185,uncalculated,uncalculated,not collected,Homo sapiens,Illumina NovaSeq 6000,missing,JH,PAIRED,RANDOM PCR,METAGENOMIC,human metagenome,ILLUMINA,2022-06-01T00:00:00Z,2022-03-14T02:40:00Z,1,JH,SRP363091
SRR18272888,WGS,298,10789596265,PRJNA812695,SAMN26423098,"MIMS.me,MIGS/MIMS/MIMARKS.human-gut",3498972028,CHINA,not collected,public,"fastq,run.zq,sra","gs,ncbi,s3","gs.us-east1,ncbi.public,s3.us-east-1",mising,Case25,mising,SRX14411180,uncalculated,uncalculated,not collected,Homo sapiens,Illumina NovaSeq 6000,missing,HH,PAIRED,RANDOM PCR,METAGENOMIC,human metagenome,ILLUMINA,2022-06-01T00:00:00Z,2022-03-14T02:41:00Z,1,HH,SRP363091
SRR18272889,WGS,298,10709072491,PRJNA812695,SAMN26423097,"MIMS.me,MIGS/MIMS/MIMARKS.human-gut",3487639250,CHINA,not collected,public,"fastq,run.zq,sra","gs,ncbi,s3","gs.us-east1,ncbi.public,s3.us-east-1",mising,Case24,mising,SRX14411179,uncalculated,uncalculated,not collected,Homo sapiens,Illumina NovaSeq 6000,missing,HDP,PAIRED,RANDOM PCR,METAGENOMIC,human metagenome,ILLUMINA,2022-06-01T00:00:00Z,2022-03-14T05:11:00Z,1,HDP,SRP363091
SRR18272892,WGS,298,10464573726,PRJNA812695,SAMN26423094,"MIMS.me,MIGS/MIMS/MIMARKS.human-gut",3434750445,CHINA,not collected,public,"fastq,run.zq,sra","gs,ncbi,s3","gs.us-east1,ncbi.public,s3.us-east-1",mising,Case21,mising,SRX14411176,uncalculated,uncalculated,not collected,Homo sapiens,Illumina NovaSeq 6000,missing,GSZM,PAIRED,RANDOM PCR,METAGENOMIC,human metagenome,ILLUMINA,2022-06-01T00:00:00Z,2022-03-14T02:30:00Z,1,GSZM,SRP363091
SRR18272893,WGS,297,10545161697,PRJNA812695,SAMN26423076,"MIMS.me,MIGS/MIMS/MIMARKS.human-gut",3450351632,CHINA,not collected,public,"fastq,run.zq,sra","gs,ncbi,s3","gs.us-east1,ncbi.public,s3.us-east-1",mising,Case3,mising,SRX14411175,uncalculated,uncalculated,not collected,Homo sapiens,Illumina NovaSeq 6000,missing,BMHY,PAIRED,RANDOM PCR,METAGENOMIC,human metagenome,ILLUMINA,2022-06-01T00:00:00Z,2022-03-14T02:46:00Z,1,BMHY,SRP363091
SRR18272897,WGS,297,10472479137,PRJNA812695,SAMN26423090,"MIMS.me,MIGS/MIMS/MIMARKS.human-gut",3338419598,CHINA,not collected,public,"fastq,run.zq,sra","gs,ncbi,s3","gs.us-east1,ncbi.public,s3.us-east-1",mising,Case17,mising,SRX14411171,uncalculated,uncalculated,not collected,Homo sapiens,Illumina NovaSeq 6000,missing,DSC_12,PAIRED,RANDOM PCR,METAGENOMIC,human metagenome,ILLUMINA,2022-06-01T00:00:00Z,2022-03-14T02:56:00Z,1,DSC_12,SRP363091
SRR18272898,WGS,298,10179453893,PRJNA812695,SAMN26423229,"MIMS.me,MIGS/MIMS/MIMARKS.human-gut",3346900427,CHINA,not collected,public,"fastq,run.zq,sra","gs,ncbi,s3","gs.us-east1,ncbi.public,s3.us-east-1",mising,Case156,mising,SRX14411170,uncalculated,uncalculated,not collected,Homo sapiens,Illumina NovaSeq 6000,missing,ZZJ_12,PAIRED,RANDOM PCR,METAGENOMIC,human metagenome,ILLUMINA,2022-06-01T00:00:00Z,2022-03-14T04:46:00Z,1,ZZJ_12,SRP363091
SRR18272899,WGS,298,11237915175,PRJNA812695,SAMN26423228,"MIMS.me,MIGS/MIMS/MIMARKS.human-gut",3637377555,CHINA,not collected,public,"fastq,run.zq,sra","gs,ncbi,s3","gs.us-east1,ncbi.public,s3.us-east-1",mising,Case155,mising,SRX14411169,uncalculated,uncalculated,not collected,Homo sapiens,Illumina NovaSeq 6000,missing,ZZJ_0,PAIRED,RANDOM PCR,METAGENOMIC,human metagenome,ILLUMINA,2022-06-01T00:00:00Z,2022-03-14T03:30:00Z,1,ZZJ_0,SRP363091
SRR18272902,WGS,298,10867052400,PRJNA812695,SAMN26423225,"MIMS.me,MIGS/MIMS/MIMARKS.human-gut",3559480104,CHINA,not collected,public,"fastq,run.zq,sra","gs,ncbi,s3","gs.us-east1,ncbi.public,s3.us-east-1",mising,Case152,mising,SRX14411166,uncalculated,uncalculated,not collected,Homo sapiens,Illumina NovaSeq 6000,missing,ZXD,PAIRED,RANDOM PCR,METAGENOMIC,human metagenome,ILLUMINA,2022-06-01T00:00:00Z,2022-03-14T02:53:00Z,1,ZXD,SRP363091
SRR18272904,WGS,297,11453453863,PRJNA812695,SAMN26423089,"MIMS.me,MIGS/MIMS/MIMARKS.human-gut",3730049362,CHINA,not collected,public,"fastq,run.zq,sra","gs,ncbi,s3","gs.us-east1,ncbi.public,s3.us-east-1",mising,Case16,mising,SRX14411164,uncalculated,uncalculated,not collected,Homo sapiens,Illumina NovaSeq 6000,missing,DSC_0,PAIRED,RANDOM PCR,METAGENOMIC,human metagenome,ILLUMINA,2022-06-01T00:00:00Z,2022-03-14T03:52:00Z,1,DSC_0,SRP363091
SRR18272905,WGS,298,11015042640,PRJNA812695,SAMN26423223,"MIMS.me,MIGS/MIMS/MIMARKS.human-gut",3654539911,CHINA,not collected,public,"fastq,run.zq,sra","gs,ncbi,s3","gs.us-east1,ncbi.public,s3.us-east-1",mising,Case150,mising,SRX14411163,uncalculated,uncalculated,not collected,Homo sapiens,Illumina NovaSeq 6000,missing,ZX_12,PAIRED,RANDOM PCR,METAGENOMIC,human metagenome,ILLUMINA,2022-06-01T00:00:00Z,2022-03-14T03:29:00Z,1,ZX_12,SRP363091
SRR18272906,WGS,298,9739269977,PRJNA812695,SAMN26423222,"MIMS.me,MIGS/MIMS/MIMARKS.human-gut",3079816979,CHINA,not collected,public,"fastq,run.zq,sra","gs,ncbi,s3","gs.us-east1,ncbi.public,s3.us-east-1",mising,Case149,mising,SRX14411162,uncalculated,uncalculated,not collected,Homo sapiens,Illumina NovaSeq 6000,missing,ZX_0,PAIRED,RANDOM PCR,METAGENOMIC,human metagenome,ILLUMINA,2022-06-01T00:00:00Z,2022-03-14T05:51:00Z,1,ZX_0,SRP363091
SRR18272909,WGS,298,9839191164,PRJNA812695,SAMN26423219,"MIMS.me,MIGS/MIMS/MIMARKS.human-gut",3200295887,CHINA,not collected,public,"fastq,run.zq,sra","gs,ncbi,s3","gs.us-east1,ncbi.public,s3.us-east-1",mising,Case146,mising,SRX14411159,uncalculated,uncalculated,not collected,Homo sapiens,Illumina NovaSeq 6000,missing,ZSQ,PAIRED,RANDOM PCR,METAGENOMIC,human metagenome,ILLUMINA,2022-06-01T00:00:00Z,2022-03-14T04:55:00Z,1,ZSQ,SRP363091
SRR18272910,WGS,297,10712307584,PRJNA812695,SAMN26423218,"MIMS.me,MIGS/MIMS/MIMARKS.human-gut",3464937250,CHINA,not collected,public,"fastq,run.zq,sra","gs,ncbi,s3","gs.us-east1,ncbi.public,s3.us-east-1",mising,Case145,mising,SRX14411158,uncalculated,uncalculated,not collected,Homo sapiens,Illumina NovaSeq 6000,missing,ZS,PAIRED,RANDOM PCR,METAGENOMIC,human metagenome,ILLUMINA,2022-06-01T00:00:00Z,2022-03-14T02:47:00Z,1,ZS,SRP363091
SRR18272913,WGS,296,9092778772,PRJNA812695,SAMN26423215,"MIMS.me,MIGS/MIMS/MIMARKS.human-gut",3136565280,CHINA,not collected,public,"fastq,run.zq,sra","gs,ncbi,s3","gs.us-east1,ncbi.public,s3.us-east-1",mising,Case142,mising,SRX14411155,uncalculated,uncalculated,not collected,Homo sapiens,Illumina NovaSeq 6000,missing,ZLY_12,PAIRED,RANDOM PCR,METAGENOMIC,human metagenome,ILLUMINA,2022-06-01T00:00:00Z,2022-03-11T07:30:00Z,1,ZLY_12,SRP363091
SRR18272914,WGS,298,11024751779,PRJNA812695,SAMN26423214,"MIMS.me,MIGS/MIMS/MIMARKS.human-gut",3547606544,CHINA,not collected,public,"fastq,run.zq,sra","gs,ncbi,s3","gs.us-east1,ncbi.public,s3.us-east-1",mising,Case141,mising,SRX14411154,uncalculated,uncalculated,not collected,Homo sapiens,Illumina NovaSeq 6000,missing,ZLY_0,PAIRED,RANDOM PCR,METAGENOMIC,human metagenome,ILLUMINA,2022-06-01T00:00:00Z,2022-03-14T02:44:00Z,1,ZLY_0,SRP363091
SRR18272915,WGS,296,8940802052,PRJNA812695,SAMN26423088,"MIMS.me,MIGS/MIMS/MIMARKS.human-gut",3167511632,CHINA,not collected,public,"fastq,run.zq,sra","gs,ncbi,s3","gs.us-east1,ncbi.public,s3.us-east-1",mising,Case15,mising,SRX14411153,uncalculated,uncalculated,not collected,Homo sapiens,Illumina NovaSeq 6000,missing,DGF_12,PAIRED,RANDOM PCR,METAGENOMIC,human metagenome,ILLUMINA,2022-06-01T00:00:00Z,2022-03-11T07:53:00Z,1,DGF_12,SRP363091
SRR18272917,WGS,297,10516924076,PRJNA812695,SAMN26423212,"MIMS.me,MIGS/MIMS/MIMARKS.human-gut",3443592760,CHINA,not collected,public,"fastq,run.zq,sra","gs,ncbi,s3","gs.us-east1,ncbi.public,s3.us-east-1",mising,Case139,mising,SRX14411151,uncalculated,uncalculated,not collected,Homo sapiens,Illumina NovaSeq 6000,missing,ZL,PAIRED,RANDOM PCR,METAGENOMIC,human metagenome,ILLUMINA,2022-06-01T00:00:00Z,2022-03-14T07:04:00Z,1,ZL,SRP363091
SRR18272921,WGS,298,10195579870,PRJNA812695,SAMN26423208,"MIMS.me,MIGS/MIMS/MIMARKS.human-gut",3297539115,CHINA,not collected,public,"fastq,run.zq,sra","gs,ncbi,s3","gs.us-east1,ncbi.public,s3.us-east-1",mising,Case135,mising,SRX14411147,uncalculated,uncalculated,not collected,Homo sapiens,Illumina NovaSeq 6000,missing,ZJ_12,PAIRED,RANDOM PCR,METAGENOMIC,human metagenome,ILLUMINA,2022-06-01T00:00:00Z,2022-03-14T05:30:00Z,1,ZJ_12,SRP363091
SRR18272922,WGS,297,11036091135,PRJNA812695,SAMN26423207,"MIMS.me,MIGS/MIMS/MIMARKS.human-gut",3547498952,CHINA,not collected,public,"fastq,run.zq,sra","gs,ncbi,s3","gs.us-east1,ncbi.public,s3.us-east-1",mising,Case134,mising,SRX14411146,uncalculated,uncalculated,not collected,Homo sapiens,Illumina NovaSeq 6000,missing,ZJ_0,PAIRED,RANDOM PCR,METAGENOMIC,human metagenome,ILLUMINA,2022-06-01T00:00:00Z,2022-03-14T03:10:00Z,1,ZJ_0,SRP363091
SRR18272926,WGS,297,10661950492,PRJNA812695,SAMN26423173,"MIMS.me,MIGS/MIMS/MIMARKS.human-gut",3515396167,CHINA,not collected,public,"fastq,run.zq,sra","gs,ncbi,s3","gs.us-east1,ncbi.public,s3.us-east-1",mising,Case100,mising,SRX14411142,uncalculated,uncalculated,not collected,Homo sapiens,Illumina NovaSeq 6000,missing,YAP,PAIRED,RANDOM PCR,METAGENOMIC,human metagenome,ILLUMINA,2022-06-01T00:00:00Z,2022-03-14T03:37:00Z,1,YAP,SRP363091
SRR18272927,WGS,298,10435166085,PRJNA812695,SAMN26423172,"MIMS.me,MIGS/MIMS/MIMARKS.human-gut",3343956237,CHINA,not collected,public,"fastq,run.zq,sra","gs,ncbi,s3","gs.us-east1,ncbi.public,s3.us-east-1",mising,Case99,mising,SRX14411141,uncalculated,uncalculated,not collected,Homo sapiens,Illumina NovaSeq 6000,missing,XWX_12,PAIRED,RANDOM PCR,METAGENOMIC,human metagenome,ILLUMINA,2022-06-01T00:00:00Z,2022-03-14T03:17:00Z,1,XWX_12,SRP363091
SRR18272928,WGS,296,9522558341,PRJNA812695,SAMN26423171,"MIMS.me,MIGS/MIMS/MIMARKS.human-gut",3214484119,CHINA,not collected,public,"fastq,run.zq,sra","gs,ncbi,s3","gs.us-east1,ncbi.public,s3.us-east-1",mising,Case98,mising,SRX14411140,uncalculated,uncalculated,not collected,Homo sapiens,Illumina NovaSeq 6000,missing,XWX_0,PAIRED,RANDOM PCR,METAGENOMIC,human metagenome,ILLUMINA,2022-06-01T00:00:00Z,2022-03-14T05:18:00Z,1,XWX_0,SRP363091
SRR18272929,WGS,298,10437550409,PRJNA812695,SAMN26423170,"MIMS.me,MIGS/MIMS/MIMARKS.human-gut",3392976282,CHINA,not collected,public,"fastq,run.zq,sra","gs,ncbi,s3","gs.us-east1,ncbi.public,s3.us-east-1",mising,Case97,mising,SRX14411139,uncalculated,uncalculated,not collected,Homo sapiens,Illumina NovaSeq 6000,missing,XJ,PAIRED,RANDOM PCR,METAGENOMIC,human metagenome,ILLUMINA,2022-06-01T00:00:00Z,2022-03-14T03:04:00Z,1,XJ,SRP363091
SRR18272932,WGS,297,9552052617,PRJNA812695,SAMN26423167,"MIMS.me,MIGS/MIMS/MIMARKS.human-gut",3238884755,CHINA,not collected,public,"fastq,run.zq,sra","gs,ncbi,s3","gs.us-east1,ncbi.public,s3.us-east-1",mising,Case94,mising,SRX14411136,uncalculated,uncalculated,not collected,Homo sapiens,Illumina NovaSeq 6000,missing,WYE,PAIRED,RANDOM PCR,METAGENOMIC,human metagenome,ILLUMINA,2022-06-01T00:00:00Z,2022-03-14T03:12:00Z,1,WYE,SRP363091
SRR18272935,WGS,298,10510046499,PRJNA812695,SAMN26423164,"MIMS.me,MIGS/MIMS/MIMARKS.human-gut",3433733910,CHINA,not collected,public,"fastq,run.zq,sra","gs,ncbi,s3","gs.us-east1,ncbi.public,s3.us-east-1",mising,Case91,mising,SRX14411133,uncalculated,uncalculated,not collected,Homo sapiens,Illumina NovaSeq 6000,missing,WXH,PAIRED,RANDOM PCR,METAGENOMIC,human metagenome,ILLUMINA,2022-06-01T00:00:00Z,2022-03-14T03:20:00Z,1,WXH,SRP363091
SRR18272936,WGS,298,10450145815,PRJNA812695,SAMN26423083,"MIMS.me,MIGS/MIMS/MIMARKS.human-gut",3395811910,CHINA,not collected,public,"fastq,run.zq,sra","gs,ncbi,s3","gs.us-east1,ncbi.public,s3.us-east-1",mising,Case10,mising,SRX14411132,uncalculated,uncalculated,not collected,Homo sapiens,Illumina NovaSeq 6000,missing,CWJ_12,PAIRED,RANDOM PCR,METAGENOMIC,human metagenome,ILLUMINA,2022-06-01T00:00:00Z,2022-03-14T02:41:00Z,1,CWJ_12,SRP363091
SRR18272937,WGS,298,9695118725,PRJNA812695,SAMN26423163,"MIMS.me,MIGS/MIMS/MIMARKS.human-gut",3136575653,CHINA,not collected,public,"fastq,run.zq,sra","gs,ncbi,s3","gs.us-east1,ncbi.public,s3.us-east-1",mising,Case90,mising,SRX14411131,uncalculated,uncalculated,not collected,Homo sapiens,Illumina NovaSeq 6000,missing,WSN_12,PAIRED,RANDOM PCR,METAGENOMIC,human metagenome,ILLUMINA,2022-06-01T00:00:00Z,2022-03-14T03:38:00Z,1,WSN_12,SRP363091
SRR18272938,WGS,297,11001171328,PRJNA812695,SAMN26423087,"MIMS.me,MIGS/MIMS/MIMARKS.human-gut",3544673565,CHINA,not collected,public,"fastq,run.zq,sra","gs,ncbi,s3","gs.us-east1,ncbi.public,s3.us-east-1",mising,Case14,mising,SRX14411130,uncalculated,uncalculated,not collected,Homo sapiens,Illumina NovaSeq 6000,missing,DGF_0,PAIRED,RANDOM PCR,METAGENOMIC,human metagenome,ILLUMINA,2022-06-01T00:00:00Z,2022-03-14T03:49:00Z,1,DGF_0,SRP363091
SRR18272940,WGS,297,10770326644,PRJNA812695,SAMN26423202,"MIMS.me,MIGS/MIMS/MIMARKS.human-gut",3436887319,CHINA,not collected,public,"fastq,run.zq,sra","gs,ncbi,s3","gs.us-east1,ncbi.public,s3.us-east-1",mising,Case129,mising,SRX14411128,uncalculated,uncalculated,not collected,Homo sapiens,Illumina NovaSeq 6000,missing,ZCW_12,PAIRED,RANDOM PCR,METAGENOMIC,human metagenome,ILLUMINA,2022-06-01T00:00:00Z,2022-03-14T04:50:00Z,1,ZCW_12,SRP363091
SRR18272941,WGS,297,11070101240,PRJNA812695,SAMN26423201,"MIMS.me,MIGS/MIMS/MIMARKS.human-gut",3533156259,CHINA,not collected,public,"fastq,run.zq,sra","gs,ncbi,s3","gs.us-east1,ncbi.public,s3.us-east-1",mising,Case128,mising,SRX14411127,uncalculated,uncalculated,not collected,Homo sapiens,Illumina NovaSeq 6000,missing,ZCW_0,PAIRED,RANDOM PCR,METAGENOMIC,human metagenome,ILLUMINA,2022-06-01T00:00:00Z,2022-03-14T03:24:00Z,1,ZCW_0,SRP363091
SRR18272945,WGS,298,11721838246,PRJNA812695,SAMN26423197,"MIMS.me,MIGS/MIMS/MIMARKS.human-gut",3776188003,CHINA,not collected,public,"fastq,run.zq,sra","gs,ncbi,s3","gs.us-east1,ncbi.public,s3.us-east-1",mising,Case124,mising,SRX14411123,uncalculated,uncalculated,not collected,Homo sapiens,Illumina NovaSeq 6000,missing,YYQ_12,PAIRED,RANDOM PCR,METAGENOMIC,human metagenome,ILLUMINA,2022-06-01T00:00:00Z,2022-03-14T04:44:00Z,1,YYQ_12,SRP363091
SRR18272946,WGS,297,9308208642,PRJNA812695,SAMN26423196,"MIMS.me,MIGS/MIMS/MIMARKS.human-gut",2975648141,CHINA,not collected,public,"fastq,run.zq,sra","gs,ncbi,s3","gs.us-east1,ncbi.public,s3.us-east-1",mising,Case123,mising,SRX14411122,uncalculated,uncalculated,not collected,Homo sapiens,Illumina NovaSeq 6000,missing,YYQ_0,PAIRED,RANDOM PCR,METAGENOMIC,human metagenome,ILLUMINA,2022-06-01T00:00:00Z,2022-03-14T03:15:00Z,1,YYQ_0,SRP363091
SRR18272952,WGS,298,11646985040,PRJNA812695,SAMN26423191,"MIMS.me,MIGS/MIMS/MIMARKS.human-gut",3836169992,CHINA,not collected,public,"fastq,run.zq,sra","gs,ncbi,s3","gs.us-east1,ncbi.public,s3.us-east-1",mising,Case118,mising,SRX14411116,uncalculated,uncalculated,not collected,Homo sapiens,Illumina NovaSeq 6000,missing,YXS_12,PAIRED,RANDOM PCR,METAGENOMIC,human metagenome,ILLUMINA,2022-06-01T00:00:00Z,2022-03-14T04:05:00Z,1,YXS_12,SRP363091
SRR18272953,WGS,297,9685090033,PRJNA812695,SAMN26423190,"MIMS.me,MIGS/MIMS/MIMARKS.human-gut",3090070968,CHINA,not collected,public,"fastq,run.zq,sra","gs,ncbi,s3","gs.us-east1,ncbi.public,s3.us-east-1",mising,Case117,mising,SRX14411115,uncalculated,uncalculated,not collected,Homo sapiens,Illumina NovaSeq 6000,missing,YXS_0,PAIRED,RANDOM PCR,METAGENOMIC,human metagenome,ILLUMINA,2022-06-01T00:00:00Z,2022-03-14T02:54:00Z,1,YXS_0,SRP363091
SRR18272958,WGS,297,10334594426,PRJNA812695,SAMN26423185,"MIMS.me,MIGS/MIMS/MIMARKS.human-gut",3357068301,CHINA,not collected,public,"fastq,run.zq,sra","gs,ncbi,s3","gs.us-east1,ncbi.public,s3.us-east-1",mising,Case112,mising,SRX14411110,uncalculated,uncalculated,not collected,Homo sapiens,Illumina NovaSeq 6000,missing,YQH_12,PAIRED,RANDOM PCR,METAGENOMIC,human metagenome,ILLUMINA,2022-06-01T00:00:00Z,2022-03-14T03:12:00Z,1,YQH_12,SRP363091
SRR18272959,WGS,298,10625676898,PRJNA812695,SAMN26423184,"MIMS.me,MIGS/MIMS/MIMARKS.human-gut",3489653598,CHINA,not collected,public,"fastq,run.zq,sra","gs,ncbi,s3","gs.us-east1,ncbi.public,s3.us-east-1",mising,Case111,mising,SRX14411109,uncalculated,uncalculated,not collected,Homo sapiens,Illumina NovaSeq 6000,missing,YQH_0,PAIRED,RANDOM PCR,METAGENOMIC,human metagenome,ILLUMINA,2022-06-01T00:00:00Z,2022-03-14T04:10:00Z,1,YQH_0,SRP363091
SRR18272962,WGS,297,9589878889,PRJNA812695,SAMN26423182,"MIMS.me,MIGS/MIMS/MIMARKS.human-gut",3139916428,CHINA,not collected,public,"fastq,run.zq,sra","gs,ncbi,s3","gs.us-east1,ncbi.public,s3.us-east-1",mising,Case109,mising,SRX14411106,uncalculated,uncalculated,not collected,Homo sapiens,Illumina NovaSeq 6000,missing,YLP_12,PAIRED,RANDOM PCR,METAGENOMIC,human metagenome,ILLUMINA,2022-06-01T00:00:00Z,2022-03-14T03:40:00Z,1,YLP_12,SRP363091
SRR18272963,WGS,297,9708801243,PRJNA812695,SAMN26423181,"MIMS.me,MIGS/MIMS/MIMARKS.human-gut",3155855795,CHINA,not collected,public,"fastq,run.zq,sra","gs,ncbi,s3","gs.us-east1,ncbi.public,s3.us-east-1",mising,Case108,mising,SRX14411105,uncalculated,uncalculated,not collected,Homo sapiens,Illumina NovaSeq 6000,missing,YLP_0,PAIRED,RANDOM PCR,METAGENOMIC,human metagenome,ILLUMINA,2022-06-01T00:00:00Z,2022-03-14T04:13:00Z,1,YLP_0,SRP363091
SRR18272964,WGS,297,10340050291,PRJNA812695,SAMN26423180,"MIMS.me,MIGS/MIMS/MIMARKS.human-gut",3389132607,CHINA,not collected,public,"fastq,run.zq,sra","gs,ncbi,s3","gs.us-east1,ncbi.public,s3.us-east-1",mising,Case107,mising,SRX14411104,uncalculated,uncalculated,not collected,Homo sapiens,Illumina NovaSeq 6000,missing,YL_12,PAIRED,RANDOM PCR,METAGENOMIC,human metagenome,ILLUMINA,2022-06-01T00:00:00Z,2022-03-14T03:56:00Z,1,YL_12,SRP363091
SRR18272965,WGS,297,11006011791,PRJNA812695,SAMN26423179,"MIMS.me,MIGS/MIMS/MIMARKS.human-gut",3521305647,CHINA,not collected,public,"fastq,run.zq,sra","gs,ncbi,s3","gs.us-east1,ncbi.public,s3.us-east-1",mising,Case106,mising,SRX14411103,uncalculated,uncalculated,not collected,Homo sapiens,Illumina NovaSeq 6000,missing,YL_0,PAIRED,RANDOM PCR,METAGENOMIC,human metagenome,ILLUMINA,2022-06-01T00:00:00Z,2022-03-14T04:04:00Z,1,YL_0,SRP363091
SRR18272966,WGS,298,10493660466,PRJNA812695,SAMN26423178,"MIMS.me,MIGS/MIMS/MIMARKS.human-gut",3383248899,CHINA,not collected,public,"fastq,run.zq,sra","gs,ncbi,s3","gs.us-east1,ncbi.public,s3.us-east-1",mising,Case105,mising,SRX14411102,uncalculated,uncalculated,not collected,Homo sapiens,Illumina NovaSeq 6000,missing,YJF_12,PAIRED,RANDOM PCR,METAGENOMIC,human metagenome,ILLUMINA,2022-06-01T00:00:00Z,2022-03-14T04:01:00Z,1,YJF_12,SRP363091
SRR18272967,WGS,297,10676032325,PRJNA812695,SAMN26423177,"MIMS.me,MIGS/MIMS/MIMARKS.human-gut",3408209371,CHINA,not collected,public,"fastq,run.zq,sra","gs,ncbi,s3","gs.us-east1,ncbi.public,s3.us-east-1",mising,Case104,mising,SRX14411101,uncalculated,uncalculated,not collected,Homo sapiens,Illumina NovaSeq 6000,missing,YJF_0,PAIRED,RANDOM PCR,METAGENOMIC,human metagenome,ILLUMINA,2022-06-01T00:00:00Z,2022-03-14T03:40:00Z,1,YJF_0,SRP363091
SRR18272968,WGS,297,11371247283,PRJNA812695,SAMN26423176,"MIMS.me,MIGS/MIMS/MIMARKS.human-gut",3623336619,CHINA,not collected,public,"fastq,run.zq,sra","gs,ncbi,s3","gs.us-east1,ncbi.public,s3.us-east-1",mising,Case103,mising,SRX14411100,uncalculated,uncalculated,not collected,Homo sapiens,Illumina NovaSeq 6000,missing,YGS,PAIRED,RANDOM PCR,METAGENOMIC,human metagenome,ILLUMINA,2022-06-01T00:00:00Z,2022-03-14T04:07:00Z,1,YGS,SRP363091
SRR18272969,WGS,298,9871113173,PRJNA812695,SAMN26423175,"MIMS.me,MIGS/MIMS/MIMARKS.human-gut",3204209896,CHINA,not collected,public,"fastq,run.zq,sra","gs,ncbi,s3","gs.us-east1,ncbi.public,s3.us-east-1",mising,Case102,mising,SRX14411099,uncalculated,uncalculated,not collected,Homo sapiens,Illumina NovaSeq 6000,missing,YFL,PAIRED,RANDOM PCR,METAGENOMIC,human metagenome,ILLUMINA,2022-06-01T00:00:00Z,2022-03-14T03:56:00Z,1,YFL,SRP363091
SRR18272970,WGS,298,10649559998,PRJNA812695,SAMN26423174,"MIMS.me,MIGS/MIMS/MIMARKS.human-gut",3431006376,CHINA,not collected,public,"fastq,run.zq,sra","gs,ncbi,s3","gs.us-east1,ncbi.public,s3.us-east-1",mising,Case101,mising,SRX14411098,uncalculated,uncalculated,not collected,Homo sapiens,Illumina NovaSeq 6000,missing,YB,PAIRED,RANDOM PCR,METAGENOMIC,human metagenome,ILLUMINA,2022-06-01T00:00:00Z,2022-03-14T03:25:00Z,1,YB,SRP363091
SRR18272972,WGS,297,9962205377,PRJNA812695,SAMN26423075,"MIMS.me,MIGS/MIMS/MIMARKS.human-gut",3212651651,CHINA,not collected,public,"fastq,run.zq,sra","gs,ncbi,s3","gs.us-east1,ncbi.public,s3.us-east-1",mising,Case2,mising,SRX14411096,uncalculated,uncalculated,not collected,Homo sapiens,Illumina NovaSeq 6000,missing,BJLB,PAIRED,RANDOM PCR,METAGENOMIC,human metagenome,ILLUMINA,2022-06-01T00:00:00Z,2022-03-14T03:42:00Z,1,BJLB,SRP363091
SRR18272973,WGS,297,9813419216,PRJNA812695,SAMN26423074,"MIMS.me,MIGS/MIMS/MIMARKS.human-gut",3196467073,CHINA,not collected,public,"fastq,run.zq,sra","gs,ncbi,s3","gs.us-east1,ncbi.public,s3.us-east-1",mising,Case1,mising,SRX14411095,uncalculated,uncalculated,not collected,Homo sapiens,Illumina NovaSeq 6000,missing,BBZM,PAIRED,RANDOM PCR,METAGENOMIC,human metagenome,ILLUMINA,2022-06-01T00:00:00Z,2022-03-14T03:25:00Z,1,BBZM,SRP363091
