"","Acetobacter_sp_CAG_977","Acidaminococcus_fermentans","Acidaminococcus_intestini","Aeromonas_caviae","Agathobaculum_butyriciproducens","Akkermansia_muciniphila","Alistipes_finegoldii","Alistipes_indistinctus","Alistipes_inops","Alistipes_obesi","Alistipes_onderdonkii","Alistipes_putredinis","Alistipes_shahii","Alistipes_sp_CAG_268","Alistipes_sp_CAG_435","Alistipes_sp_CAG_514","Allisonella_histaminiformans","Alloscardovia_omnicolens","Anaerostipes_caccae","Anaerostipes_hadrus","Anaerotignum_lactatifermentans","Anaerotruncus_sp_CAG_528","Azospirillum_sp_47_25","Azospirillum_sp_CAG_260","Bacteroides_caccae","Bacteroides_cellulosilyticus","Bacteroides_clarus","Bacteroides_coprocola","Bacteroides_coprophilus","Bacteroides_dorei","Bacteroides_eggerthii","Bacteroides_faecis","Bacteroides_finegoldii","Bacteroides_fragilis","Bacteroides_galacturonicus","Bacteroides_intestinalis","Bacteroides_massiliensis","Bacteroides_ovatus","Bacteroides_plebeius","Bacteroides_salyersiae","Bacteroides_sp_CAG_144","Bacteroides_sp_CAG_530","Bacteroides_sp_CAG_633","Bacteroides_sp_CAG_714","Bacteroides_sp_CAG_770","Bacteroides_stercoris","Bacteroides_thetaiotaomicron","Bacteroides_uniformis","Bacteroides_vulgatus","Bacteroides_xylanisolvens","Bacteroidia_bacterium_44_10","Barnesiella_intestinihominis","Bifidobacterium_adolescentis","Bifidobacterium_animalis","Bifidobacterium_bifidum","Bifidobacterium_breve","Bifidobacterium_dentium","Bifidobacterium_longum","Bifidobacterium_pseudocatenulatum","Bilophila_wadsworthia","Blautia_obeum","Blautia_sp","Blautia_sp_AF19_10LB","Blautia_sp_CAG_52","Brachyspira_pilosicoli","Brachyspira_sp_CAG_700","Butyricimonas_virosa","Candidatus_Gastranaerophilales_bacterium_HUM_10","Candidatus_Gastranaerophilales_bacterium_HUM_11","Candidatus_Gastranaerophilales_bacterium_HUM_18","Catenibacterium_mitsuokai","Citrobacter_freundii","Citrobacter_koseri","Citrobacter_sp_MGH106","Clostridium_bolteae","Clostridium_disporicum","Clostridium_leptum","Clostridium_paraputrificum","Clostridium_perfringens","Clostridium_sp_44_14","Clostridium_sp_AF36_4","Clostridium_sp_AM22_11AC","Clostridium_sp_CAG_138","Clostridium_sp_CAG_169","Clostridium_sp_CAG_217","Clostridium_sp_CAG_226","Clostridium_sp_CAG_230","Clostridium_sp_CAG_242","Clostridium_sp_CAG_245","Clostridium_sp_CAG_277","Clostridium_sp_CAG_299","Clostridium_sp_CAG_302","Clostridium_sp_CAG_413","Clostridium_sp_CAG_452","Clostridium_sp_CAG_465","Clostridium_sp_CAG_492","Clostridium_sp_CAG_505","Clostridium_sp_CAG_567","Clostridium_sp_CAG_58","Clostridium_sp_CAG_75","Clostridium_sp_CAG_780","Clostridium_symbiosum","Collinsella_aerofaciens","Collinsella_sp_CAG_289","Coprobacter_fastidiosus","Coprobacter_secundus","Coprococcus_catus","Coprococcus_comes","Coprococcus_eutactus","Corallococcus_sp_CAG_1435","Desulfovibrio_desulfuricans","Desulfovibrio_piger","Desulfovibrionaceae_bacterium","Dialister_invisus","Dialister_sp_CAG_486","Dorea_formicigenerans","Dorea_longicatena","Dorea_sp_CAG_317","Eggerthella_lenta","Eggerthella_sp_CAG_298","Enterobacter_cloacae_complex","Enterococcus_casseliflavus","Enterococcus_faecium","Erysipelatoclostridium_ramosum","Erysipelotrichaceae_bacterium_3_1_53","Escherichia_coli","Eubacterium_eligens","Eubacterium_hallii","Eubacterium_ramulus","Eubacterium_rectale","Eubacterium_siraeum","Eubacterium_sp_36_13","Eubacterium_sp_CAG_115","Eubacterium_sp_CAG_161","Eubacterium_sp_CAG_180","Eubacterium_sp_CAG_251","Eubacterium_sp_CAG_252","Eubacterium_sp_CAG_274","Eubacterium_sp_CAG_38","Eubacterium_ventriosum","Faecalibacterium_prausnitzii","Faecalibacterium_sp_CAG_74","Faecalibacterium_sp_CAG_74_58_120","Firmicutes_bacterium_AF16_15","Firmicutes_bacterium_CAG_102","Firmicutes_bacterium_CAG_103","Firmicutes_bacterium_CAG_110","Firmicutes_bacterium_CAG_114","Firmicutes_bacterium_CAG_124","Firmicutes_bacterium_CAG_129","Firmicutes_bacterium_CAG_137","Firmicutes_bacterium_CAG_145","Firmicutes_bacterium_CAG_176","Firmicutes_bacterium_CAG_240","Firmicutes_bacterium_CAG_24053_14","Firmicutes_bacterium_CAG_321","Firmicutes_bacterium_CAG_41","Firmicutes_bacterium_CAG_475","Firmicutes_bacterium_CAG_56","Firmicutes_bacterium_CAG_65_45_313","Firmicutes_bacterium_CAG_83","Firmicutes_bacterium_CAG_882","Flavonifractor_plautii","Fusicatenibacter_saccharivorans","Fusobacterium_mortiferum","Fusobacterium_sp_CAG_439","Gemmiger_formicilis","Haemophilus_parainfluenzae","Haemophilus_sp_HMSC71H05","Haemophilus_sputorum","Hafnia_paralvei","Holdemanella_biformis","Intestinibacter_bartlettii","Intestinimonas_butyriciproducens","Klebsiella_aerogenes","Klebsiella_michiganensis","Klebsiella_pneumoniae","Klebsiella_quasipneumoniae","Klebsiella_variicola","Kluyvera_ascorbata","Lachnospira_pectinoschiza","Lactobacillus_amylovorus","Lactobacillus_animalis","Lactobacillus_crispatus","Lactobacillus_delbrueckii","Lactobacillus_fermentum","Lactobacillus_johnsonii","Lactobacillus_mucosae","Lactobacillus_oris","Lactobacillus_paragasseri","Lactobacillus_reuteri","Lactobacillus_rogosae","Lactobacillus_salivarius","Lactobacillus_vaginalis","Lawsonibacter_asaccharolyticus","Megasphaera_elsdenii","Megasphaera_sp_DISK_18","Megasphaera_sp_MJR8396C","Mesosutterella_multiformis","Methanobrevibacter_smithii","Mitsuokella_jalaludinii","Odoribacter_laneus","Odoribacter_splanchnicus","Oscillibacter_sp_57_20","Oscillibacter_sp_CAG_241","Oxalobacter_formigenes","Parabacteroides_distasonis","Parabacteroides_goldsteinii","Parabacteroides_johnsonii","Parabacteroides_merdae","Paraprevotella_clara","Paraprevotella_xylaniphila","Parasutterella_excrementihominis","Phascolarctobacterium_faecium","Phascolarctobacterium_sp_CAG_266","Phascolarctobacterium_succinatutens","Pluralibacter_gergoviae","Porphyromonas_sp_31_2","Prevotella_buccae","Prevotella_copri","Prevotella_sp_109","Prevotella_sp_885","Prevotella_sp_AM42_24","Prevotella_sp_CAG_1092","Prevotella_sp_CAG_1124","Prevotella_sp_CAG_1185","Prevotella_sp_CAG_279","Prevotella_sp_CAG_386","Prevotella_sp_CAG_485","Prevotella_sp_CAG_487","Prevotella_sp_CAG_520","Prevotella_sp_CAG_5226","Prevotella_sp_CAG_604","Prevotella_sp_CAG_732","Prevotella_sp_CAG_755","Prevotella_sp_CAG_873","Prevotella_sp_CAG_891","Prevotella_stercorea","Proteobacteria_bacterium_CAG_139","Proteobacteria_bacterium_CAG_495","Raoultella_ornithinolytica","Roseburia_faecis","Roseburia_hominis","Roseburia_intestinalis","Roseburia_inulinivorans","Roseburia_sp_CAG_100","Roseburia_sp_CAG_10041_57","Roseburia_sp_CAG_182","Roseburia_sp_CAG_303","Roseburia_sp_CAG_380","Roseburia_sp_CAG_471","Rothia_mucilaginosa","Ruminococcaceae_bacterium_D5","Ruminococcaceae_bacterium_KLE1738","Ruminococcus_bicirculans","Ruminococcus_bromii","Ruminococcus_callidus","Ruminococcus_gnavus","Ruminococcus_lactaris","Ruminococcus_sp_CAG_177","Ruminococcus_sp_CAG_254","Ruminococcus_sp_CAG_330","Ruminococcus_sp_CAG_563","Ruminococcus_sp_CAG_624","Ruminococcus_torques","Ruthenibacterium_lactatiformans","Streptococcus_anginosus_group","Streptococcus_downei","Streptococcus_gordonii","Streptococcus_lutetiensis","Streptococcus_milleri","Streptococcus_mitis","Streptococcus_mutans","Streptococcus_oralis","Streptococcus_parasanguinis","Streptococcus_pasteurianus","Streptococcus_salivarius","Streptococcus_sobrinus","Streptococcus_vestibularis","Subdoligranulum_sp","Subdoligranulum_sp_APC924_74","Succinatimonas_sp_CAG_777","Sutterella_sp_CAG_351","Sutterella_sp_CAG_521","Sutterella_wadsworthensis","Turicibacter_sanguinis","Tyzzerella_sp","Veillonella_atypica","Veillonella_dispar","Veillonella_parvula","Veillonella_sp_DORA_A_3_16_22"
"10395",0,0,0.69267,0,0,0,0,0,0,0,0,0,0,0,0,0,0,0,0,0.13756,0,0,0,0,0,0,0,0,0,0,0,0,0,0,0,0,0,1.72224,0,0,0,0,0,0,0,6.88861,0.37283,0.32607,66.85481,0,0,0,0,0,0.11908,0,0,0,0,0,0,0,0,0,0,0,0,0,0,0,0,0,0,0,0,1.44519,0,0,0,0,0,0,0,0,0,0,0,0,0,0,0,0,0,0,0,0,0,0,0,0,0,0,0,0,0,0,0,0,0,0,0,0,0,0,0,0,0,0,0,0,0,0,0,0,0,0,2.7616,0,0,2.19869,0,0,0,0,0,0,0,0,1.4488,0,4.7941,0,0,0,0,0,0,0,0,0,0,0,0,0,0,0,0,0,0,0,0,0,0,0,0,0,0,1.10064,0,0,0,0,0,0,0,0,0,0,0,0.36092,0,0,0,0,0,0,0,0,0,0,0,0,0,0,0,0,0,0.12887,0,0,0,0,0,0,0,0,0.14878,0,0,0.37884,0,0,0,0,0,2.21514,3.07448,0,0,0,0,0,0,0,0,0,0,0,0,0,0,0,0,0,0,0,0,0,0,0,0.49883,0,0,0.3746,0.69529,0,0,0,0,0,0,0,0,0,0,0,0,0.48919,0,0,0,0,0,0,0,0,0,0,0,0,0,0.11668,0,0,0,0,0,0,0,0,0,0,0,0,0.41661,0,0,0.23887,0,0,0
"10205",0,0,0,0,0,0,0.64121,0.56463,0,0,0,6.88479,0.46421,0,0,0,0,0,0,0,0,0,0,0,1.42351,0,0,0,0,0,0,0,0,0.48017,0,0,0,0,0,0,0,0,0,0,0,0.31952,0.71272,14.46096,4.56064,0,0,0,0,0,0,0,0,0,0,0,0,0,0,0,0,0,0.05193,0,0,0,0,0,0,0,0,0,0,0,0,0,0,0,0,0,0.27372,0,0,0.96584,0,0,0,0,0,0,0,0,0,0,0,0,0,0,0,0,0,0,0,0,0,0,0,0,0,0,0.81035,0,0,0,0,0,0,0,0,0,0,0,0,0,0,0.11034,0,0,0,0,1.95554,0,0,0,0,0,3.7991,0,0,0,0,2.42689,0,0,6.79295,0.70121,0,0,0,0,0,0,0,0,0,0.07899,1.7205,0,0,0,0,0,0,0,0.05309,0,0,0,0,0.19892,0,0,0,0,0,0,0,0,0,0,0,0,0,0,0,0,0,0,0,0,0,0,0,0,0,0,0,0,0.12017,2.04844,0,0,0.30182,0,0,1.96099,0,0,0,0,0,0,0,0.07688,0,26.88185,0,0,0,0,0,0,2.23812,3.38059,0,0,0,0,0,0,0,0,0,0,0,0,0,0,2.89084,0,2.18161,0,0,0,0,1.34287,0,0,0,0,0,0,0,1.17849,0,2.26327,0,0,0,0,0,0.10904,0,0,0,0,0,0,0,0,0.50713,0,0.80994,0,0,0,0,0,0,0.83663,0.25573,0,0,0,0,0.16386,0
"10690",0,0,0,0,0,0,0,0,0,0,0,0.21907,0.26404,0,0,0,0,0,0,0,0,0,0,0,0,0,0,0,0,0,0,0,0,0,0,0,0,0.08562,0,0,0,0,0,0,0,0,0,0.56536,0,0,0,0.17049,0,0,0,0,0,0,0,0,0.16314,0,0,0.07402,0,0,0,0,0,0,0,0,0,0,0,0,0,0,0,0,0,0,0,0,1.29306,0,0,0,0,0,0,0,0,0,0,0,0,0,0,0,0,0,0.2341,0,0,0,0,0.40431,0,0,0,0,0,0,0,0.02412,0,0,0,0,0,0,0,0,0,8.05847,0.3049,0,0,4.99114,0,0,0,0,0,0,0,0,0,0,6.63135,0,0,0,0,2.16516,0,0,0,0.92271,0,0,0,0,0,0,0,0,0,0,1.15309,0,0,0,0,0,0,0,0,0,0,0,0,0,0,0,0,0,0,0,0,0,0,0,0,0,0,0,0,0,0,0,0,0,0,0,0,0,0,0,0,0,0,0.91559,0,0,0.0288,0,0,0.09566,0,0,0,0,0,3.05375,0,0.02657,0,38.51861,0,0,5.00571,0,0,0,0,2.5329,0,0,0,4.84947,2.67866,0,0,0,0,0,0,0,0,0,1.44379,0.21051,2.54863,0,0,0,0,0,0,0,0,0,0,0,0,0,0,0,0,0,0,0,0,0,0,0,0,0,0,0,0,0,0.43578,0,6.60455,0,0.34412,0,0,0,0,0,0.64921,0,0.68367,1.22317,0,0.30586,0.12085
"10360",0,0,0,0,0,0,0,0,0,0,0,0,0,0,0,0,0,0,0,0,0,0,0,0,0,0,0,0,0,0,0,0,0,0,0,0,0,0,0,0,0,0,0,0,0,0,0,0,0.31762,0,0,0,0,0,0,0,0,0,0,0,0,0,0,0,0,0,0,0,0,0,0,0,0,0,0,0,0,0,0,0,0,0,0,0,0,0,0,0,0,0,0,0,0,0,0,0,0,0,0,0,0,0,0,0,0,0,0,0,0.3805,0,0,0,0,0,4.01986,0,0,0,0,0,0,0,0,0,0,0,0,0,0,0,0,0,0,0,0,0,0,0,0,0,1.79229,0,0,0,0,4.38942,0,0,0,0,0,0,0,0,0,0,0,0,0,0,0.05619,0,0,0,0,0,0,0,0,0,0,0,0,0,0,0,2.12482,0,0,0,0,0,0,0,0,0,0,0,0,0,0,0,0,0,0,0,0,0,0,0,0,0,0,0.79833,0,0,0,0,0,0,0,0,0,0,0,0,0,0,0,58.32846,0,1.55093,5.40784,0,0,0,0,1.16675,0,0,5.38731,3.70624,1.27446,0,0,0,0,0.79039,0,0,0,1.10679,0,0,0,0,0,0,0,0,0,0,0,0,0,0,0,0,0,0,0,0,0,0,0,0,0,0,0,0,0,0,0,0,0,0,1.62459,0,0,0,0,4.02319,0,0,1.75401,0,0,0,0,0,0
"10538",0,0,0,0,0,0,0,0,0,0.1324,0,0.87146,0,0,0,0,0,0,0,0.70152,0.02938,0,0,0,0.61739,0,0,0,0,3.39667,0,0,0,0,0,0.27444,0,0,0.59594,0,0,0,0,0,0,4.72966,0.39414,0.43335,3.06146,0,0,0,0.16072,0,0,0,0,0.54199,0.42394,0,0,0,0,0,0,0,0,0,0,5.9409,0,0,0,0,0,0,0,0,0,0,0,0.18549,0,1.93067,0.09159,0,0,0,0,0,0,0,0,0,0,0,0.19964,0,0.47611,0,0,0,0,0,0,0,0,0,0,0,0,0,0,0,0,0,0.03885,0,0,0.1021,0,0,0,0,0,0,2.11676,0,0,2.05616,20.04343,0,0,0,2.80609,0,0,0,0,0,2.36383,0,0,1.29873,0,0,0,0,0,0,0,1.48828,0,0,0,0.15342,0,0,0,0,0,0,0,1.74575,0,0.3762,0,0,0,0,0,0,0,0.13162,0,0,0,0,0,0,1.16856,0,0,0,0,0,0,0,0,0,0,0,0,0,0,0,0,0,0,0,0,0,0.1861,0,0,0,9.59792,0,0,3.15415,0,0,0,0,0,2.89815,0,0,0,0,0,0,0,0,0,0,0.84553,0,0,0,0,0,0,0,0,0,0,2.50359,0,13.41872,0,0,0,0,0.39314,0,0,0,0.12918,0,0,0,0,0,0,2.17474,0,0,1.70244,0,0,0,0,0,1.56924,0,0,0,0,0,0,0,0,0,0,0,0.34846,0,0,0,0,0,0,0,0,0,0,0,0,0,0
"10257",0,0,0,0,0,0,0,0,0,0,0,0,0,0,0,0,0,0,0,0,0,0,0,0,0.44628,0,0,0,0,1.20032,0,0,0,0,0.22883,0,0,1.70699,28.41057,0,0,0,0,0,0,7.88638,1.06204,10.06503,6.4196,0,0,0,3.30577,0,1.81184,0,0,1.86289,0.29344,0.0904,0.48764,0,0,0,0,0,0,0,0,0,0,0,0,0,0.0153,0,0.13757,0,0,0,0,0,0,0,0.6603,0,0.09562,0,0,0,0,0,0,0,0,0,0,0,0,0,0,0,0.29211,0,0,0,0,0,0,0,0,0,0,0.51694,0,0,0,0,0.1237,0,0,0,0,0,0,0.53497,0,0.14092,0,3.86158,0,0,0,0,0,0,0,0.40664,0,0.49273,5.03007,0,0,0,0,0.05409,0,0,0,0,0,0,0,0,0,0,0.03031,0,0,0,0,0,1.47624,0.10513,0,0,0,0,0,0,0,0,0,0,0,0,0,0,0,0,5.26101,0,0,0,0,0,0,0,0,0,0,0,0,0,0.39051,0,0,0,0,0,0,0,0,0,0,0,2.48956,0,0,2.09976,0,0,0,0.31947,0,0,0,0,0,0,0,0,0,0,0,0,0,0,0,0,0,0,0,0,0,0,0,0,0,0,0,1.76428,0,0.51862,5.59133,0,0,0,0,0,0,0,0,0.08665,0,1.79479,0,0,0,0,0,0,0,0,0,0.41247,0,0,0,0,0,0,0,0,0,0,0.01932,0,0,0,0,0,0,0,0,0,0,0,0,0,0
"10623",0,0,0,0,0,0,0,0,0,0,0,0,0,0,0,0,0,0,0,0.79542,0,0,0,0,0,0,0,0,0,0,0,0,0,0,0,0,0,0,3.55807,0,0,0,0,0,0,0,0.09508,0.33603,0.1326,0,0,0,0,0,0,0,0.03935,0,0,0,0.31653,0,0,0,0,0,0,0,0,0,0,0,0,0,0,0,0,0,0,0,0,0.49192,0,0,0,0,0,0,0,0,0,0,0,0,0,0,0,0,0,0,0,0,1.29208,0,0,0,0.0805,0.14199,0,0,0,0,0,0,0,0.97134,0.38003,0,0,0,0,0,0,0,0,8.34456,0,0,1.23471,0.61434,0,0,0,0,0,0,0,0,0,0,5.18758,0,0,0,0,0,0,0,0,0,0,0,0,0,0,0,0,0,0,0,0,0,0,0.22736,0,0,0,0.08206,0,0,0,0.47053,0,0,0,0,0,0,0,0,0,0,0,0,0,0,0,0,0,0,0,0,0,0,0,0,0,0,0,0,0,0,0,0.06961,0,0,0,0,0,0,0,0,0,0,0,3.89366,0,0,0,60.08791,0,0,0,0,0,0,0.21831,0,0,0,0,5.23174,0,0,0,0,0,0,0,0,0,0,0.72931,0,0.06329,0,0,0,0,0,0,0,0,0,0,0,0,0,0,0,0,0,0,0,2.84883,0,0.19527,0,0,0,0,0,0,0,0.03201,0,1.34548,0,0,0,0,0,0,0,0,0,0.32024,0.15232,0,0.01995,0
"10501",0,0,0,0,0,0,2.62212,0,0,0.23475,0,9.96263,0.14866,0,0,0,0,0.00796,0,0,0,0,0,0,1.02825,0,0,1.19132,0,6.4247,0,0,0,0,0,0,3.45193,0.10194,6.11026,0.87291,0,0,0,0,0,0.30196,0.47218,4.29467,0.86555,0.05219,0,1.49886,0,0,0,0,0,0,0,0,0.4343,0,0,0,0,0,0.14088,0,0,0,0,2.32467,0,0,0,0,0,0,0,0,0,0.38411,0,0,0,0,0,0,0,0,0,0,0,0,0,0,0,0,0,0,0,0,0,0,0,0,0,0,0,0,0,0,0,0,0,0,0,0,0,0,1.79981,0,0,0,0,0,0.35688,0,0,0.11645,0,0,0,0,0,0,0,0,0,0,4.04172,0,0,0,0,6.26643,0,0,0,0,0,0,0,0,0,0,0,0,0.11319,0,1.61223,0,0.16277,0.0927,0,0,0,0,0,0,0,0,0,0.28981,0,0,0.31024,0,0.37635,0,0,0,0,0,0,0,0,0,0,0,0,0,0,0,0,0,0,0,0,0,0,0,0.24316,3.74888,0,0,6.67788,0,0,0.22454,0,0,0,0,0,1.77476,0,0,0,0,6.37509,0,0,0,0,0.01228,8.32457,0,0,0,0,0,0,0,0,0,0,0,0,0,1.65559,0,6.82626,0,0.17863,0,0,0,0,0,0,0,0,0,0,0,0,0,0.18799,2.33,0,0,0,0,0,0,0,0,0,0,0,0,0,0,0.86911,0,0.39207,0,0,0.27514,0,0,0,0,0,0,1.4387,0,0,0,0
"10423",0,0,0,0,0,0,0,0,0,0,0,0,0,0.12932,0,0,0,0,0,0,0,0,0,0,0,0,0,0,0,2.55683,0,0,0,0,0,0,0,0,0,0,0,0,0,0,0,0.31571,0,0,0,0,0,0,0,0,0,0,0,0.03305,0,0,0,0,0,0,0,0,0,0,0,0,0,0,0,0,0,0,0,0,0,0,0,0,0,0,0,0,0,0,0,0,0.19311,0,0,0,0,0,0,0,0,0,0,0,0,0,0,0,0,0,0,0,0,0,0,0,0,0,0,0,0,0,0,0,0,0,0,0,0,0,0,1.3081,0,0,0,0,0,0,0,0,4.06715,0,0.27807,0,0,0,0,0,0,0,0,0,0,0,0,0,0,0,0,0,0,0,0,0,0,0,0,0,0,2.04071,0,0,0,0,0,0,0,0,0,0,0,0,0.60485,0,0,0,0,0,0,0,0,0,0,0,0,0,0,0,0,0,0,0,0,0,0,0,0,0,0.54971,0,0,0,0,0,0,0,0,0,0,0,0,65.61547,0,0,0,0,0,0,0,0,0,0,0,0,0,0,0,0,0,0,0,0,0,0,0,1.90449,5.16201,0,0,0,0,0,0,0,0,0,0,0,0,0.46227,0,0,0,0,0,0,0,0,0,0,0,0,0,0,0,0,3.89426,0,4.96198,0,0,0,0,0,0,0,1.08809,1.07405,0,0,3.76077,0,0
"10176",0,0,0,0,0.22626,0,0,0,0,0,0,0.23896,0,0.49199,0,1.13183,0,0,0,0,0,0,0,0,0.55795,0.02462,0,0,0,0,0,0,0,0,0,0,0.09001,0,7.31818,0,0,0,0,0,0,0,0.35695,5.12429,3.85031,0,0,0,0,0,0,0,0.22293,0,0.27172,0,1.55499,0.12803,0.01933,0,0,0,0,0,0,0,0,0,0,0,0,0,0,0,0,0,0,0,0,0,0,0,0,0,0,0,0,0,0,0,0.40284,0,0,0,0,1.3852,0,0,0.49051,0,0,0,0.1415,0.0517,2.46297,0,0,0,0,0,0,0.45453,0.5328,0,0,0,0,0,0,0,0,0,3.27098,0,0.10771,4.44913,0,0,0.94522,0,2.49377,0.09773,0,0,0.11338,0,5.11746,0,0,0,0,0.46217,0,0,0,0,0,0,0,0,0,0,0,0,0.22036,0,0.40665,1.12918,0,0.24275,0,0,0,1.52231,0,0.06437,0,0,0,0,11.26791,0,0.22964,0,0,0,0,0,0,0,0,0,0,0,0,0,0,0,0,0,0,0,0,0,0,0,0,0,0.12544,0.71841,0,0,0.30374,0,0,0.18147,0,0,0,0,0,2.19927,0,0,0,0,0,0,0,0,0,0,3.14242,0,0.14889,0.1727,0,0,0,0,0,0,0,9.68094,0,0,0,0.82516,0.94931,0.31796,6.60222,0,0,0,0.82074,0.69362,0,0,0,0,0,0,0,0,5.53328,0,0,0,0,0,0.57348,0,0,0,0,0,0,0,0,0,1.64943,0,3.86969,0,0,0,0,0,0,0,0.29353,0,0.55037,0.41464,0.56215,0,0
"10810",0,0,0,0,0,0,0,0,0,0.10221,0,2.9146,0,0,0,0,0,0,0,0,0,0.01356,0,0,0,0,0,0,0,0,0,0,0,0,0,0,0.32596,0.24592,7.28846,0,0,0,0,0,0,0.10325,3.19566,2.44134,3.40641,0,0,1.33415,0,0,0,0,0.04712,0,0,0,0.13309,0,0,0,0,0,0,0,0,0,0,0,0,0,0,0,0,0,0,0,0,1.12577,0,0,0,0,0,0,0,0,0,0,0,0,0,0,0,0,0,0,0,0,0,0,0,0,0,0,0,0,0,0,0,0,0,0,0,0,0,0,0,0,0,0,0,0,0.20379,0,0,0.3214,0,0.14086,0,0,0,0,0,0,0,0,0.79423,0,0,0,0.36342,5.5742,0,0,0,0,0,0,0,0,0,0,0,0,0,0,0.21737,0,0,0,0,0,0,0,0,0,0,0,0,0,0,0,4.82799,0.51728,0.5481,0,0,0,0,0,0,0,0,0,0,0,0,0,0,0,0,0,0,0,0.54856,0,0,0,0.41601,3.8128,0,0,2.71341,0,0,0.96359,0,0,0,0,0,3.58744,0,0,0,42.22852,0,0,0,0,0,0,0,5.60834,0,0,0,0,0,0,0,0,0,0,0,0,0,0,0.31355,0,0,0,0,0,0,0.07806,0,0,0,0,0,0,0,0,0,0,0,0,0,0,0,0,0,0,0,0,0,0,0,0,0.12218,0,0.39943,0,0,0,0,0,0.76079,0,0,0,1.95214,0.30903,0,0,0
"10156",0,0,0,0,0,0,0,0,0,0,0,0,0,0,0,0,0,0,0,0,0,0,0,0,0.01428,0,0,0,0,0,0,0,0,0,0,0,0,0,0,0,0,0,0,0,0,0,0,0,0.64134,0,0,0,0,0,0,0,0,0,0,0,0.63355,0,0,0,0,0,0,0,0,0,0,0,0,0,0,0,0,0,0,0,0,0,0,0,0,0,0,0,0,0,0,0,0,0,0,0,0,0,0,0,0,0,0.16687,0,0,0,0,0,0.24095,0,0,0,0,0.20125,0,0.05081,0.14325,0,0,0,0,0,0,0,0,25.88788,0,0,0,0,0,0,0,0,0,0,0,0,0,0,2.36439,0,0,0,0,0.16889,0,0,0,0,0,0,0,0,0,0,0,0,0.17031,0,0,0,0,0,0,0,0,0,0,0,0,0,0,0,0,0,0,0,0,0,0,0,0,0,0,0,0,0,0,0,0,0,0,0,0,0,0,0,0,0,0,0,0,0,0,0,0.52697,0,0,0.1612,0,0,0,0,0,0,0,0,0,50.75242,0,0,0,0,0,0,0.17577,0,0,0,0,0,0,0,0,0,0,5.77658,0,0,0,1.38822,0.93447,0,0.32143,0,0,0,0,0,0,0,0,0,0,0,0,0,0,0,0,0,0,0,0.70027,0,0,0,0,3.66847,0,0,0,0,0.57616,0,3.66422,0,0,0.14153,0,0,0,0,0.25759,0,0,0.27094,0,0,0
"10563",0,0,0,0,0,19.05057,3.47302,0,0,0.62533,0,3.98179,0.03322,0,0,0,0,0,0,0,0,0,0,0,0.40788,0,0,0,0,0,0,0,0,1.66681,0,0,0,0.07501,3.01321,0,0,0,0,0,0,2.05683,1.06104,14.42439,2.51012,0.20739,0,0.83389,0.33509,0,0,0,0,0.19417,0,0,0.7169,0,0,0,0,0,0,0,0,0,0,0,0,0,0,0,0,0,0,0,0,0,0,0,7.0611,0,0,0,0,0,0,0,0,0,0,0,0,0,0.21857,0,0,0,0.22166,0,0,0,0.15564,0.9071,0,0,0,0,0,0,0,0.06495,0,0,0,0,0,0,0,0,0,4.74672,1.02776,0,0,2.62465,0,0,0,0,0,0,0,0,0.15728,0,1.81713,0,0,0,0,0.34066,0,0,0,0,0,0,0,0,0,0,0,0,0.48054,0,2.71242,0,0,0,0,0,0,0,0,0,0,0.19654,0,0,0,0,0,0,0,0,0.06835,0,0,0,0,0,0,0,0,0,0,0,0,0,0,0,0,0,0,0,0,0,0.67189,2.66764,0,0,1.82573,0,0,0,0,0,0,0,0,1.30025,0,0,0,0,0,0,0,0,0,0,0,0,0,0,0.46947,0,0,0,0,0,0,0,0,0,0,0.92511,1.71551,0,1.2447,0,0,0,0,0,0,0,0,0.10657,0,4.2474,0,0,0,0,0,0,0,0,0.41024,0,0,0,0,0,0,0,0,0,1.29871,0,2.68601,0,0,0,0,0,0,0,1.45928,0,1.50375,0,0,0,0
"10751",0,0,0,0,0,0,0,0,0,0,0,0,0,0,0,0,0,0,0,0,0,0,0,0,0,0.3501,0,0,0,0,0,0,0,1.77392,0,0,0,1.72044,0,0,0,0,0,0,0,0,7.26493,10.42797,15.6596,1.07048,0,0,0,0,0,0,0,0,0,0,0,0,0,0,0,0,0,0,0,0,0,0,0,0,0.49609,0,0,0,0,0,0,0,0,0,0,0,0,0,0,0,0,0,0,0,0,0,0,0,0,0,0,0,0.03631,0,0,0,0,0,0,0,0,0,0,0,0,0,0,0,0,0,0,0,0,0,0,0,4.21212,0,0,1.5988,0,0,0,0,1.57729,0,0,0,0,0,0.98195,0,0,0,0,0,0,0,0,0,0,0,0,0,0,0,0,0,0,0,0,0,0,0,0.33893,0,0,0.354,0.3887,0,0,0,0,0,0,0,27.24557,1.15705,3.56108,0,1.59517,0,0,0,0,0,0,0,0,0,0,0,0,0,0,0,0.01196,0,0,0,0,0,1.21455,0,0,0,8.17072,0,0,0.53202,0,0,0,0.58888,0,0,0,0,0,0,0,0,0,0,0,0,0,0,0,0,0,0,0,0,0,0,0,0,0,0,0,0,0.23466,0,5.22548,0,0,0,0,0,0,0,0,0,0,0,0,0.79674,0,0,0,0,0,0,0,0,0,0,0,0,0,0,0,0,0.14513,0,0.7076,0,0,0,0,0,0,0,0,0,0,0.27196,0.13423,0.1066,0.04898
"10234",0,0,1.15141,0,0.04067,3.40906,0,0,0,0.88938,0,0,0,0,0,0,0,0,0,0,0,0,0,0,0.33757,0,0,0,0,0,0,0,0.39873,0,0,0,0,0,0.36288,0,0,0,0,0,0,0.08136,1.54286,0.36627,1.41025,0.18554,0,0,0.6402,0,0.17966,0,0,0,0,0,0.0562,0,0,0,0,0,0,0,0,0,0,0,0,0,0,0,0,0,0,0,0,0.27453,0,0,0,0,0,0,0,0,0,0,0,0,0,0,0,0,0,0,0,0,0.02392,0,0,0,0,0.04232,0,0,0,0,0.06834,0,0,0.04993,0.50977,0,0,0,0,0,0,0,0,0,0,0,0.25352,1.57633,0,0,0,0,0,0,0,0,0,0,0.80806,0,0,0,0,0,0,0,0,0,0,0,0,0,0,0,0,0,0,0,0,0,0,0,0,0,0,0,0,0,0,0,0,0,0,0,2.36849,0,2.01355,0,0,0,0,0,0,0,0,0,0,0,0,0,0,0,0,0,0.2864,0,0,0,0,0,0,2.8454,0,0,0.65156,0,0,0.78587,0,0,0,0,0,4.17207,0,0,0,34.9061,0,0,0,0,0,0,4.84354,0,0,1.28654,17.51476,0,0,0,0,0,0,1.04009,0,0,0,0.34877,0.79761,0,0,0,0,0,0,0,0,0,0,0,0,0,0,0,0,0,0,0,0,0,1.18537,0,0.06494,0,0,0,0,0,0,0,1.426,0,4.90837,0,0.03115,0.123,0,0,0,0,2.144,0,1.43975,0.11536,0,0.04255,0
"10673",0,0,0,0,0,0,0,0,0,0,0,0.40719,0,0,0,0,0,0,0,0,0,0,0,0,0,0.24291,0,0,0,0,0,0,1.22504,0,0,0,0,0,0,0,0,0,0,0,0,0,1.06155,1.50663,3.27903,0,0,0,0,0,6.54483,0.45671,0,14.28248,0,0,1.24286,0,0,0,0,0,0,0,0,0,0,0,0,0,0,0,0,0,0,0,0,0,0,0,0,0,0,0,0,0,0,0,0,0,0,0,0,0,0,0,0,0,1.91561,0,0,0,0,1.38595,0,0,0,0,0,0,0,0.16697,0.128,0,0,0,0,0,0,0,0,8.16068,0,0,0.44879,0,0,0,0,0,0,0,0,0,0,0,1.51599,0,0,0,0,0,0,0,0,0,0,0,0,0,0,0,0,0,0,0,0,0,0,0.22121,0,0,0.13828,0,0,0,0,0,0,0,0,0,0,0,0,0,0,0,0,0,0,0.81531,0,0,0,0,0,0,0,0,0,0,2.08287,0,0,0,0,0,0,0,0,0,0.40389,0,0,0,0,0,0,0,0,0.20977,0,0,3.05232,0,0,0,0,0,0,0,0,0,0,0,0,0,0,0,0,0,0,0,0,0,0,0,0,0,0.34991,0,0,0,0,0,0,0,0,0,0,0,0,0,0,0,0,0,0,0,0.785,0,0,0,0,39.89814,0,0,0,0,0.63634,0,3.31672,0,0,1.47177,0,0,0,0,0,0,0,2.64725,0,0,0
"10112",0,0,0,0,0,0,13.26127,0,0,0,0,0,0,0,0,0,0,0,1.52374,0,0,0,0,0,0.35829,0,0,0,0,2.28583,0,0,0,0,0,23.96022,0,0,0,0,0,0,0,0,0,0.80438,0.99077,18.05276,1.59899,1.20601,0,0.11221,0,0,0,0,0,1.44974,0,0,0,0,0,0,0,0,1.35752,0,0,0,0,0,0,0.29259,0.48861,0,0.0323,0,0,0,0,0,0,0,0,0,0,0,0,0,0,0,0,0,0,0,0,0,2.01044,0,0,0,0,0,0,0,0,1.04393,0,0,0,0,0,0,0,0,0,0,0,0,0,0,0.42477,0.78015,1.24924,0,0,0,0,0,0,0,0,0,0,0,0,0,0,0.10705,8.3599,0,0,0,0,1.24328,0,0,0,0,0,0,0,0,0,0,0.0612,0,0,0,0.48615,0,0.25876,0,0,0,0,0,0,0,0,0,0,0,0,0,0,0,0,0,0.10864,0,0,0,0,0.2326,0,0,0,0,0,0,0,0,0,0,0,0,0,0,0,0,0.26216,1.5153,0,0,4.21134,0.45651,0,1.96808,0.12438,0,0,1.76682,0,0,0,0,0,0,0,0,0,0,0,0,0.02003,0,0,0,0,0,0,0,0,0,0,0,0.03198,0,0,0,0.21103,0.07499,0,0,0,0,0,0,0,0,0,0,0,0,0,0.5809,2.52149,0,0,0,0,0,0,0,0,0,0,0,0,0,0,0.0183,0,0,0,0,0,0.68561,0,0,0,0,0,0,1.40974,0,0,0,0
"10189",0,0,0,0,0,1.52715,0.0944,0,0,1.52404,0,11.59638,0.31942,0,0,0,0,0,0,0,0,0,0,0,1.58157,2.04202,0,0.3469,0,0,0,0,0.0567,0.58272,0,0.50495,0.06446,0,0,0.54124,0,0,0,0,0,0.19969,0.23989,7.40713,4.9472,0.28604,0,3.09032,0,0,0,0.06681,0,0,0,0,0,0,0,0,0,0,0,0,0,0,0,0,0,0,0,0,0,0,0,0,0,0,1.93472,0.83664,0.51316,2.65308,0,0,0,0,0,1.62099,0,0,0,0,0,0,0.19604,0.19927,0,0,0,0,0,0,0,0,0,0,0,0,0,0,0,0,0,0,0,0,0,0,0,0,0,1.90654,5.67745,0,0,1.84648,0,0.70336,0.66995,0,0,0,0.02615,0,0,0.1093,3.22281,5.28064,0.08213,0.23011,0,1.24883,0,0,0,1.88111,0,0,0,0,0,0,0,0,0.0787,0,0.20075,0,0,0.22154,0,0,0,0,0,0,0,0,0,0,0,0,9.82093,0,1.87188,0,0,0,0,0,0,0,0,0,0,0,0,0,0,0,0,0,0,0,0,0,0,0,1.47864,5.29278,0.28987,0.01177,1.9922,0,0.14393,1.91006,0,0,0,0.65228,0,0,0,0,0,0,0,0,0,0,0,0,0,0,0,0,0,0,0,0,0,0,0,0,0,0,0,0,0.43796,0,1.20309,0,0,0,0,0,0,0,0.35891,0,0,1.22819,0,0,0,0,0.24832,0,0,0,0.15543,0,0,0,0,0.96634,0,0,0,0,0,0,0.13682,0,0,1.01086,0,0,0,0,1.19201,0,1.03032,0,0,0.20862,0
"10297",0.29985,0.11011,0,0,0,0,0,0,0.04644,0.05471,0,4.81771,0,0,12.12458,3.86437,0,0,0,0,0,0,0.09116,0.20059,0.41118,0,0,0,0,0,0,0,0,0,0,0.05368,0.07443,0,0.19111,0,0,0,0,0.13816,0,0,0.18994,0.23979,0.56658,0,0,0,0.10974,0,0.81021,0,0,0,0,0,0,0,0,0.03386,0,0,0.02153,0.07841,0,0,0,0,0,0,0,0,0,0,0,0,0.01281,0.13988,1.66992,0.29672,0,0,0,0,0,0,0,0.23751,0.3473,0.07604,0,0,0,3.99683,0.38993,0.36026,0.00727,0,0.28941,0,0,0,0,0,0,0.0758,0,0.95345,0,0,0,0,0.16519,0,0,0.07089,0,0.29468,0,0,0,0,1.07098,0,0,0,0,0,0,0.03739,3.47803,0,0,0,0.80013,0,3.42701,0.35123,0.08185,0.20032,0,1.25515,0,0,11.24482,1.798,0.06049,0,0.10939,0,0,0,0,22.67198,0,0,0,0,0,0.05935,0,0,0.10478,0,0,0,0,0,0,0,0,0,0,0,0,0,0,0,0,0,0,0.28637,0,0,0,0,0,0,0,0,0.08145,0,0,0,0,0.31399,0,0.13395,0.48323,0.20111,0.07309,0,1.5772,0,0.52661,0,0,0,0,0,0,2.63136,0,0,0,5.23822,0,0,0,0,0,0,0,0,0,0.46138,0,0,0,0,0,0,0,0,0,0,0,0,0.90203,0.26377,0.10213,0,0,0.43639,0,0,0.11738,0,0.18545,0,0.0052,0,0,0,0,0,0.24481,0,0.14003,0,0,0,0,0,0,0,0,0,0,0,0.34332,0,3.16353,0,0,0.89048,0.23581,0,0,0,0,0,0.29876,0,0,0,0
"10558",0,0,0.18382,0,0,1.62301,0,0,0,0,0,1.09729,0.30652,0,0,0,0,0,0,0,0,0,0,0,2.26782,0,0,0.96402,0,0,0,0,0,0,0,0,0,0,7.61156,0,0,0,0,0,0,0,0,5.25727,0.7395,0.14787,0,0.9448,0,0,0,0,0,0,0,0,0,0,0,0,0,0,0,0,0,0,0,0,0,0,0,0,0,0,0,0,0,0,0,0,0,0,0,0,0,0,0,0,0,0,0,0,0,0,0,0,0,0,0,0,0,0,0,0.15669,0,0,0,0,0,0,0,0,0,0,0,0,0,0,0,0,0,0,0.11664,0,0,0.02361,0,0,0,0,3.5064,0,0,0,0.18919,0,0.71829,0,0,0,0,0,0,0,0,0,0,0,0,0,0,0,0,0,0,0,0.12725,0,0.01094,0,0,0,0,0,0,0,0,0,0,0,0,0,49.09384,6.0501,8.87603,0,0,0,0,0,0,0,0,0,0,0,0,0,0,0,0,0,0,0,0,0,0,0,0.18089,0,0,0,1.06503,0,0,0.22588,0.04565,0,0,0,0,0.30599,0,0,0,0,0,0,0,0.4658,0,0,1.33324,0,0,0,0,0,0,0,0,0,0,0,0,0,0,0.09823,0,0,1.58324,0,0,0,0,0,0,0,0,0,0,0,0,0,0,0,0,0,0,0,1.32437,0,0,0,0,0,0,0,0,0,0.27624,0,0.7165,0,0,0.14533,0,0,0,0,1.39311,0,0.36208,0.03035,0,0.43562,0
"10319",0,0,0,0,0,0,0,0,0,0,0,0,0,0,0,0,0,0,0,0,0,0,0,0,0,0,0,0,0,0,0,0,0,0,0,0,0,0,0.0683,0,0,1.06477,0,0,1.64706,0,0,0,0,0,0,0,0,0,0,0,0,0,0,0,0,0,0,0.06564,0,0,0,0,0,0,0,0,0,0,0,0,0,0,0,0,0,0,0,0,0.51178,0,0,0,0,0,0,0,0,0,0,0,0,0,0,0,0,0,0.08426,0,0,0,0,0.60431,0,0,0,0.08375,0,0,0,0.72435,0,0,0,0,0,0,0,0,0,15.92207,0,0,0,0.75148,0,0,0,0,0,0,0,0,0,0,2.71027,0,0,0,0,0.90679,0,0,0,0,0,0,0,0,0,0,0,0,0,0,0.28125,0,0,0.84841,0,0,0,0.08364,0,0,0,0,0,0,0,0,0,0,0,0,0,0,0,0,0,0,0,0,0,0,0,0,0,0,0,0,0,0,0,0,0,0,0,0.75744,0,0,1.84178,0,0,0,0,0,0,0,0,4.0678,0,0,0,13.7975,0,2.55067,2.80136,0,0,0,0,1.00321,0,0,9.51374,0,0.65649,0.82745,0,0,0,0.36901,0,0,0,0.07067,0,0,2.95599,0,0,0,0,0,0,0,0,0,0,0,0,0,0,0,0,0,0,0,0.69523,0,0,0,0,0,0,1.41533,0,1.13364,3.60152,0,22.46606,0,0.26446,0.03423,0,0,0,0,1.32652,0,1.49178,0,0,0,0
"10782",0,0,0,0,0,0,0,0,0,0,0,1.83758,0,0,0,0,0,0,0,0,0,0,0,0,0.04416,0,0,0,0,0.3223,0.19294,0,0.08481,0,0,0,0,0.85971,17.73269,0,0,0,0,0,0,0.91374,0.66398,2.83482,1.53873,0.52278,0,0.24104,0,0,0,0,0,0,0,0,0.11563,0,0,0,0,0,0,0,0,0,0,0,0,0,0,0,0,0,2.77181,0,0,0,0,0,0,0,0,0,0,0,0,0,0,0,0,0,0,0,0,0,0,0,0,0,0,0,0,0,0,0,0,0,0,0,0,0.23076,0,0,0,0,0,0,0,0,0,18.00388,1.77691,0,0,5.2929,0,0,0,0,0,0,2.1131,0,0.27132,0,4.52032,0,0,0,0,0.33265,0,0,0,0,0,0,0,0,0,0,0,0,0,0,0,0,0,0,0,0,0,0,0,0,0,0.3044,0,0,0,0,10.00957,11.55635,0.35244,0,0,0,0,0,0,0,0,0,0,0,0,0,0,0,0,0,0,0.14966,0,0,0,0,0.09557,0.75488,0.8899,0,0.48829,0,0,0.17898,0,0,0,0,0,0,0,0,0,0,0.17023,0,0,0,0,0.05432,0,0,0,0,0,0,0,0,0,0,0,0,0,0,0,0.31723,0.7211,0.18161,0.89418,0,0,0,0,0,0,0,0,0,0,0.47066,0,0,0,1.65696,0,0,0,0,0.17005,0,0,0,0,0,0,0,0,0,0.572,0,1.52186,0,0,0.1301,0,0,0,0,0.23657,0,1.09335,2.61847,0.31253,0.75264,0.12754
"10540",0,0,0,0,0,0,0,0,0,0,0,2.0381,0.18845,0,0,0,0,0,0,0,0,0,0,0,0.17379,0.07403,0,0,0,5.03026,0,0,0,0,0,0,1.40725,0,0.7409,0.8631,0,0,0,0,0,0,0.79539,0.88716,0,0,0,0,0,0,0,0,0,0,0,0,0,0,0,0,0.81248,3.98853,0,0,0,0,0,0,0,0,0,0,0,0,3.26905,0,0,0,0,0,0,0,0,0,0,0,0,0,0,0,0,0,0,0,0,0,0,0,0,0,0,0,0,0,0,0,0,0,0,0,0,0.01908,0,0,0,0,0,0,0,0,0,36.46358,0.58509,0,0,0,0,0,0,0,0,0,0,0,0,0,0.99362,0,0,0,0,0,0,0,0,0,0,0,0,0,0,0,0,0,0,0,0,0,0,0,0.22357,0,0,0.03866,0,0,0,0,0,0,0,0,0,0,0,0,1.27011,0,0.89224,0,0,0,0.24205,0,0,0,0,0,0,0,0,0,0,0,0,0,0,0,0,0.04891,0,0,0.68093,0.13777,0,1.37143,0,0,0,0,0,1.64727,0,0,0,21.31783,0,0,1.77124,0,0,0,0,0,0,0,0.71918,0,0.34988,0,0,0.17807,0,0,0,0,0,0,0,0,4.70821,0,0,0,0,0,0,0,0,0,0,0,0,0.0604,0,0,0,0,0,0,1.33768,0,0,0,0,0,0,0.07385,0,0,0.52959,0,0.05726,0,0,0,0,0,0,0,0,0,1.28014,0.68019,0,2.00235,0.05135
"10680",0,0,0,0,0,0,0.58951,0,0,0,0,3.16378,0,0,0,0,0,0,0,0,0,0,0,0,0.50253,0,0,0,0,1.60715,0,0,0,0,0,0,0.23659,0,0,0,0,0,0,0,0,0.20871,0,2.50727,3.00047,0.30886,0,1.47389,0,0,0,0,0,0,0,0,0.06096,0,0,0,0,0,0,0,0,0,0,0,0,0,0,0,0,0,0,0,0,0,0,0,0,0,0,0,0,0,0,0,0,0,0,0,0,0,0.12374,0,0,0,0,0,0,0,0,0.03517,0.41478,0,0,0,0,0,0,0,0,0,0,0,0,0,0,0,0,0,0.28697,0,0,0,9.56857,0,0,0,0,0,0,0,0,0,8.37067,0,0,0,0,0.22089,0,0,0,0,0,0,0,0,0,0,0,0,0.43942,0,0,0,0,0,0,0,0,0,0,0,0,0,0,0,0,0,2.39747,3.37343,2.03929,0,0,0,0,0,0,0,0,0,0,0,0,0,0,0,0,0,0,0,0,0,0,0,0,2.00116,0.10682,0,0.33576,0,0,0.47916,0,0,0,1.32643,0,0,0,0,0,41.80676,0,0,0,0,0,0,0,0,0,0,0,0,0,0,0,0,0,0,0,0,0,0,1.65528,0,0,0.6451,0.37218,0,0,0,0,0,0,0,0,0,0,0,0,5.92464,0,0,0,0,0,0,0,0,0,0,0,0,0,0,1.0332,0,2.23565,0,0,0.06016,0,0,0,0,0,0,1.08757,0,0,0,0
"10064",0,0,3.95907,0,0,3.47999,1.21791,0,0,0,0,0,0.25971,0,0,0,0,0,0,0.56695,0,0,0,0,2.18991,2.86724,0,0,0,0,0,0,0.32566,0,0,0,0,2.62758,0,0,0,0,0,0,0,0,5.83517,13.32314,16.29288,0.90718,5.44308,3.13104,0,0,0,0,0,0,0.53227,0,0,0,0,0,0,0,0,0,0,0,0,0,0,0,0,0,0,0,0,0,0,0,0,0,0.14909,0,0,0,0,0,0,0,0,0,0,0,0,0,0,0,0,0.75091,0,0,0,0,0.38591,0,0,0,0.18815,0,0.37624,0,0,0,0,0,0,0,0,0,0,0,0,0,2.5599,0,0,0,0,0,0,0,0,0,0,0,0,0,3.53842,0,0,0,0,0,0,0,0,0,0,0,0,0,0,0,0,0,0,0,0,0,0.48701,0,0,0,0,0,0,0,0,0,0,0,0,0,0.65477,0,0,0,1.77933,0,0,0.59458,0,0.71713,0,0,0.37308,0,0,0,8.79678,0,0,0.92011,0,0,0,0,0,0,0,0,0,0,5.49459,0.21746,0,0,0,0,0.2229,0,0,2.28042,0,0,0,0,0,0,0,0,0,0,0,0,0,0,0,0,0,0,0,1.42822,0,0,0,0,0,0,0,0.42904,0.13641,0,0,0,0,0,0,0,0,0,0,0,0,0.4635,0,0,0,0,0,0,0,0,0,0,0,0,0,0,0,0,0,0,0.31493,0,0,0,0,0,0,0,0,0,1.76894,0.86464,0.1971,0.8902,0.06145
"10457",0,0,3.72422,0,0,0,2.75565,0,0,0,0.086,0,0,0,0,0,0,0,0,0,0,0,0,0,3.33025,6.21603,0,0,0,5.77823,0,2.05697,0,0,0,0,0,0.90535,0,0,0,0,0,0,0,0,0,37.41305,4.77338,0,0,0,0,0,0.08456,0,0,0.1558,0.44037,0,0,0,0,0,0,1.01146,0,0,0,0,0,0,0,0,1.52378,0,0,0,0,0,0,1.107,0,0,0.11121,0,0,0,0,0,0,0,0,0,0,0,0,0,0,0,0,0,0,0,0,0,0,0,0,0,0,0,0,0.71801,0,0,0,0,0,0,4.23983,0,0,0,0,0,0,0,0,0,0,0,0,0,0,0,0,0,0,0,0.50036,0,0,0,0,0,0,0,0,0,0,0,0,0,0,0,0,0,0,0,0,0,2.32725,0,0,0,0,0,0,0,0,0,0,0,0,0,0,0,0,0,0,0,0,0,0,0,0,0,0,0,0,0,0,0,0,0,0,0,0,0,0,0,0,0,0,0,14.25249,0.40407,0,0,0,0,1.89753,0,0,0,0,0,0,0,0,0,0,0,0,0,0,0,0,0,0,0,0,0,0,0,0,0,0,0,0,0.39435,0,1.89049,0,0,0,0,0,0,0,0,0,0,0,0,0,0,0,0,0,0,0,0,0,0,0,0,0,0,0,0,0,0,0.07734,0,0.09815,0,0,0.11904,0,0,0,0,0,0,0,1.05927,0,0.37689,0.17166
"10742",0,0,0,38.06653,0,0.27737,0,0,0,0.04675,0,0,0,0,0,0,0,0,0,0.44011,0,0,0,0,0,0,0,0,0,0.75951,0,0,0,0,0,0,0,0.66133,0,0,0,0,0,0,0,4.10281,1.00103,9.00558,13.47009,0,0,0,0.64938,0,0,0,0,0,0.01814,0,0,0,0,0,0,0,0,0,0,0,0,0,9.03511,0,0,0,0,0,0,0,0,1.22915,0,0,0,0,0,0,0,0,0,0,0,0,0,0,0,0,0,0,0,0,0,0,0.77081,0,0,0,0,0,0,0,0,0,0,0,0,0,0,0,0,0,0,0,0,0,0.01145,0,0.2306,0,0,0,0,0,0,0,0,0,0,0,0.02913,0,0,0,0,0,0,0,0,0,0,0,0,0,0,0,0,0,0,0,0,0,0,0,0,0,0,1.2861,1.16091,0,0,0,0,0,0,0.59243,2.98057,0,0,0,0,0,0,0,0,0,0,0,0,0,0,0,0,0,0,0,0,0,0,0,0,0,0,0.68714,0,0,1.93619,0,0,0.04165,0,0,0,0.04484,0,0,0,0,0,0,0,0,0,0,0,0,0,0,0,0,0,2.14006,0,0,0,0,0,0,0,0,0,0,0,0,0,0,0,0,0,0,0,0.03825,0,0,0,0,0,0,0,0,0,0,0,0,0,0,0,0,0,0,0,2.33989,0,0,2.22206,0,1.28009,0,0,0,0,0,0,0,1.67926,0,1.56042,0.20525,0,0,0
"10355",0,0,0,0,0,0,0,0,0,0,0,0.8016,0,0.98666,0,0,0,0,0,0,0,0,0,0.06998,0,0,0,0.19604,0,0.6577,0,0,0.51635,0,0,0,0.3561,0.00792,2.79718,0,0,0,0,0,0,0.03143,0.80524,1.46914,1.20541,0,0,0.05866,0,0,0,0,0,0,0,0,0,0,0,0,0,0,0,0,0,0,0,0,0,0,0,0,0,0,0,0,0,0.44036,0,0,0,0,0,0,0,0,0,0,0,0,0,0,0,0,0,0,0,0,0.06755,0,0.04869,0,0,0.35551,3.6719,0,0,0,0,0,0.83883,0,0,0,0,0,0,0,0,0,0,0,1.03254,0.00982,0.70798,1.28568,0,0.03859,0,0,0,0.58809,0.31835,0,0,0,5.82528,0,0,0,0,0,0,0,0,0,0,0,0,0,0,0,0,0,0,0,0,0,0,0,0,0,0,0,0.14719,0,1.53728,0,0,0,0,0,0,0,0,0,0.48322,0,0,0,0,0,0,0,0,0,0,0,0,0,0,0,0,0,0,0,0,0,0,0.61213,0,0,0.80151,0,0.10688,0.14667,0,0,0,0,0,0,0,0,0,40.22548,0,0,0,0,0,0,2.32558,0,0,0,0,0,0,0,0,0,13.74841,0,0,0,0,0,1.7865,0.70241,4.1038,0,0,0,0,0,0,0,0,0.04694,0,0.62725,0,0,0,0,0,0,0,0,1.68997,0,0,0,0,0,0,0,0,0,0.82545,0,1.35646,0,0,0.26971,0,0,0,0,0.0686,0,1.63398,1.06083,0.14673,0.35844,0
"10166",0,0,0,0,0,0,0,0,0,0,0,0,0,0,0,0,0,0,0,0,0,0,0,0,0,0,0,0,0,0,0,0,0,0,0,0,0,0.04734,0.31841,0,0,0,0,0,0,0,0.04367,0,0.53302,0,0,0,0,0,0,0,0,0,0,0,0,0,0,0,0,0.37773,0,0,0,0,0,0,0,0,0,0,0.48049,0,0,0,0,0,0,0,0.02468,0,0,0,0,0,0,0,0,0,0,0,0,0,0,0,0,0,0,0,0,0,0,0,0.83524,0,0,0,0,0,1.60431,0,0,0,0,0,0,0,0,0,0,0,0,0,0,2.25898,0,0,0,0,0.19244,0,0,0,0,0,3.72299,0,0,0,0,0,0,0,0,0,0,0,0,0,0,0,0,0,0,0,0,0,0,0,0,0,0,0,0,0,0,0,0,0,0,0,0,0,0,0,0.31283,0,0,0,0,0,0,0,0,0,0,0,0,0,0,0,0,0,0,0,0,0,0,0,0,0,0,0,0,1.08192,0,0.033,0,0,0,0,0,0,0,80.10033,0,5.4087,0,0,0,0,0.46944,1.31268,0,0,0,0,0,0,0,0,0,0,0,0,0,0,0,0,0.17506,0,0,0,0,0,0,0,0,0,0,0,0,0,0,0.55812,0,0,0,0,0,0,0,0,0,0,0,0,0,0,0,0,0,0,0,0.10861,0,0,0,0,0,0,0,0,0,0,0
"10369",0,0,0,0,0,0,0,0,0,0,0,1.54161,0,0,0,0,0,0,0,0,0,0,0,0,0,0,0,0,0,0,0,0,0,0,0,0,0,0.05401,1.47835,0,0,0,0,0,0,0,0,1.76548,8.05964,0,0,0,0,0,0,0,0,0,0,0,0,0,0,0,0,0,0,0,0,0,0,0,0,0,0,0,0.58059,0,0,0,0,0,0.23473,0,0,0,0,0,0,0,0,0,0,0,0,0.73781,0,0,0,0,0,0,0,0,0,0,0,0,1.64791,0,0,0,0,0,0,0,0,0,0,0,0,0,0,0,0,0,0,0,0,0,0,0.5499,0,0,0,0,0,0,0,0,3.08407,0,0,0,0,0,0,0,0,0,0,0,0,0,0,0,0,0,0,0,0,0,0,0,0,0,0,0,0,0,0,0,0,0,0,0,0,0,0,0,0,0,0,0,0,0,0,0,0,0,0,0,0,0,0,0,0,0,0,0,0,0,0.69101,0,0,0,1.07365,0,0,0.47669,0,1.59967,0,0,0,2.19862,0,0,0,59.01506,0,0,0,0,0,0,0,5.82597,0,0,0,5.75896,0,0,0,0,0,0,0,0,0,0,0,0,1.92694,0,0,0,0,0,0,0,0,0,0,0,0,0,0,0,0,0,0,0,0,0,0,0,0,0,0,0,0,0,0,0.04351,0.61143,0,0,0,0,0,0,0,0,0,1.04438,0,0,0,0
"10291",0,0,0.32165,0,0,0.48858,0.36568,0,0,0.49082,0.03498,3.14263,0.01434,0,0,0,0,0,0,0.06015,0,0,0,0.53995,0.30922,0,0,0,0,0,0,0,0,0,0,0,0.62393,0.19337,3.27319,0,0,0,0,0,0,0,0.89635,10.54205,3.80114,1.91542,0,0.0118,4.79335,0,0,0,0,0.59917,0,0,3.91926,0,0,0,0,0,0.27703,0,0,0,0,0,0,0,0,0,0,0,0,0.78599,0,0.02128,0.45219,0,0,0,0,0,0.01252,0.38119,0,0,0.54728,0,0,0,0,0,0.10405,0.31079,0,0,0.78824,0,0.04472,0,0,0,0,0,0,0.29789,0,0,0,0.55881,0.02462,0,0,0,0,0,0,0,0,0.98036,1.10764,0.32209,0,0,0,0.17942,0,0,0,1.13434,0,0,0.431,0.16173,12.22899,0.29471,0,0.4002,0,0.20377,0,0.14151,0.81616,0,0.3756,0,0,0,0,0.06659,0,0,2.67188,0,0.27302,0,0,0.60639,0,0,0,0,0,0,0,0.59132,0,0,0,0,0,0,0,0,0,0,0,0,0,0,0,0.48546,0,0,0,0,1.36133,0.23355,0,0,0,0,0,0,0.23821,0,0,1.07706,0.08899,0,0.36648,0,0,1.04304,0,0,0,0,0,1.39517,0,0,0,0,0,0,0,0,0,0,0,0,0,0,0,0,0,0,0,0,0,0,0,0,0,0.80483,0.18171,1.61333,1.15212,0,0,0,0.25427,0,0,0,0,0.29001,0.02489,7.71049,0,0,0,0,0,1.18608,0,0,0,0,0.0173,0.05198,0.15221,0,0,0,0.05717,0,4.64486,0,8.80052,0,0,0.36812,0.03945,0,0,0,0.67634,0,0.97609,0.44767,0,0.15301,0.17793
"10599",0,0,0,0,0.11205,0,0.20467,0,0,0,0,0.15873,0,0,0,0,0,0,0,0.2055,0,0,0,0,0.07835,0,0.2351,0,0,0,0,0,0.0525,0,0,0,0.30806,0.2569,13.99661,0,0,0,0,0,0,0.07468,0.03427,2.43059,1.29198,0,0,0.65216,3.956,0,0,0,0.57098,0.79766,0.99365,0,0.53648,0,0,0.08612,0,0,0,0,0,0,0,0,0,0,0,0,0,0,0,0,0,0.49595,0,0,0,0,0,0,0,0,0,0,0,0,0,0,0,0,0,1.63279,0,0,0.16938,0,0,0,0,0.03755,0,0,0,0,0,0,0,0.31566,0.90105,0,0,0,0,0.26009,0,0,0,7.34926,1.24721,0.22934,0.00691,4.93254,0,0,0,0,0,0,0,0.17484,1.76921,0,3.01057,0,0,0,0,0,0,0,0,0,0,0,0,0,0,0,0,0,0,0,0.05696,0,0,0.27752,0,0,0,0,0,0,0,0,0,0,0,0,29.16908,1.32436,3.1304,0,0,0,0,0,0,0,3.06376,0,0,0,5.28157,0,0,0,0,0,0,0,0,0,0,0,0,0,0,0,0.34232,0,0,0.90217,0,0,0,0,0,0.94811,0,0,0,0,0,0,0,0,0,0,0,0,0,0,0,0,0,0,0,0,0,0,0,0,0,0.27125,0,0.75614,0.00799,0,0,0,0,0,0,0,0,0,0,0,0,0,0,0,0,0,0,0,0.33519,0,0,0,0,0,0,0,0,0,0.16377,0,2.42293,0.10394,0,1.00506,0,0,0,0,0.27996,0,0.2764,0.26299,0,0,0.05274
"10703",0,0,0,0,0,10.13737,1.48151,0,0,0,0,5.87908,0,0,0,0,0.18786,0,0,0,0,0,0,0,1.90611,0,0,0,0,9.41883,0.15753,0,0,1.01168,0,7.24181,0,2.68769,0,0,0,0,0,0,0,3.56535,1.99508,11.42342,0,0.57976,0,0,0.38845,0,0,0,0,0,0,0,0,0,0,0,0,0,0,0,0,0,0,0,0,0,0,0,0,0,0,0,0,0.23411,0,0,0.32702,0,0.08276,0,0,0,0,0,0,0,0,0,0,0,0.03704,0,0,0,0,0,0,0.21675,0,0,0,0,0,0,0,0,0,0,0,0,0,0,0,0,0,0,0,16.49054,0,0,0,0,0,0,0,0,0,0,0,0,0,0,1.54674,0,0,0,0,2.43623,0,0,0,0,0,0,0,0,0,0,0,0,0,0,0.23449,0,0.03057,0.04387,0,0,0,0,0,0,0,0,0,0,0,0,0.55421,0,0,0,0,0,0,0,0,0,0,0,0,0,0,0,0,0,0,0,0,0,0,0,0,0,0.3984,0,0,0,1.44507,0,0,0.37087,0,0,0,0.04788,0,0,0,0,0,0,0,0,0,0,0,0,0,0,0,0,0,0,0,0,0,0,0,0,0,0,0,0.06419,4.54801,0,0.61634,0,0,0,0.11502,0.90436,0,0,0,0.01245,0.16422,0.4637,0,0,0.38507,0,0,0,0,0,0,0,0,0,0,0.86721,0,0,0,0,0.24203,0,1.02672,0,0,0,0,0,0,0,3.65656,0,3.11258,1.06749,0,0.196,0
"10167",0,0,0,0,0,0,0,0,0,0,0,0,0,0,0,0,0,0,0,0,0,0,0,0,0.16313,0,0,0,0,0,0,0,0,0,0,0,0,0,0,0,0,0,0,0,0,0.1084,0.15587,0,0.55254,0,0,0,0,0,0,0,0.5392,0,0,0,0.87409,0,0,0,0,0,0,0,0,0,0,0,0,0,0,0,0,0,0,0,0,0,0,0,0.47939,0,0,0,0,0,0,0,0,0,0,0,0,0,0,0,0,0,1.46897,0,0,0,0.4112,0.69086,0,0,0,0,0,0,0.51538,0.57327,1.1404,0,0,0,0,0,0,0,0,35.40742,0.16578,0,0.15494,0,0,0,0,0,0,0,0,0,0,0,3.53049,0,0,0,0,0,0,0,0,0,0,0,0,0,0,0,0,0,0,0,0,0,0,1.0627,0,0,0,0,0,0,0,1.0416,1.38779,0,0,0,3.5667,0,0,0,0.14098,0,0,0,0,0.12778,0,0,0,0,0,0,0,0,0,0,0,0,0,0,0,0,0,0,0,0,0,0,0,0.0743,0,0,0,0,0,0.28,0,0,0,7.3664,0,0,0,0,0,0,0,6.43835,0,0,0,0,0,0,0,0,0,8.65924,0,0,0,0.10874,0,0,5.66734,0,0,0,0,0,0.76807,0,0,0,0,0,0,0,2.05752,0,0,0,0,0,2.50041,0,0.32218,0.45893,0,0,0.56731,0,0,0.09802,1.19088,0,9.03635,0,0.14708,0,0,0,0,0,0,0,0,0,0,0,0
"10696",0,0,0.08504,0,0.05566,0.12083,0,0,0,0,0,1.55782,0,0,0,0,0,0,0,0,0,0,0,0,0.35629,0,0,0.6742,0,1.90644,0,0,0,0,0,0,0.08303,0,0,0,0.39553,0,0,0,0,0.58158,0.11264,2.37828,0,0.37866,0,1.07524,0.39404,0,0.24012,0,0.07975,0,0,0,0.59776,0,0,0,0,0,0.05046,0,0,0,0,0,0,0,0,0,0,0,0,0,0,0,0,0,0,0,0,0,0,0,0,0,0,0,0,0,0,0,0,0.94358,0,0,0.13679,0,0,0,0,0.27012,0,0,0,0,0,0.15331,0,0,0,0,0,0,0,0,0,0,0,0.36443,0.62661,0,0,1.5829,0,0,0,0,6.0092,0,0,0,0,0,7.91359,0,0,0,0,0.55843,0,0,0,0,0,0,0,0,0,0,0,0,0.01619,0,0.40585,0,0.10538,0.35771,0,0,0.04152,0.19316,0,0,0,0.11405,0,0,0,0,0,0,0,0,0.11982,0,0,0,0,0,0,0,0,0,0,0,0.00848,0,0.06219,0,0,0,0,0,0,0,0.06609,1.55746,0,0,0.21616,0,0,0.52432,0.22697,0,0,0,0.29891,0,0,0,0,51.36998,0,0,0,0,0,0,0,0,0,0,0,0,0,0,0,0,0,0,0,0,0,0,0.74072,0,1.65472,0,0,0,0,0,0,0,0,0,0,0.10595,0,0,0,0,0,0,0,0,0,0,0.05915,0,0,0,0,0,0,0,2.77121,0,5.31073,0,0,0.99313,0,0,0,0,0.31537,0,0.75336,1.11657,0.81252,0,0
"10197",0,0,0,0,0.2899,0,0,0,0,0,0,0,0,0,0,0,0,0,0,0,0,0,0,0,0,0,0,0,0,50.39764,0,0,0,0,0,0,0,0,0,0,0,0,0,0,0,0,0.55178,0,0.2379,0,0,0,0,0,0,0,0,0,0,0,0,0,0,0,0,0,0,0,0,0,0,0,0,0,0,0,0,0.46662,5.77358,0,0,0,0,0,0,0,0,0,0,0,0,0,0,0,0,0,0,0,0,0,0,0.46484,0,0,0,0,0,0,0,0,0,0,0,0,0,0,0,0,0,0,0,0,0,0,0,12.82261,0,0,0,0,0,0,0,0,0,0,0,0,0,0,0,0,0,0,0,0,0,0,0,0,0,0,0,0,0,0,0,0,0,0,0,0,0,0,26.34641,0,0,0,0,0,0,0,0,0,0,0,0,0,0,0,0,0,0,0,0,0,0,0,0,0,0,0,0,0,0,0,0,0,0,0,0,0,0,0,0,0,0,0,0,0,0,0,0,0,0,0,0,0,0,0,0,0,0,0,0,0,0,0,0,0,0,0,0,0,0,0,0,0,0,0,0,0,0,0,0,0,0,0,0,0,0,0,0,0,0,0,0,0.37596,0,0,0,0,0,0,0,0,0,0,0,0,0,0,0,0,0,0,0,0,0,0,0,0,0,0,2.27277,0,0,0,0,0,0
"10451",0,0,0,0,0,1.69735,0.01021,0,0,0,0,4.82563,0.06177,0,0,0,0,0,0,0,0,0,0,0,0,0,0,0,0,8.89848,0.01733,0,0,0.1419,0,0,0,1.39458,0,0,0,0,0,0,0,17.14141,0.82567,10.57,0,0,0,0,1.74882,0,2.25525,0,0.52211,0.86091,2.08412,0.04257,0.52988,0,0,0,0,0,0,0,0,0,0,0,0,0,0,0,0.11009,0,0,0,0,0,0,0,0,0,0,0,0,0,0,0,0,0,0,0,0,0,0,0,0,0,1.3905,0,0,0,0,0.69123,0,0,0,0,0,0,0,0,0,0,0,0,0,0,0,0,0,0,0.17994,0,0,0,0,0,0,0,17.66082,0,0,0,0,0,5.33876,0,0,0,0,1.47243,0,0,0,0,0,0,0,0,0,0,0,0,0,0,1.40787,0,0,1.32919,0,0,0,0,0,0,0,0,0,0,0,0,0,0,0,0,0,0,0,0,0,0.2143,0,0,0,0,0,0,1.15488,0,0,0,0,0,0,0,0,0,0.40188,3.20348,0.08023,0,0.80525,0,0,0.85498,0,0,0,0,0.40276,0,0,0,0,0,0,0,0,0,0,0,0,0,0,0,0,0,0,0,0,0,0,0,1.31324,0,0,0,0.01872,0.00963,0.98991,0,0,0,0,0,0,0,0,0,0.00892,4.79712,0,0,0,0,0,0,0,0,0.0549,0.06758,0.13496,0,0,0,0,0,0.03898,0,0.20011,0,1.38722,0.33578,0,0,0,0,0,0,0,0,0.31635,0,0,0,0
"10554",0,0,0,0,0,2.18047,0,0,0,0,0,3.01561,0.03048,0,0,0,0,0,0,0,0,0,0,0.35802,0,1.33734,0,0,0.61558,3.06855,0,0,0,0,0,0,0.25044,0,3.9185,0,0,0,0,0,0,1.72897,0.19584,0.73626,1.23619,0,0,2.63143,0.65633,0,0,0,0.5989,0,0,0,1.74807,0,0,0,0,0,0,0,0,0,0,0,0,0,0,0,0,0,0,0,0,0,0,1.12952,0,0.82272,0,0,0,0,0,0,0,0,0,0,0,0,0,0,0,0,1.14969,0,0.11617,0,0.47874,1.25935,0.06633,0,0,0,0,0,0,0.41629,1.94933,0,0,0,0,0,0,0,0,0,0,0.99671,0,4.84175,0,0,0,0,0,0,0,0,0,0,8.70854,0.66841,0,0,0,0,0.20998,0.04218,0.07339,0,0.23257,0,0,0,0,0,0,0,1.98469,0,0,0,0,0.67162,0,0,0,0.05593,0,0,0,0.51035,0,0,0,0,0,0,0,0,0,0,0,0,0,0,0,0,0,1.48585,20.88997,0,2.67571,0,0,0,0,0,0,0,0,0,0.2469,1.26348,0.2856,0,0.34836,0,0,0.93509,0,0,0.07521,0,0,0,0,0,0,0,0,0,0,0,0,0,0,0,0,0,0,0,0,0,0,0,0,0,1.9468,0,0.9915,0.12476,0.58061,0.70093,2.02819,0,0,0,0,0,0,0,0,0.33442,0.07743,3.46338,0,0,0,1.76806,0.29868,0,0,0,2.40205,0,0.05559,0,0,0,0,0,0,0,0,0,4.66028,0,0.12066,0,0,0,0,0,0,0,1.50795,0.04132,0,0,0
"10321",0,0,0,0,0,0,0,0,0,0,0,0,0,0,0,0,0,0,0,0,0,0,0,0,0,0,0,0,0,0,0,0,0,0,0,0,0.25259,0,0,0,0,0,0,0,0,0,0.55281,1.72109,4.36903,0,0,0,0,0,0,0,0,0,0,0,0,0,0,0,0,0,0,0,0,0,0,0,0,0,0,0,0,0,0,0,0,0,0,0,0,0,0,0,0,0,0,0,0,0,0,0,0,0,0,0,0,0,0,0,0,0,0,0,0,0,0,0,0,0,0,0.48585,0,0,0,0,0,0,0,0,0,12.43713,0,0,0,0,0,0,0,0,6.39965,0,0,0,0,0,6.03488,0,0,0,0,0,0,0,0,0,0,0,0,0,0,0,0,0,0,0,0,0,0,0,0,0,0,0,0,0,0,0,0,0,0,0,5.67465,22.3824,0.73694,0,0,0,0,0,0,0,0,0,0,0,0,0,0,0,0,0,0,0,0,0,0,0,0,0.45575,0,0,0.19685,0,0,0.18239,0,0,0,0,0,0,0,0,0,18.58821,0,8.49405,0,0,0,0,0,0.38707,0,0,0,0,0,0,0,0,0,5.12082,0,0,0,0,0,0,0,0,0,0,0,0,0,0,0,0,0,0,0,0,0,0,0,0,0,0,1.97715,0,0,0,0,0,0,0,0,0,0,0,0,0,0,0,0,0,0,0,0.46883,0,3.08186,0,0,0,0
"10192",0,0,0,0,0,0.32062,0,0,0,0.62302,0,4.49058,0.86023,0,0,0,0,0,0,0.19221,0,0,0.23626,0.32619,0.23616,0.90971,0,1.60167,0,6.15375,0,0,0.72426,0.62832,0,0,0,0.83222,0,0,0,0,0,0,0,0.86347,2.05853,4.11456,0,0,0,1.55276,0,0,0.69843,0,0,3.73638,0,0,0,0,0,0,0,1.03335,0,0,0.06431,0,0,0,0,0,0,0,0,0,0,0,0,0.35992,0,0,0,0,0,0,0,0,0,0,0,0,0,0,0,0,0.18291,0.42852,0,0,0,0,0,0,0,0,0,0,0,0,0,0,0,0,0,0,0,0,0,0,0,0,0,0,9.15407,0,0,2.96459,0,0,0,0,0,1.10884,0,0,4.25046,0,4.60329,12.10177,1.24534,0,0,0,5.47651,0,0,0.46154,0,0,1.86183,0,0,0,0,0,0,0,0,0,0,1.92637,0,0,0.037,0.1577,0,0,0,0,0,0,0,0,0,0,0,0,3.73788,0,0,0,0,0,0,0,0,0,0,0.94406,0,0,0,0,0,0,0,0,0,0,0,0.22074,0,0,1.27592,0,0,6.84334,0,0,0,0,0,1.67396,0,0,0,0,0,0,0,0,0,0,0,0,0,0,0,0,0,0,0,0,0,0,0,0,0,0.69576,0.95812,0.13336,0.34187,0,0,0,0,0,0,0,0,0,0.59796,0,0,0,0,0,0.09384,0,0,0,0.32069,0,0,0,0,0,0,0,0,0,0,0,0.22395,0,0,3.3609,0,0,0,0,0,0,0,0,0,0,0
"10791",0,0,0,0,0,0.85727,7.03825,0,0,0.47678,0,5.65359,0.26102,0,0,0,0,0,0,0,0,0,0,0,0.5064,0.32788,0,4.6256,0,0,0,0,0,0,0,0,2.04374,0.27384,6.26322,0.32482,0,0,0,0,0,0,0.97438,19.16696,0.831,0,0,0,0,0,0,0,0,0,0,0,0,0,0,0,0,0,0.77772,0,0,0,0,0,0,0,0,0,0,0,0,0,0,0,0,0,0,0,0,0,0,0,0,0,0,0,0,0,0,0,0,0,0,0,0,0,0,0,0,0,0,0,0,0,0,0,0,0,0,0,0,0,0,0,0,0,0,0,0.12901,0,0,0.68133,0,0,0,0,12.24075,0,0,0,0.34431,0,2.29728,0,0,0,0.09841,0,0,0,0,1.84127,0,0,0,0.55189,0.21715,0.10103,0,0,0,0,0,0,0,0,0,0,0,0,0,0,0,0,0,0,0,0,3.21907,0,0.77837,0,0,0,0,0,0.63103,0,0,0,0,0,0.40723,0,0,0,0,0,0,0,0,0,0,0,0.62057,0,0,0,1.18857,0,0,5.65519,0,0,0,0,0,4.05105,0,0,0,0.08659,0,0,0,0,0,0,0,0,0,0,10.19019,0,0,0,0,0,0,0,0,0,0,0,0,0,0.81231,0,0,0,0,0,0,0,0,0,0,0.07984,0,0,0,0,0,0,0,0,0.04049,0,0,0,0,0,0,0,0,0,0,0,0,0,0,0.09913,0,0,0,0,2.23411,0,1.00136,0,0,0,0
"10433",0,0,0,0,0,0,0.32225,0.0464,0,1.07497,0,4.65656,0,0,0,0,0,0,0,0.11624,0,0,0,0,1.33436,0.00574,0,0,0,2.81597,0,0,0,0,0,0,0,0.05735,0.25973,0,0,0,0,0,0,0.42901,0.24879,5.35012,0,0.35711,0,4.08516,0,0,0,0,0,0.74343,0,0,0.99125,0,0,0,0,0.89445,0,0,0,0,0.04625,0,0,0,0,0,0,0,0,0,0,0,4.55677,0,0,0,0,0,0.08819,0,0,2.19203,0,0,0,0,0,1.19536,0,0,0,0,0,0,0,0,0.00542,0.14172,0,0,0,0,0,3.68244,0,0,0,0,0,0,0,0,0,0,0,0,2.06571,0.10319,0.10309,1.34243,0,0.20874,0,0,16.32619,0,0,0,0.10789,0,5.04534,0,0,0,0,3.07263,0,0,0,0,0,0,0,0,0,0.74505,0,0,0,0,0.12376,0,0,0.3627,0,0,0.11412,0,0,0,0,0.93157,0,0,0,0,0.22895,0,0.42285,0,0,0.75939,0,0,0.26864,0,0.28622,0,0,0,1.12173,0,0,0,0,0,0,0,0,0,0,0,0,0.4389,0,0,0,0,0,7.09324,0,0,0,0,0,0,0,0,0,17.19973,0,0,0,0,0,0,0,0,0,0,0,0,0,0,0,0,0,0,0,0,0,0.4712,0.03453,0,0.30294,0,0,0,0,0,0,0,0,0,0.03613,0,0,0,0,0,0.37189,0,0,2.46292,0.12921,0,0,0,0,0,0,0,0,0,0,0,0.21635,0,0,1.02179,0,0,0,0,0.26614,0,0,0.17214,0,0.34564,0
"10342",0,0,0.70765,0,0,0,0,0,0,0.16045,0,0.87377,0.26764,0,0,1.41511,0,0,0,0,0,0,0,0,0,0,0,2.05165,0,0,0,0,0,0,0,0,0.27666,0,2.15865,0,0,0,0.41421,0,0,0,0,0.72559,0.29285,0,0,0,2.98745,1.20299,0,0,0,0.36988,0,0,0.02518,0,0,0.38687,0,0,0,0,0,0,0,0,0,0,0,0,0,0,0,0,0,0,0,0,0,0,0,0,0,0,0,0,0,0,0,0,0,0,0,0,0,0,1.56046,0.30069,0,0,0.04046,0.77166,0,0,0,0,0,0,0,0.34556,0,0.15326,0,0,0,0,0,0,0,0,1.12416,0,0,15.17467,0,0,0,0.01446,1.25686,0,0,0,0,0,10.10438,0.73729,0.0138,0.05466,0,0.55052,0.02532,0,0.06957,0.1082,0,0,0,0,0,0,0,0,0.43314,0,0.16354,0,0,0,0,0,0,0.29587,0,0,0,0,0,0,0,0,0,0,0,0,0,0,0,0,0,0,0,0,0,0,0,0,0,0,0,0.26402,0,0,0,0.27511,0,0,0,0.5586,0.13971,0,0.47266,0,0,0.2745,0,0.43331,0,0,0,2.05885,0,0,0,19.80616,0,0,0,0,5.5233,0,0.94418,0,0,2.62236,0,0,0,0,2.10052,0,0,0,0,0,0,0.04541,0.44601,2.5492,0,0,0,0,0,0,0,0,0,0,0.018,4.09454,0.02986,0,0,1.5097,0,0,0,0,0,0,0,0,0,0,0,0,0,0,3.72577,0,4.33617,0,0,0.15694,0,0,0,0,0,0,0,0,0,0,0
