accession_id,design_description,library_name,library_construction_protocol,paired_nominal_length,paired_nominal_sdev,platform,model,library_layout,library_strategy,library_source,library_selection,extra_attributes,study_accession_id,submission_accession_id,created_at,edited_at
EGAX00002367879,MGSseq,MGS,,,,ILLUMINA,Illumina HiSeq 2000,PAIRED,OTHER,METAGENOMIC,RANDOM,,EGAS00001001704,EGA00001822940,2021-02-04 15:58:33+01,2021-02-24 14:50:47+01
EGAX00002367880,MGSseq,MGS,,,,ILLUMINA,Illumina HiSeq 2000,PAIRED,OTHER,METAGENOMIC,RANDOM,,EGAS00001001704,EGA00001822940,2021-02-04 15:58:33+01,2021-02-24 14:50:47+01
EGAX00002367881,MGSseq,MGS,,,,ILLUMINA,Illumina HiSeq 2000,PAIRED,OTHER,METAGENOMIC,RANDOM,,EGAS00001001704,EGA00001822940,2021-02-04 15:58:33+01,2021-02-24 14:50:47+01
EGAX00002367882,MGSseq,MGS,,,,ILLUMINA,Illumina HiSeq 2000,PAIRED,OTHER,METAGENOMIC,RANDOM,,EGAS00001001704,EGA00001822940,2021-02-04 15:58:33+01,2021-02-24 14:50:47+01
EGAX00002367883,MGSseq,MGS,,,,ILLUMINA,Illumina HiSeq 2000,PAIRED,OTHER,METAGENOMIC,RANDOM,,EGAS00001001704,EGA00001822940,2021-02-04 15:58:33+01,2021-02-24 14:50:47+01
EGAX00002367884,MGSseq,MGS,other,,,ILLUMINA,Illumina HiSeq 2000,PAIRED,OTHER,METAGENOMIC,RANDOM,,EGAS00001001704,EGA00001822940,2021-02-04 15:58:33+01,2021-02-24 14:50:47+01
EGAX00002367885,MGSseq,MGS,,,,ILLUMINA,Illumina HiSeq 2000,PAIRED,OTHER,METAGENOMIC,RANDOM,,EGAS00001001704,EGA00001822940,2021-02-04 15:58:33+01,2021-02-24 14:50:47+01
EGAX00002367886,MGSseq,MGS,,,,ILLUMINA,Illumina HiSeq 2000,PAIRED,OTHER,METAGENOMIC,RANDOM,,EGAS00001001704,EGA00001822940,2021-02-04 15:58:33+01,2021-02-24 14:50:47+01
EGAX00002367887,MGSseq,MGS,,,,ILLUMINA,Illumina HiSeq 2000,PAIRED,OTHER,METAGENOMIC,RANDOM,,EGAS00001001704,EGA00001822940,2021-02-04 15:58:33+01,2021-02-24 14:50:47+01
EGAX00002367888,MGSseq,MGS,,,,ILLUMINA,Illumina HiSeq 2000,PAIRED,OTHER,METAGENOMIC,RANDOM,,EGAS00001001704,EGA00001822940,2021-02-04 15:58:33+01,2021-02-24 14:50:47+01
EGAX00002367889,MGSseq,MGS,,,,ILLUMINA,Illumina HiSeq 2000,PAIRED,OTHER,METAGENOMIC,RANDOM,,EGAS00001001704,EGA00001822940,2021-02-04 15:58:33+01,2021-02-24 14:50:47+01
EGAX00002367890,MGSseq,MGS,,,,ILLUMINA,Illumina HiSeq 2000,PAIRED,OTHER,METAGENOMIC,RANDOM,,EGAS00001001704,EGA00001822940,2021-02-04 15:58:33+01,2021-02-24 14:50:47+01
EGAX00002367891,MGSseq,MGS,,,,ILLUMINA,Illumina HiSeq 2000,PAIRED,OTHER,METAGENOMIC,RANDOM,,EGAS00001001704,EGA00001822940,2021-02-04 15:58:33+01,2021-02-24 14:50:47+01
EGAX00002367892,MGSseq,MGS,,,,ILLUMINA,Illumina HiSeq 2000,PAIRED,OTHER,METAGENOMIC,RANDOM,,EGAS00001001704,EGA00001822940,2021-02-04 15:58:33+01,2021-02-24 14:50:48+01
EGAX00002367893,MGSseq,MGS,,,,ILLUMINA,Illumina HiSeq 2000,PAIRED,OTHER,METAGENOMIC,RANDOM,,EGAS00001001704,EGA00001822940,2021-02-04 15:58:33+01,2021-02-24 14:50:48+01
EGAX00002367894,MGSseq,MGS,,,,ILLUMINA,Illumina HiSeq 2000,PAIRED,OTHER,METAGENOMIC,RANDOM,,EGAS00001001704,EGA00001822940,2021-02-04 15:58:33+01,2021-02-24 14:50:48+01
EGAX00002367895,MGSseq,MGS,,,,ILLUMINA,Illumina HiSeq 2000,PAIRED,OTHER,METAGENOMIC,RANDOM,,EGAS00001001704,EGA00001822940,2021-02-04 15:58:33+01,2021-02-24 14:50:48+01
EGAX00002367896,MGSseq,MGS,,,,ILLUMINA,Illumina HiSeq 2000,PAIRED,OTHER,METAGENOMIC,RANDOM,,EGAS00001001704,EGA00001822940,2021-02-04 15:58:33+01,2021-02-24 14:50:48+01
EGAX00002367897,MGSseq,MGS,,,,ILLUMINA,Illumina HiSeq 2000,PAIRED,OTHER,METAGENOMIC,RANDOM,,EGAS00001001704,EGA00001822940,2021-02-04 15:58:33+01,2021-02-24 14:50:48+01
EGAX00002367898,MGSseq,MGS,,,,ILLUMINA,Illumina HiSeq 2000,PAIRED,OTHER,METAGENOMIC,RANDOM,,EGAS00001001704,EGA00001822940,2021-02-04 15:58:34+01,2021-02-24 14:50:48+01
EGAX00002367899,MGSseq,MGS,,,,ILLUMINA,Illumina HiSeq 2000,PAIRED,OTHER,METAGENOMIC,RANDOM,,EGAS00001001704,EGA00001822940,2021-02-04 15:58:34+01,2021-02-24 14:50:48+01
EGAX00002367900,MGSseq,MGS,,,,ILLUMINA,Illumina HiSeq 2000,PAIRED,OTHER,METAGENOMIC,RANDOM,,EGAS00001001704,EGA00001822940,2021-02-04 15:58:34+01,2021-02-24 14:50:48+01
EGAX00002367901,MGSseq,MGS,,,,ILLUMINA,Illumina HiSeq 2000,PAIRED,OTHER,METAGENOMIC,RANDOM,,EGAS00001001704,EGA00001822940,2021-02-04 15:58:34+01,2021-02-24 14:50:48+01
EGAX00002367902,MGSseq,MGS,,,,ILLUMINA,Illumina HiSeq 2000,PAIRED,OTHER,METAGENOMIC,RANDOM,,EGAS00001001704,EGA00001822940,2021-02-04 15:58:34+01,2021-02-24 14:50:48+01
EGAX00002367903,MGSseq,MGS,,,,ILLUMINA,Illumina HiSeq 2000,PAIRED,OTHER,METAGENOMIC,RANDOM,,EGAS00001001704,EGA00001822940,2021-02-04 15:58:34+01,2021-02-24 14:50:48+01
EGAX00002367904,MGSseq,MGS,,,,ILLUMINA,Illumina HiSeq 2000,PAIRED,OTHER,METAGENOMIC,RANDOM,,EGAS00001001704,EGA00001822940,2021-02-04 15:58:34+01,2021-02-24 14:50:48+01
EGAX00002367905,MGSseq,MGS,,,,ILLUMINA,Illumina HiSeq 2000,PAIRED,OTHER,METAGENOMIC,RANDOM,,EGAS00001001704,EGA00001822940,2021-02-04 15:58:34+01,2021-02-24 14:50:48+01
EGAX00002367906,MGSseq,MGS,,,,ILLUMINA,Illumina HiSeq 2000,PAIRED,OTHER,METAGENOMIC,RANDOM,,EGAS00001001704,EGA00001822940,2021-02-04 15:58:34+01,2021-02-24 14:50:48+01
EGAX00002367907,MGSseq,MGS,,,,ILLUMINA,Illumina HiSeq 2000,PAIRED,OTHER,METAGENOMIC,RANDOM,,EGAS00001001704,EGA00001822940,2021-02-04 15:58:34+01,2021-02-24 14:50:48+01
EGAX00002367908,MGSseq,MGS,,,,ILLUMINA,Illumina HiSeq 2000,PAIRED,OTHER,METAGENOMIC,RANDOM,,EGAS00001001704,EGA00001822940,2021-02-04 15:58:34+01,2021-02-24 14:50:48+01
EGAX00002367909,MGSseq,MGS,,,,ILLUMINA,Illumina HiSeq 2000,PAIRED,OTHER,METAGENOMIC,RANDOM,,EGAS00001001704,EGA00001822940,2021-02-04 15:58:34+01,2021-02-24 14:50:48+01
EGAX00002367910,MGSseq,MGS,,,,ILLUMINA,Illumina HiSeq 2000,PAIRED,OTHER,METAGENOMIC,RANDOM,,EGAS00001001704,EGA00001822940,2021-02-04 15:58:34+01,2021-02-24 14:50:48+01
EGAX00002367911,MGSseq,MGS,,,,ILLUMINA,Illumina HiSeq 2000,PAIRED,OTHER,METAGENOMIC,RANDOM,,EGAS00001001704,EGA00001822940,2021-02-04 15:58:34+01,2021-02-24 14:50:48+01
EGAX00002367912,MGSseq,MGS,,,,ILLUMINA,Illumina HiSeq 2000,PAIRED,OTHER,METAGENOMIC,RANDOM,,EGAS00001001704,EGA00001822940,2021-02-04 15:58:34+01,2021-02-24 14:50:48+01
EGAX00002367913,MGSseq,MGS,,,,ILLUMINA,Illumina HiSeq 2000,PAIRED,OTHER,METAGENOMIC,RANDOM,,EGAS00001001704,EGA00001822940,2021-02-04 15:58:34+01,2021-02-24 14:50:48+01
EGAX00002367914,MGSseq,MGS,,,,ILLUMINA,Illumina HiSeq 2000,PAIRED,OTHER,METAGENOMIC,RANDOM,,EGAS00001001704,EGA00001822940,2021-02-04 15:58:34+01,2021-02-24 14:50:48+01
EGAX00002367915,MGSseq,MGS,,,,ILLUMINA,Illumina HiSeq 2000,PAIRED,OTHER,METAGENOMIC,RANDOM,,EGAS00001001704,EGA00001822940,2021-02-04 15:58:34+01,2021-02-24 14:50:48+01
EGAX00002367916,MGSseq,MGS,,,,ILLUMINA,Illumina HiSeq 2000,PAIRED,OTHER,METAGENOMIC,RANDOM,,EGAS00001001704,EGA00001822940,2021-02-04 15:58:34+01,2021-02-24 14:50:48+01
EGAX00002367917,MGSseq,MGS,,,,ILLUMINA,Illumina HiSeq 2000,PAIRED,OTHER,METAGENOMIC,RANDOM,,EGAS00001001704,EGA00001822940,2021-02-04 15:58:34+01,2021-02-24 14:50:48+01
EGAX00002367918,MGSseq,MGS,,,,ILLUMINA,Illumina HiSeq 2000,PAIRED,OTHER,METAGENOMIC,RANDOM,,EGAS00001001704,EGA00001822940,2021-02-04 15:58:34+01,2021-02-24 14:50:48+01
EGAX00002367919,MGSseq,MGS,,,,ILLUMINA,Illumina HiSeq 2000,PAIRED,OTHER,METAGENOMIC,RANDOM,,EGAS00001001704,EGA00001822940,2021-02-04 15:58:34+01,2021-02-24 14:50:48+01
EGAX00002367920,MGSseq,MGS,,,,ILLUMINA,Illumina HiSeq 2000,PAIRED,OTHER,METAGENOMIC,RANDOM,,EGAS00001001704,EGA00001822940,2021-02-04 15:58:34+01,2021-02-24 14:50:48+01
EGAX00002367921,MGSseq,MGS,,,,ILLUMINA,Illumina HiSeq 2000,PAIRED,OTHER,METAGENOMIC,RANDOM,,EGAS00001001704,EGA00001822940,2021-02-04 15:58:34+01,2021-02-24 14:50:48+01
EGAX00002367922,MGSseq,MGS,,,,ILLUMINA,Illumina HiSeq 2000,PAIRED,OTHER,METAGENOMIC,RANDOM,,EGAS00001001704,EGA00001822940,2021-02-04 15:58:34+01,2021-02-24 14:50:48+01
EGAX00002367923,MGSseq,MGS,,,,ILLUMINA,Illumina HiSeq 2000,PAIRED,OTHER,METAGENOMIC,RANDOM,,EGAS00001001704,EGA00001822940,2021-02-04 15:58:34+01,2021-02-24 14:50:48+01
EGAX00002367924,MGSseq,MGS,,,,ILLUMINA,Illumina HiSeq 2000,PAIRED,OTHER,METAGENOMIC,RANDOM,,EGAS00001001704,EGA00001822940,2021-02-04 15:58:34+01,2021-02-24 14:50:48+01
EGAX00002367925,MGSseq,MGS,,,,ILLUMINA,Illumina HiSeq 2000,PAIRED,OTHER,METAGENOMIC,RANDOM,,EGAS00001001704,EGA00001822940,2021-02-04 15:58:34+01,2021-02-24 14:50:48+01
EGAX00002367926,MGSseq,MGS,,,,ILLUMINA,Illumina HiSeq 2000,PAIRED,OTHER,METAGENOMIC,RANDOM,,EGAS00001001704,EGA00001822940,2021-02-04 15:58:34+01,2021-02-24 14:50:48+01
EGAX00002367927,MGSseq,MGS,,,,ILLUMINA,Illumina HiSeq 2000,PAIRED,OTHER,METAGENOMIC,RANDOM,,EGAS00001001704,EGA00001822940,2021-02-04 15:58:34+01,2021-02-24 14:50:48+01
EGAX00002367928,MGSseq,MGS,,,,ILLUMINA,Illumina HiSeq 2000,PAIRED,OTHER,METAGENOMIC,RANDOM,,EGAS00001001704,EGA00001822940,2021-02-04 15:58:34+01,2021-02-24 14:50:48+01
EGAX00002367929,MGSseq,MGS,,,,ILLUMINA,Illumina HiSeq 2000,PAIRED,OTHER,METAGENOMIC,RANDOM,,EGAS00001001704,EGA00001822940,2021-02-04 15:58:34+01,2021-02-24 14:50:48+01
EGAX00002367930,MGSseq,MGS,,,,ILLUMINA,Illumina HiSeq 2000,PAIRED,OTHER,METAGENOMIC,RANDOM,,EGAS00001001704,EGA00001822940,2021-02-04 15:58:34+01,2021-02-24 14:50:48+01
EGAX00002367931,MGSseq,MGS,,,,ILLUMINA,Illumina HiSeq 2000,PAIRED,OTHER,METAGENOMIC,RANDOM,,EGAS00001001704,EGA00001822940,2021-02-04 15:58:34+01,2021-02-24 14:50:48+01
EGAX00002367932,MGSseq,MGS,,,,ILLUMINA,Illumina HiSeq 2000,PAIRED,OTHER,METAGENOMIC,RANDOM,,EGAS00001001704,EGA00001822940,2021-02-04 15:58:34+01,2021-02-24 14:50:48+01
EGAX00002367933,MGSseq,MGS,,,,ILLUMINA,Illumina HiSeq 2000,PAIRED,OTHER,METAGENOMIC,RANDOM,,EGAS00001001704,EGA00001822940,2021-02-04 15:58:34+01,2021-02-24 14:50:48+01
EGAX00002367934,MGSseq,MGS,,,,ILLUMINA,Illumina HiSeq 2000,PAIRED,OTHER,METAGENOMIC,RANDOM,,EGAS00001001704,EGA00001822940,2021-02-04 15:58:34+01,2021-02-24 14:50:48+01
EGAX00002367935,MGSseq,MGS,,,,ILLUMINA,Illumina HiSeq 2000,PAIRED,OTHER,METAGENOMIC,RANDOM,,EGAS00001001704,EGA00001822940,2021-02-04 15:58:34+01,2021-02-24 14:50:48+01
EGAX00002367936,MGSseq,MGS,,,,ILLUMINA,Illumina HiSeq 2000,PAIRED,OTHER,METAGENOMIC,RANDOM,,EGAS00001001704,EGA00001822940,2021-02-04 15:58:34+01,2021-02-24 14:50:48+01
EGAX00002367937,MGSseq,MGS,,,,ILLUMINA,Illumina HiSeq 2000,PAIRED,OTHER,METAGENOMIC,RANDOM,,EGAS00001001704,EGA00001822940,2021-02-04 15:58:34+01,2021-02-24 14:50:48+01
EGAX00002367938,MGSseq,MGS,,,,ILLUMINA,Illumina HiSeq 2000,PAIRED,OTHER,METAGENOMIC,RANDOM,,EGAS00001001704,EGA00001822940,2021-02-04 15:58:34+01,2021-02-24 14:50:48+01
EGAX00002367939,MGSseq,MGS,,,,ILLUMINA,Illumina HiSeq 2000,PAIRED,OTHER,METAGENOMIC,RANDOM,,EGAS00001001704,EGA00001822940,2021-02-04 15:58:34+01,2021-02-24 14:50:48+01
EGAX00002367940,MGSseq,MGS,,,,ILLUMINA,Illumina HiSeq 2000,PAIRED,OTHER,METAGENOMIC,RANDOM,,EGAS00001001704,EGA00001822940,2021-02-04 15:58:34+01,2021-02-24 14:50:48+01
EGAX00002367941,MGSseq,MGS,,,,ILLUMINA,Illumina HiSeq 2000,PAIRED,OTHER,METAGENOMIC,RANDOM,,EGAS00001001704,EGA00001822940,2021-02-04 15:58:34+01,2021-02-24 14:50:48+01
EGAX00002367942,MGSseq,MGS,,,,ILLUMINA,Illumina HiSeq 2000,PAIRED,OTHER,METAGENOMIC,RANDOM,,EGAS00001001704,EGA00001822940,2021-02-04 15:58:34+01,2021-02-24 14:50:48+01
EGAX00002367943,MGSseq,MGS,,,,ILLUMINA,Illumina HiSeq 2000,PAIRED,OTHER,METAGENOMIC,RANDOM,,EGAS00001001704,EGA00001822940,2021-02-04 15:58:34+01,2021-02-24 14:50:48+01
EGAX00002367944,MGSseq,MGS,,,,ILLUMINA,Illumina HiSeq 2000,PAIRED,OTHER,METAGENOMIC,RANDOM,,EGAS00001001704,EGA00001822940,2021-02-04 15:58:34+01,2021-02-24 14:50:48+01
EGAX00002367945,MGSseq,MGS,,,,ILLUMINA,Illumina HiSeq 2000,PAIRED,OTHER,METAGENOMIC,RANDOM,,EGAS00001001704,EGA00001822940,2021-02-04 15:58:35+01,2021-02-24 14:50:48+01
EGAX00002367946,MGSseq,MGS,,,,ILLUMINA,Illumina HiSeq 2000,PAIRED,OTHER,METAGENOMIC,RANDOM,,EGAS00001001704,EGA00001822940,2021-02-04 15:58:35+01,2021-02-24 14:50:48+01
EGAX00002367947,MGSseq,MGS,,,,ILLUMINA,Illumina HiSeq 2000,PAIRED,OTHER,METAGENOMIC,RANDOM,,EGAS00001001704,EGA00001822940,2021-02-04 15:58:35+01,2021-02-24 14:50:48+01
EGAX00002367948,MGSseq,MGS,,,,ILLUMINA,Illumina HiSeq 2000,PAIRED,OTHER,METAGENOMIC,RANDOM,,EGAS00001001704,EGA00001822940,2021-02-04 15:58:35+01,2021-02-24 14:50:48+01
EGAX00002367949,MGSseq,MGS,,,,ILLUMINA,Illumina HiSeq 2000,PAIRED,OTHER,METAGENOMIC,RANDOM,,EGAS00001001704,EGA00001822940,2021-02-04 15:58:35+01,2021-02-24 14:50:48+01
EGAX00002367950,MGSseq,MGS,,,,ILLUMINA,Illumina HiSeq 2000,PAIRED,OTHER,METAGENOMIC,RANDOM,,EGAS00001001704,EGA00001822940,2021-02-04 15:58:35+01,2021-02-24 14:50:48+01
EGAX00002367951,MGSseq,MGS,,,,ILLUMINA,Illumina HiSeq 2000,PAIRED,OTHER,METAGENOMIC,RANDOM,,EGAS00001001704,EGA00001822940,2021-02-04 15:58:35+01,2021-02-24 14:50:48+01
EGAX00002367952,MGSseq,MGS,,,,ILLUMINA,Illumina HiSeq 2000,PAIRED,OTHER,METAGENOMIC,RANDOM,,EGAS00001001704,EGA00001822940,2021-02-04 15:58:35+01,2021-02-24 14:50:48+01
EGAX00002367953,MGSseq,MGS,,,,ILLUMINA,Illumina HiSeq 2000,PAIRED,OTHER,METAGENOMIC,RANDOM,,EGAS00001001704,EGA00001822940,2021-02-04 15:58:35+01,2021-02-24 14:50:48+01
EGAX00002367954,MGSseq,MGS,,,,ILLUMINA,Illumina HiSeq 2000,PAIRED,OTHER,METAGENOMIC,RANDOM,,EGAS00001001704,EGA00001822940,2021-02-04 15:58:35+01,2021-02-24 14:50:48+01
EGAX00002367955,MGSseq,MGS,,,,ILLUMINA,Illumina HiSeq 2000,PAIRED,OTHER,METAGENOMIC,RANDOM,,EGAS00001001704,EGA00001822940,2021-02-04 15:58:35+01,2021-02-24 14:50:48+01
EGAX00002367956,MGSseq,MGS,,,,ILLUMINA,Illumina HiSeq 2000,PAIRED,OTHER,METAGENOMIC,RANDOM,,EGAS00001001704,EGA00001822940,2021-02-04 15:58:35+01,2021-02-24 14:50:48+01
EGAX00002367957,MGSseq,MGS,,,,ILLUMINA,Illumina HiSeq 2000,PAIRED,OTHER,METAGENOMIC,RANDOM,,EGAS00001001704,EGA00001822940,2021-02-04 15:58:35+01,2021-02-24 14:50:48+01
EGAX00002367958,MGSseq,MGS,,,,ILLUMINA,Illumina HiSeq 2000,PAIRED,OTHER,METAGENOMIC,RANDOM,,EGAS00001001704,EGA00001822940,2021-02-04 15:58:35+01,2021-02-24 14:50:48+01
EGAX00002367959,MGSseq,MGS,,,,ILLUMINA,Illumina HiSeq 2000,PAIRED,OTHER,METAGENOMIC,RANDOM,,EGAS00001001704,EGA00001822940,2021-02-04 15:58:35+01,2021-02-24 14:50:48+01
EGAX00002367960,MGSseq,MGS,,,,ILLUMINA,Illumina HiSeq 2000,PAIRED,OTHER,METAGENOMIC,RANDOM,,EGAS00001001704,EGA00001822940,2021-02-04 15:58:35+01,2021-02-24 14:50:48+01
EGAX00002367961,MGSseq,MGS,,,,ILLUMINA,Illumina HiSeq 2000,PAIRED,OTHER,METAGENOMIC,RANDOM,,EGAS00001001704,EGA00001822940,2021-02-04 15:58:35+01,2021-02-24 14:50:48+01
EGAX00002367962,MGSseq,MGS,,,,ILLUMINA,Illumina HiSeq 2000,PAIRED,OTHER,METAGENOMIC,RANDOM,,EGAS00001001704,EGA00001822940,2021-02-04 15:58:35+01,2021-02-24 14:50:48+01
EGAX00002367963,MGSseq,MGS,,,,ILLUMINA,Illumina HiSeq 2000,PAIRED,OTHER,METAGENOMIC,RANDOM,,EGAS00001001704,EGA00001822940,2021-02-04 15:58:35+01,2021-02-24 14:50:48+01
EGAX00002367964,MGSseq,MGS,,,,ILLUMINA,Illumina HiSeq 2000,PAIRED,OTHER,METAGENOMIC,RANDOM,,EGAS00001001704,EGA00001822940,2021-02-04 15:58:35+01,2021-02-24 14:50:48+01
EGAX00002367965,MGSseq,MGS,,,,ILLUMINA,Illumina HiSeq 2000,PAIRED,OTHER,METAGENOMIC,RANDOM,,EGAS00001001704,EGA00001822940,2021-02-04 15:58:35+01,2021-02-24 14:50:48+01
EGAX00002367966,MGSseq,MGS,,,,ILLUMINA,Illumina HiSeq 2000,PAIRED,OTHER,METAGENOMIC,RANDOM,,EGAS00001001704,EGA00001822940,2021-02-04 15:58:35+01,2021-02-24 14:50:48+01
EGAX00002367967,MGSseq,MGS,,,,ILLUMINA,Illumina HiSeq 2000,PAIRED,OTHER,METAGENOMIC,RANDOM,,EGAS00001001704,EGA00001822940,2021-02-04 15:58:35+01,2021-02-24 14:50:48+01
EGAX00002367968,MGSseq,MGS,,,,ILLUMINA,Illumina HiSeq 2000,PAIRED,OTHER,METAGENOMIC,RANDOM,,EGAS00001001704,EGA00001822940,2021-02-04 15:58:35+01,2021-02-24 14:50:48+01
EGAX00002367969,MGSseq,MGS,,,,ILLUMINA,Illumina HiSeq 2000,PAIRED,OTHER,METAGENOMIC,RANDOM,,EGAS00001001704,EGA00001822940,2021-02-04 15:58:35+01,2021-02-24 14:50:48+01
EGAX00002367970,MGSseq,MGS,,,,ILLUMINA,Illumina HiSeq 2000,PAIRED,OTHER,METAGENOMIC,RANDOM,,EGAS00001001704,EGA00001822940,2021-02-04 15:58:35+01,2021-02-24 14:50:48+01
EGAX00002367971,MGSseq,MGS,,,,ILLUMINA,Illumina HiSeq 2000,PAIRED,OTHER,METAGENOMIC,RANDOM,,EGAS00001001704,EGA00001822940,2021-02-04 15:58:35+01,2021-02-24 14:50:48+01
EGAX00002367972,MGSseq,MGS,,,,ILLUMINA,Illumina HiSeq 2000,PAIRED,OTHER,METAGENOMIC,RANDOM,,EGAS00001001704,EGA00001822940,2021-02-04 15:58:35+01,2021-02-24 14:50:48+01
EGAX00002367973,MGSseq,MGS,,,,ILLUMINA,Illumina HiSeq 2000,PAIRED,OTHER,METAGENOMIC,RANDOM,,EGAS00001001704,EGA00001822940,2021-02-04 15:58:35+01,2021-02-24 14:50:48+01
EGAX00002367974,MGSseq,MGS,,,,ILLUMINA,Illumina HiSeq 2000,PAIRED,OTHER,METAGENOMIC,RANDOM,,EGAS00001001704,EGA00001822940,2021-02-04 15:58:35+01,2021-02-24 14:50:48+01
EGAX00002367975,MGSseq,MGS,,,,ILLUMINA,Illumina HiSeq 2000,PAIRED,OTHER,METAGENOMIC,RANDOM,,EGAS00001001704,EGA00001822940,2021-02-04 15:58:35+01,2021-02-24 14:50:48+01
EGAX00002367976,MGSseq,MGS,,,,ILLUMINA,Illumina HiSeq 2000,PAIRED,OTHER,METAGENOMIC,RANDOM,,EGAS00001001704,EGA00001822940,2021-02-04 15:58:35+01,2021-02-24 14:50:48+01
EGAX00002367977,MGSseq,MGS,,,,ILLUMINA,Illumina HiSeq 2000,PAIRED,OTHER,METAGENOMIC,RANDOM,,EGAS00001001704,EGA00001822940,2021-02-04 15:58:35+01,2021-02-24 14:50:48+01
EGAX00002367978,MGSseq,MGS,,,,ILLUMINA,Illumina HiSeq 2000,PAIRED,OTHER,METAGENOMIC,RANDOM,,EGAS00001001704,EGA00001822940,2021-02-04 15:58:35+01,2021-02-24 14:50:48+01
EGAX00002367979,MGSseq,MGS,,,,ILLUMINA,Illumina HiSeq 2000,PAIRED,OTHER,METAGENOMIC,RANDOM,,EGAS00001001704,EGA00001822940,2021-02-04 15:58:35+01,2021-02-24 14:50:48+01
EGAX00002367980,MGSseq,MGS,,,,ILLUMINA,Illumina HiSeq 2000,PAIRED,OTHER,METAGENOMIC,RANDOM,,EGAS00001001704,EGA00001822940,2021-02-04 15:58:35+01,2021-02-24 14:50:49+01
EGAX00002367981,MGSseq,MGS,,,,ILLUMINA,Illumina HiSeq 2000,PAIRED,OTHER,METAGENOMIC,RANDOM,,EGAS00001001704,EGA00001822940,2021-02-04 15:58:35+01,2021-02-24 14:50:49+01
EGAX00002367982,MGSseq,MGS,,,,ILLUMINA,Illumina HiSeq 2000,PAIRED,OTHER,METAGENOMIC,RANDOM,,EGAS00001001704,EGA00001822940,2021-02-04 15:58:36+01,2021-02-24 14:50:49+01
EGAX00002367983,MGSseq,MGS,,,,ILLUMINA,Illumina HiSeq 2000,PAIRED,OTHER,METAGENOMIC,RANDOM,,EGAS00001001704,EGA00001822940,2021-02-04 15:58:36+01,2021-02-24 14:50:49+01
EGAX00002367984,MGSseq,MGS,,,,ILLUMINA,Illumina HiSeq 2000,PAIRED,OTHER,METAGENOMIC,RANDOM,,EGAS00001001704,EGA00001822940,2021-02-04 15:58:36+01,2021-02-24 14:50:49+01
EGAX00002367985,MGSseq,MGS,,,,ILLUMINA,Illumina HiSeq 2000,PAIRED,OTHER,METAGENOMIC,RANDOM,,EGAS00001001704,EGA00001822940,2021-02-04 15:58:36+01,2021-02-24 14:50:49+01
EGAX00002367986,MGSseq,MGS,,,,ILLUMINA,Illumina HiSeq 2000,PAIRED,OTHER,METAGENOMIC,RANDOM,,EGAS00001001704,EGA00001822940,2021-02-04 15:58:36+01,2021-02-24 14:50:49+01
EGAX00002367987,MGSseq,MGS,,,,ILLUMINA,Illumina HiSeq 2000,PAIRED,OTHER,METAGENOMIC,RANDOM,,EGAS00001001704,EGA00001822940,2021-02-04 15:58:36+01,2021-02-24 14:50:49+01
EGAX00002367988,MGSseq,MGS,,,,ILLUMINA,Illumina HiSeq 2000,PAIRED,OTHER,METAGENOMIC,RANDOM,,EGAS00001001704,EGA00001822940,2021-02-04 15:58:36+01,2021-02-24 14:50:49+01
EGAX00002367989,MGSseq,MGS,,,,ILLUMINA,Illumina HiSeq 2000,PAIRED,OTHER,METAGENOMIC,RANDOM,,EGAS00001001704,EGA00001822940,2021-02-04 15:58:36+01,2021-02-24 14:50:49+01
EGAX00002367990,MGSseq,MGS,,,,ILLUMINA,Illumina HiSeq 2000,PAIRED,OTHER,METAGENOMIC,RANDOM,,EGAS00001001704,EGA00001822940,2021-02-04 15:58:36+01,2021-02-24 14:50:49+01
EGAX00002367991,MGSseq,MGS,,,,ILLUMINA,Illumina HiSeq 2000,PAIRED,OTHER,METAGENOMIC,RANDOM,,EGAS00001001704,EGA00001822940,2021-02-04 15:58:36+01,2021-02-24 14:50:49+01
EGAX00002367992,MGSseq,MGS,,,,ILLUMINA,Illumina HiSeq 2000,PAIRED,OTHER,METAGENOMIC,RANDOM,,EGAS00001001704,EGA00001822940,2021-02-04 15:58:36+01,2021-02-24 14:50:49+01
EGAX00002367993,MGSseq,MGS,,,,ILLUMINA,Illumina HiSeq 2000,PAIRED,OTHER,METAGENOMIC,RANDOM,,EGAS00001001704,EGA00001822940,2021-02-04 15:58:36+01,2021-02-24 14:50:49+01
EGAX00002367994,MGSseq,MGS,,,,ILLUMINA,Illumina HiSeq 2000,PAIRED,OTHER,METAGENOMIC,RANDOM,,EGAS00001001704,EGA00001822940,2021-02-04 15:58:36+01,2021-02-24 14:50:49+01
EGAX00002367995,MGSseq,MGS,,,,ILLUMINA,Illumina HiSeq 2000,PAIRED,OTHER,METAGENOMIC,RANDOM,,EGAS00001001704,EGA00001822940,2021-02-04 15:58:36+01,2021-02-24 14:50:49+01
EGAX00002367996,MGSseq,MGS,,,,ILLUMINA,Illumina HiSeq 2000,PAIRED,OTHER,METAGENOMIC,RANDOM,,EGAS00001001704,EGA00001822940,2021-02-04 15:58:36+01,2021-02-24 14:50:49+01
EGAX00002367997,MGSseq,MGS,,,,ILLUMINA,Illumina HiSeq 2000,PAIRED,OTHER,METAGENOMIC,RANDOM,,EGAS00001001704,EGA00001822940,2021-02-04 15:58:36+01,2021-02-24 14:50:49+01
EGAX00002367998,MGSseq,MGS,,,,ILLUMINA,Illumina HiSeq 2000,PAIRED,OTHER,METAGENOMIC,RANDOM,,EGAS00001001704,EGA00001822940,2021-02-04 15:58:36+01,2021-02-24 14:50:49+01
EGAX00002367999,MGSseq,MGS,,,,ILLUMINA,Illumina HiSeq 2000,PAIRED,OTHER,METAGENOMIC,RANDOM,,EGAS00001001704,EGA00001822940,2021-02-04 15:58:36+01,2021-02-24 14:50:49+01
EGAX00002368000,MGSseq,MGS,,,,ILLUMINA,Illumina HiSeq 2000,PAIRED,OTHER,METAGENOMIC,RANDOM,,EGAS00001001704,EGA00001822940,2021-02-04 15:58:36+01,2021-02-24 14:50:49+01
EGAX00002368001,MGSseq,MGS,,,,ILLUMINA,Illumina HiSeq 2000,PAIRED,OTHER,METAGENOMIC,RANDOM,,EGAS00001001704,EGA00001822940,2021-02-04 15:58:36+01,2021-02-24 14:50:49+01
EGAX00002368002,MGSseq,MGS,,,,ILLUMINA,Illumina HiSeq 2000,PAIRED,OTHER,METAGENOMIC,RANDOM,,EGAS00001001704,EGA00001822940,2021-02-04 15:58:36+01,2021-02-24 14:50:49+01
EGAX00002368003,MGSseq,MGS,,,,ILLUMINA,Illumina HiSeq 2000,PAIRED,OTHER,METAGENOMIC,RANDOM,,EGAS00001001704,EGA00001822940,2021-02-04 15:58:36+01,2021-02-24 14:50:49+01
EGAX00002368004,MGSseq,MGS,,,,ILLUMINA,Illumina HiSeq 2000,PAIRED,OTHER,METAGENOMIC,RANDOM,,EGAS00001001704,EGA00001822940,2021-02-04 15:58:36+01,2021-02-24 14:50:49+01
EGAX00002368005,MGSseq,MGS,,,,ILLUMINA,Illumina HiSeq 2000,PAIRED,OTHER,METAGENOMIC,RANDOM,,EGAS00001001704,EGA00001822940,2021-02-04 15:58:36+01,2021-02-24 14:50:49+01
EGAX00002368006,MGSseq,MGS,,,,ILLUMINA,Illumina HiSeq 2000,PAIRED,OTHER,METAGENOMIC,RANDOM,,EGAS00001001704,EGA00001822940,2021-02-04 15:58:36+01,2021-02-24 14:50:49+01
EGAX00002368007,MGSseq,MGS,,,,ILLUMINA,Illumina HiSeq 2000,PAIRED,OTHER,METAGENOMIC,RANDOM,,EGAS00001001704,EGA00001822940,2021-02-04 15:58:36+01,2021-02-24 14:50:49+01
EGAX00002368008,MGSseq,MGS,,,,ILLUMINA,Illumina HiSeq 2000,PAIRED,OTHER,METAGENOMIC,RANDOM,,EGAS00001001704,EGA00001822940,2021-02-04 15:58:36+01,2021-02-24 14:50:49+01
EGAX00002368009,MGSseq,MGS,,,,ILLUMINA,Illumina HiSeq 2000,PAIRED,OTHER,METAGENOMIC,RANDOM,,EGAS00001001704,EGA00001822940,2021-02-04 15:58:36+01,2021-02-24 14:50:49+01
EGAX00002368010,MGSseq,MGS,,,,ILLUMINA,Illumina HiSeq 2000,PAIRED,OTHER,METAGENOMIC,RANDOM,,EGAS00001001704,EGA00001822940,2021-02-04 15:58:36+01,2021-02-24 14:50:49+01
EGAX00002368011,MGSseq,MGS,,,,ILLUMINA,Illumina HiSeq 2000,PAIRED,OTHER,METAGENOMIC,RANDOM,,EGAS00001001704,EGA00001822940,2021-02-04 15:58:36+01,2021-02-24 14:50:49+01
EGAX00002368012,MGSseq,MGS,,,,ILLUMINA,Illumina HiSeq 2000,PAIRED,OTHER,METAGENOMIC,RANDOM,,EGAS00001001704,EGA00001822940,2021-02-04 15:58:36+01,2021-02-24 14:50:49+01
EGAX00002368013,MGSseq,MGS,,,,ILLUMINA,Illumina HiSeq 2000,PAIRED,OTHER,METAGENOMIC,RANDOM,,EGAS00001001704,EGA00001822940,2021-02-04 15:58:36+01,2021-02-24 14:50:49+01
EGAX00002368014,MGSseq,MGS,,,,ILLUMINA,Illumina HiSeq 2000,PAIRED,OTHER,METAGENOMIC,RANDOM,,EGAS00001001704,EGA00001822940,2021-02-04 15:58:36+01,2021-02-24 14:50:49+01
EGAX00002368015,MGSseq,MGS,,,,ILLUMINA,Illumina HiSeq 2000,PAIRED,OTHER,METAGENOMIC,RANDOM,,EGAS00001001704,EGA00001822940,2021-02-04 15:58:37+01,2021-02-24 14:50:49+01
EGAX00002368016,MGSseq,MGS,,,,ILLUMINA,Illumina HiSeq 2000,PAIRED,OTHER,METAGENOMIC,RANDOM,,EGAS00001001704,EGA00001822940,2021-02-04 15:58:37+01,2021-02-24 14:50:49+01
EGAX00002368017,MGSseq,MGS,,,,ILLUMINA,Illumina HiSeq 2000,PAIRED,OTHER,METAGENOMIC,RANDOM,,EGAS00001001704,EGA00001822940,2021-02-04 15:58:37+01,2021-02-24 14:50:49+01
EGAX00002368018,MGSseq,MGS,,,,ILLUMINA,Illumina HiSeq 2000,PAIRED,OTHER,METAGENOMIC,RANDOM,,EGAS00001001704,EGA00001822940,2021-02-04 15:58:37+01,2021-02-24 14:50:49+01
EGAX00002368019,MGSseq,MGS,,,,ILLUMINA,Illumina HiSeq 2000,PAIRED,OTHER,METAGENOMIC,RANDOM,,EGAS00001001704,EGA00001822940,2021-02-04 15:58:37+01,2021-02-24 14:50:49+01
EGAX00002368020,MGSseq,MGS,,,,ILLUMINA,Illumina HiSeq 2000,PAIRED,OTHER,METAGENOMIC,RANDOM,,EGAS00001001704,EGA00001822940,2021-02-04 15:58:37+01,2021-02-24 14:50:49+01
EGAX00002368021,MGSseq,MGS,,,,ILLUMINA,Illumina HiSeq 2000,PAIRED,OTHER,METAGENOMIC,RANDOM,,EGAS00001001704,EGA00001822940,2021-02-04 15:58:37+01,2021-02-24 14:50:49+01
EGAX00002368022,MGSseq,MGS,,,,ILLUMINA,Illumina HiSeq 2000,PAIRED,OTHER,METAGENOMIC,RANDOM,,EGAS00001001704,EGA00001822940,2021-02-04 15:58:37+01,2021-02-24 14:50:49+01
EGAX00002368023,MGSseq,MGS,,,,ILLUMINA,Illumina HiSeq 2000,PAIRED,OTHER,METAGENOMIC,RANDOM,,EGAS00001001704,EGA00001822940,2021-02-04 15:58:37+01,2021-02-24 14:50:49+01
EGAX00002368024,MGSseq,MGS,,,,ILLUMINA,Illumina HiSeq 2000,PAIRED,OTHER,METAGENOMIC,RANDOM,,EGAS00001001704,EGA00001822940,2021-02-04 15:58:37+01,2021-02-24 14:50:49+01
EGAX00002368025,MGSseq,MGS,,,,ILLUMINA,Illumina HiSeq 2000,PAIRED,OTHER,METAGENOMIC,RANDOM,,EGAS00001001704,EGA00001822940,2021-02-04 15:58:37+01,2021-02-24 14:50:49+01
EGAX00002368026,MGSseq,MGS,,,,ILLUMINA,Illumina HiSeq 2000,PAIRED,OTHER,METAGENOMIC,RANDOM,,EGAS00001001704,EGA00001822940,2021-02-04 15:58:37+01,2021-02-24 14:50:49+01
EGAX00002368027,MGSseq,MGS,,,,ILLUMINA,Illumina HiSeq 2000,PAIRED,OTHER,METAGENOMIC,RANDOM,,EGAS00001001704,EGA00001822940,2021-02-04 15:58:37+01,2021-02-24 14:50:49+01
EGAX00002368028,MGSseq,MGS,,,,ILLUMINA,Illumina HiSeq 2000,PAIRED,OTHER,METAGENOMIC,RANDOM,,EGAS00001001704,EGA00001822940,2021-02-04 15:58:37+01,2021-02-24 14:50:49+01
EGAX00002368029,MGSseq,MGS,,,,ILLUMINA,Illumina HiSeq 2000,PAIRED,OTHER,METAGENOMIC,RANDOM,,EGAS00001001704,EGA00001822940,2021-02-04 15:58:37+01,2021-02-24 14:50:49+01
EGAX00002368030,MGSseq,MGS,,,,ILLUMINA,Illumina HiSeq 2000,PAIRED,OTHER,METAGENOMIC,RANDOM,,EGAS00001001704,EGA00001822940,2021-02-04 15:58:37+01,2021-02-24 14:50:49+01
EGAX00002368031,MGSseq,MGS,,,,ILLUMINA,Illumina HiSeq 2000,PAIRED,OTHER,METAGENOMIC,RANDOM,,EGAS00001001704,EGA00001822940,2021-02-04 15:58:37+01,2021-02-24 14:50:49+01
EGAX00002368032,MGSseq,MGS,,,,ILLUMINA,Illumina HiSeq 2000,PAIRED,OTHER,METAGENOMIC,RANDOM,,EGAS00001001704,EGA00001822940,2021-02-04 15:58:37+01,2021-02-24 14:50:49+01
EGAX00002368033,MGSseq,MGS,,,,ILLUMINA,Illumina HiSeq 2000,PAIRED,OTHER,METAGENOMIC,RANDOM,,EGAS00001001704,EGA00001822940,2021-02-04 15:58:37+01,2021-02-24 14:50:49+01
EGAX00002368034,MGSseq,MGS,,,,ILLUMINA,Illumina HiSeq 2000,PAIRED,OTHER,METAGENOMIC,RANDOM,,EGAS00001001704,EGA00001822940,2021-02-04 15:58:37+01,2021-02-24 14:50:49+01
EGAX00002368035,MGSseq,MGS,,,,ILLUMINA,Illumina HiSeq 2000,PAIRED,OTHER,METAGENOMIC,RANDOM,,EGAS00001001704,EGA00001822940,2021-02-04 15:58:37+01,2021-02-24 14:50:49+01
EGAX00002368036,MGSseq,MGS,,,,ILLUMINA,Illumina HiSeq 2000,PAIRED,OTHER,METAGENOMIC,RANDOM,,EGAS00001001704,EGA00001822940,2021-02-04 15:58:37+01,2021-02-24 14:50:49+01
EGAX00002368037,MGSseq,MGS,,,,ILLUMINA,Illumina HiSeq 2000,PAIRED,OTHER,METAGENOMIC,RANDOM,,EGAS00001001704,EGA00001822940,2021-02-04 15:58:37+01,2021-02-24 14:50:49+01
EGAX00002368038,MGSseq,MGS,,,,ILLUMINA,Illumina HiSeq 2000,PAIRED,OTHER,METAGENOMIC,RANDOM,,EGAS00001001704,EGA00001822940,2021-02-04 15:58:37+01,2021-02-24 14:50:49+01
EGAX00002368039,MGSseq,MGS,,,,ILLUMINA,Illumina HiSeq 2000,PAIRED,OTHER,METAGENOMIC,RANDOM,,EGAS00001001704,EGA00001822940,2021-02-04 15:58:37+01,2021-02-24 14:50:49+01
EGAX00002368040,MGSseq,MGS,,,,ILLUMINA,Illumina HiSeq 2000,PAIRED,OTHER,METAGENOMIC,RANDOM,,EGAS00001001704,EGA00001822940,2021-02-04 15:58:37+01,2021-02-24 14:50:49+01
EGAX00002368041,MGSseq,MGS,,,,ILLUMINA,Illumina HiSeq 2000,PAIRED,OTHER,METAGENOMIC,RANDOM,,EGAS00001001704,EGA00001822940,2021-02-04 15:58:37+01,2021-02-24 14:50:49+01
EGAX00002368042,MGSseq,MGS,,,,ILLUMINA,Illumina HiSeq 2000,PAIRED,OTHER,METAGENOMIC,RANDOM,,EGAS00001001704,EGA00001822940,2021-02-04 15:58:37+01,2021-02-24 14:50:49+01
EGAX00002368043,MGSseq,MGS,,,,ILLUMINA,Illumina HiSeq 2000,PAIRED,OTHER,METAGENOMIC,RANDOM,,EGAS00001001704,EGA00001822940,2021-02-04 15:58:37+01,2021-02-24 14:50:49+01
EGAX00002368044,MGSseq,MGS,,,,ILLUMINA,Illumina HiSeq 2000,PAIRED,OTHER,METAGENOMIC,RANDOM,,EGAS00001001704,EGA00001822940,2021-02-04 15:58:37+01,2021-02-24 14:50:49+01
EGAX00002368045,MGSseq,MGS,,,,ILLUMINA,Illumina HiSeq 2000,PAIRED,OTHER,METAGENOMIC,RANDOM,,EGAS00001001704,EGA00001822940,2021-02-04 15:58:37+01,2021-02-24 14:50:49+01
EGAX00002368046,MGSseq,MGS,,,,ILLUMINA,Illumina HiSeq 2000,PAIRED,OTHER,METAGENOMIC,RANDOM,,EGAS00001001704,EGA00001822940,2021-02-04 15:58:37+01,2021-02-24 14:50:49+01
EGAX00002368047,MGSseq,MGS,,,,ILLUMINA,Illumina HiSeq 2000,PAIRED,OTHER,METAGENOMIC,RANDOM,,EGAS00001001704,EGA00001822940,2021-02-04 15:58:37+01,2021-02-24 14:50:49+01
EGAX00002368048,MGSseq,MGS,,,,ILLUMINA,Illumina HiSeq 2000,PAIRED,OTHER,METAGENOMIC,RANDOM,,EGAS00001001704,EGA00001822940,2021-02-04 15:58:37+01,2021-02-24 14:50:49+01
EGAX00002368049,MGSseq,MGS,,,,ILLUMINA,Illumina HiSeq 2000,PAIRED,OTHER,METAGENOMIC,RANDOM,,EGAS00001001704,EGA00001822940,2021-02-04 15:58:37+01,2021-02-24 14:50:49+01
EGAX00002368050,MGSseq,MGS,,,,ILLUMINA,Illumina HiSeq 2000,PAIRED,OTHER,METAGENOMIC,RANDOM,,EGAS00001001704,EGA00001822940,2021-02-04 15:58:37+01,2021-02-24 14:50:49+01
EGAX00002368051,MGSseq,MGS,,,,ILLUMINA,Illumina HiSeq 2000,PAIRED,OTHER,METAGENOMIC,RANDOM,,EGAS00001001704,EGA00001822940,2021-02-04 15:58:37+01,2021-02-24 14:50:49+01
EGAX00002368052,MGSseq,MGS,,,,ILLUMINA,Illumina HiSeq 2000,PAIRED,OTHER,METAGENOMIC,RANDOM,,EGAS00001001704,EGA00001822940,2021-02-04 15:58:37+01,2021-02-24 14:50:49+01
EGAX00002368053,MGSseq,MGS,,,,ILLUMINA,Illumina HiSeq 2000,PAIRED,OTHER,METAGENOMIC,RANDOM,,EGAS00001001704,EGA00001822940,2021-02-04 15:58:37+01,2021-02-24 14:50:49+01
EGAX00002368054,MGSseq,MGS,,,,ILLUMINA,Illumina HiSeq 2000,PAIRED,OTHER,METAGENOMIC,RANDOM,,EGAS00001001704,EGA00001822940,2021-02-04 15:58:37+01,2021-02-24 14:50:49+01
EGAX00002368055,MGSseq,MGS,,,,ILLUMINA,Illumina HiSeq 2000,PAIRED,OTHER,METAGENOMIC,RANDOM,,EGAS00001001704,EGA00001822940,2021-02-04 15:58:37+01,2021-02-24 14:50:49+01
EGAX00002368056,MGSseq,MGS,,,,ILLUMINA,Illumina HiSeq 2000,PAIRED,OTHER,METAGENOMIC,RANDOM,,EGAS00001001704,EGA00001822940,2021-02-04 15:58:37+01,2021-02-24 14:50:49+01
EGAX00002368057,MGSseq,MGS,,,,ILLUMINA,Illumina HiSeq 2000,PAIRED,OTHER,METAGENOMIC,RANDOM,,EGAS00001001704,EGA00001822940,2021-02-04 15:58:37+01,2021-02-24 14:50:49+01
EGAX00002368058,MGSseq,MGS,,,,ILLUMINA,Illumina HiSeq 2000,PAIRED,OTHER,METAGENOMIC,RANDOM,,EGAS00001001704,EGA00001822940,2021-02-04 15:58:37+01,2021-02-24 14:50:49+01
EGAX00002368059,MGSseq,MGS,,,,ILLUMINA,Illumina HiSeq 2000,PAIRED,OTHER,METAGENOMIC,RANDOM,,EGAS00001001704,EGA00001822940,2021-02-04 15:58:37+01,2021-02-24 14:50:49+01
EGAX00002368060,MGSseq,MGS,,,,ILLUMINA,Illumina HiSeq 2000,PAIRED,OTHER,METAGENOMIC,RANDOM,,EGAS00001001704,EGA00001822940,2021-02-04 15:58:37+01,2021-02-24 14:50:49+01
EGAX00002368061,MGSseq,MGS,,,,ILLUMINA,Illumina HiSeq 2000,PAIRED,OTHER,METAGENOMIC,RANDOM,,EGAS00001001704,EGA00001822940,2021-02-04 15:58:37+01,2021-02-24 14:50:49+01
EGAX00002368062,MGSseq,MGS,,,,ILLUMINA,Illumina HiSeq 2000,PAIRED,OTHER,METAGENOMIC,RANDOM,,EGAS00001001704,EGA00001822940,2021-02-04 15:58:37+01,2021-02-24 14:50:49+01
EGAX00002368063,MGSseq,MGS,,,,ILLUMINA,Illumina HiSeq 2000,PAIRED,OTHER,METAGENOMIC,RANDOM,,EGAS00001001704,EGA00001822940,2021-02-04 15:58:37+01,2021-02-24 14:50:49+01
EGAX00002368064,MGSseq,MGS,,,,ILLUMINA,Illumina HiSeq 2000,PAIRED,OTHER,METAGENOMIC,RANDOM,,EGAS00001001704,EGA00001822940,2021-02-04 15:58:37+01,2021-02-24 14:50:49+01
EGAX00002368065,MGSseq,MGS,,,,ILLUMINA,Illumina HiSeq 2000,PAIRED,OTHER,METAGENOMIC,RANDOM,,EGAS00001001704,EGA00001822940,2021-02-04 15:58:37+01,2021-02-24 14:50:49+01
EGAX00002368066,MGSseq,MGS,,,,ILLUMINA,Illumina HiSeq 2000,PAIRED,OTHER,METAGENOMIC,RANDOM,,EGAS00001001704,EGA00001822940,2021-02-04 15:58:37+01,2021-02-24 14:50:49+01
EGAX00002368067,MGSseq,MGS,,,,ILLUMINA,Illumina HiSeq 2000,PAIRED,OTHER,METAGENOMIC,RANDOM,,EGAS00001001704,EGA00001822940,2021-02-04 15:58:37+01,2021-02-24 14:50:49+01
EGAX00002368068,MGSseq,MGS,,,,ILLUMINA,Illumina HiSeq 2000,PAIRED,OTHER,METAGENOMIC,RANDOM,,EGAS00001001704,EGA00001822940,2021-02-04 15:58:37+01,2021-02-24 14:50:49+01
EGAX00002368069,MGSseq,MGS,,,,ILLUMINA,Illumina HiSeq 2000,PAIRED,OTHER,METAGENOMIC,RANDOM,,EGAS00001001704,EGA00001822940,2021-02-04 15:58:37+01,2021-02-24 14:50:50+01
EGAX00002368070,MGSseq,MGS,,,,ILLUMINA,Illumina HiSeq 2000,PAIRED,OTHER,METAGENOMIC,RANDOM,,EGAS00001001704,EGA00001822940,2021-02-04 15:58:37+01,2021-02-24 14:50:50+01
EGAX00002368071,MGSseq,MGS,,,,ILLUMINA,Illumina HiSeq 2000,PAIRED,OTHER,METAGENOMIC,RANDOM,,EGAS00001001704,EGA00001822940,2021-02-04 15:58:37+01,2021-02-24 14:50:50+01
EGAX00002368072,MGSseq,MGS,,,,ILLUMINA,Illumina HiSeq 2000,PAIRED,OTHER,METAGENOMIC,RANDOM,,EGAS00001001704,EGA00001822940,2021-02-04 15:58:37+01,2021-02-24 14:50:50+01
EGAX00002368073,MGSseq,MGS,,,,ILLUMINA,Illumina HiSeq 2000,PAIRED,OTHER,METAGENOMIC,RANDOM,,EGAS00001001704,EGA00001822940,2021-02-04 15:58:37+01,2021-02-24 14:50:50+01
EGAX00002368074,MGSseq,MGS,,,,ILLUMINA,Illumina HiSeq 2000,PAIRED,OTHER,METAGENOMIC,RANDOM,,EGAS00001001704,EGA00001822940,2021-02-04 15:58:37+01,2021-02-24 14:50:50+01
EGAX00002368075,MGSseq,MGS,,,,ILLUMINA,Illumina HiSeq 2000,PAIRED,OTHER,METAGENOMIC,RANDOM,,EGAS00001001704,EGA00001822940,2021-02-04 15:58:37+01,2021-02-24 14:50:50+01
EGAX00002368076,MGSseq,MGS,,,,ILLUMINA,Illumina HiSeq 2000,PAIRED,OTHER,METAGENOMIC,RANDOM,,EGAS00001001704,EGA00001822940,2021-02-04 15:58:37+01,2021-02-24 14:50:50+01
EGAX00002368077,MGSseq,MGS,,,,ILLUMINA,Illumina HiSeq 2000,PAIRED,OTHER,METAGENOMIC,RANDOM,,EGAS00001001704,EGA00001822940,2021-02-04 15:58:37+01,2021-02-24 14:50:50+01
EGAX00002368078,MGSseq,MGS,,,,ILLUMINA,Illumina HiSeq 2000,PAIRED,OTHER,METAGENOMIC,RANDOM,,EGAS00001001704,EGA00001822940,2021-02-04 15:58:37+01,2021-02-24 14:50:50+01
EGAX00002368079,MGSseq,MGS,,,,ILLUMINA,Illumina HiSeq 2000,PAIRED,OTHER,METAGENOMIC,RANDOM,,EGAS00001001704,EGA00001822940,2021-02-04 15:58:37+01,2021-02-24 14:50:50+01
EGAX00002368080,MGSseq,MGS,,,,ILLUMINA,Illumina HiSeq 2000,PAIRED,OTHER,METAGENOMIC,RANDOM,,EGAS00001001704,EGA00001822940,2021-02-04 15:58:37+01,2021-02-24 14:50:50+01
EGAX00002368081,MGSseq,MGS,,,,ILLUMINA,Illumina HiSeq 2000,PAIRED,OTHER,METAGENOMIC,RANDOM,,EGAS00001001704,EGA00001822940,2021-02-04 15:58:37+01,2021-02-24 14:50:50+01
EGAX00002368082,MGSseq,MGS,,,,ILLUMINA,Illumina HiSeq 2000,PAIRED,OTHER,METAGENOMIC,RANDOM,,EGAS00001001704,EGA00001822940,2021-02-04 15:58:37+01,2021-02-24 14:50:50+01
EGAX00002368083,MGSseq,MGS,,,,ILLUMINA,Illumina HiSeq 2000,PAIRED,OTHER,METAGENOMIC,RANDOM,,EGAS00001001704,EGA00001822940,2021-02-04 15:58:37+01,2021-02-24 14:50:50+01
EGAX00002368084,MGSseq,MGS,,,,ILLUMINA,Illumina HiSeq 2000,PAIRED,OTHER,METAGENOMIC,RANDOM,,EGAS00001001704,EGA00001822940,2021-02-04 15:58:37+01,2021-02-24 14:50:50+01
EGAX00002368085,MGSseq,MGS,,,,ILLUMINA,Illumina HiSeq 2000,PAIRED,OTHER,METAGENOMIC,RANDOM,,EGAS00001001704,EGA00001822940,2021-02-04 15:58:37+01,2021-02-24 14:50:50+01
EGAX00002368086,MGSseq,MGS,,,,ILLUMINA,Illumina HiSeq 2000,PAIRED,OTHER,METAGENOMIC,RANDOM,,EGAS00001001704,EGA00001822940,2021-02-04 15:58:37+01,2021-02-24 14:50:50+01
EGAX00002368087,MGSseq,MGS,,,,ILLUMINA,Illumina HiSeq 2000,PAIRED,OTHER,METAGENOMIC,RANDOM,,EGAS00001001704,EGA00001822940,2021-02-04 15:58:37+01,2021-02-24 14:50:50+01
EGAX00002368088,MGSseq,MGS,,,,ILLUMINA,Illumina HiSeq 2000,PAIRED,OTHER,METAGENOMIC,RANDOM,,EGAS00001001704,EGA00001822940,2021-02-04 15:58:38+01,2021-02-24 14:50:50+01
EGAX00002368089,MGSseq,MGS,,,,ILLUMINA,Illumina HiSeq 2000,PAIRED,OTHER,METAGENOMIC,RANDOM,,EGAS00001001704,EGA00001822940,2021-02-04 15:58:38+01,2021-02-24 14:50:50+01
EGAX00002368090,MGSseq,MGS,,,,ILLUMINA,Illumina HiSeq 2000,PAIRED,OTHER,METAGENOMIC,RANDOM,,EGAS00001001704,EGA00001822940,2021-02-04 15:58:38+01,2021-02-24 14:50:50+01
EGAX00002368091,MGSseq,MGS,,,,ILLUMINA,Illumina HiSeq 2000,PAIRED,OTHER,METAGENOMIC,RANDOM,,EGAS00001001704,EGA00001822940,2021-02-04 15:58:38+01,2021-02-24 14:50:50+01
EGAX00002368092,MGSseq,MGS,,,,ILLUMINA,Illumina HiSeq 2000,PAIRED,OTHER,METAGENOMIC,RANDOM,,EGAS00001001704,EGA00001822940,2021-02-04 15:58:38+01,2021-02-24 14:50:50+01
EGAX00002368093,MGSseq,MGS,,,,ILLUMINA,Illumina HiSeq 2000,PAIRED,OTHER,METAGENOMIC,RANDOM,,EGAS00001001704,EGA00001822940,2021-02-04 15:58:38+01,2021-02-24 14:50:50+01
EGAX00002368094,MGSseq,MGS,,,,ILLUMINA,Illumina HiSeq 2000,PAIRED,OTHER,METAGENOMIC,RANDOM,,EGAS00001001704,EGA00001822940,2021-02-04 15:58:38+01,2021-02-24 14:50:50+01
EGAX00002368095,MGSseq,MGS,,,,ILLUMINA,Illumina HiSeq 2000,PAIRED,OTHER,METAGENOMIC,RANDOM,,EGAS00001001704,EGA00001822940,2021-02-04 15:58:38+01,2021-02-24 14:50:50+01
EGAX00002368096,MGSseq,MGS,,,,ILLUMINA,Illumina HiSeq 2000,PAIRED,OTHER,METAGENOMIC,RANDOM,,EGAS00001001704,EGA00001822940,2021-02-04 15:58:38+01,2021-02-24 14:50:50+01
EGAX00002368097,MGSseq,MGS,,,,ILLUMINA,Illumina HiSeq 2000,PAIRED,OTHER,METAGENOMIC,RANDOM,,EGAS00001001704,EGA00001822940,2021-02-04 15:58:38+01,2021-02-24 14:50:50+01
EGAX00002368098,MGSseq,MGS,,,,ILLUMINA,Illumina HiSeq 2000,PAIRED,OTHER,METAGENOMIC,RANDOM,,EGAS00001001704,EGA00001822940,2021-02-04 15:58:38+01,2021-02-24 14:50:50+01
EGAX00002368099,MGSseq,MGS,,,,ILLUMINA,Illumina HiSeq 2000,PAIRED,OTHER,METAGENOMIC,RANDOM,,EGAS00001001704,EGA00001822940,2021-02-04 15:58:38+01,2021-02-24 14:50:50+01
EGAX00002368100,MGSseq,MGS,,,,ILLUMINA,Illumina HiSeq 2000,PAIRED,OTHER,METAGENOMIC,RANDOM,,EGAS00001001704,EGA00001822940,2021-02-04 15:58:38+01,2021-02-24 14:50:50+01
EGAX00002368101,MGSseq,MGS,,,,ILLUMINA,Illumina HiSeq 2000,PAIRED,OTHER,METAGENOMIC,RANDOM,,EGAS00001001704,EGA00001822940,2021-02-04 15:58:38+01,2021-02-24 14:50:50+01
EGAX00002368102,MGSseq,MGS,,,,ILLUMINA,Illumina HiSeq 2000,PAIRED,OTHER,METAGENOMIC,RANDOM,,EGAS00001001704,EGA00001822940,2021-02-04 15:58:38+01,2021-02-24 14:50:50+01
EGAX00002368103,MGSseq,MGS,,,,ILLUMINA,Illumina HiSeq 2000,PAIRED,OTHER,METAGENOMIC,RANDOM,,EGAS00001001704,EGA00001822940,2021-02-04 15:58:38+01,2021-02-24 14:50:50+01
EGAX00002368104,MGSseq,MGS,,,,ILLUMINA,Illumina HiSeq 2000,PAIRED,OTHER,METAGENOMIC,RANDOM,,EGAS00001001704,EGA00001822940,2021-02-04 15:58:38+01,2021-02-24 14:50:50+01
EGAX00002368105,MGSseq,MGS,,,,ILLUMINA,Illumina HiSeq 2000,PAIRED,OTHER,METAGENOMIC,RANDOM,,EGAS00001001704,EGA00001822940,2021-02-04 15:58:38+01,2021-02-24 14:50:50+01
EGAX00002368106,MGSseq,MGS,,,,ILLUMINA,Illumina HiSeq 2000,PAIRED,OTHER,METAGENOMIC,RANDOM,,EGAS00001001704,EGA00001822940,2021-02-04 15:58:38+01,2021-02-24 14:50:50+01
EGAX00002368107,MGSseq,MGS,,,,ILLUMINA,Illumina HiSeq 2000,PAIRED,OTHER,METAGENOMIC,RANDOM,,EGAS00001001704,EGA00001822940,2021-02-04 15:58:38+01,2021-02-24 14:50:50+01
EGAX00002368108,MGSseq,MGS,,,,ILLUMINA,Illumina HiSeq 2000,PAIRED,OTHER,METAGENOMIC,RANDOM,,EGAS00001001704,EGA00001822940,2021-02-04 15:58:38+01,2021-02-24 14:50:50+01
EGAX00002368109,MGSseq,MGS,,,,ILLUMINA,Illumina HiSeq 2000,PAIRED,OTHER,METAGENOMIC,RANDOM,,EGAS00001001704,EGA00001822940,2021-02-04 15:58:38+01,2021-02-24 14:50:50+01
EGAX00002368110,MGSseq,MGS,,,,ILLUMINA,Illumina HiSeq 2000,PAIRED,OTHER,METAGENOMIC,RANDOM,,EGAS00001001704,EGA00001822940,2021-02-04 15:58:38+01,2021-02-24 14:50:50+01
EGAX00002368111,MGSseq,MGS,,,,ILLUMINA,Illumina HiSeq 2000,PAIRED,OTHER,METAGENOMIC,RANDOM,,EGAS00001001704,EGA00001822940,2021-02-04 15:58:38+01,2021-02-24 14:50:50+01
EGAX00002368112,MGSseq,MGS,,,,ILLUMINA,Illumina HiSeq 2000,PAIRED,OTHER,METAGENOMIC,RANDOM,,EGAS00001001704,EGA00001822940,2021-02-04 15:58:38+01,2021-02-24 14:50:50+01
EGAX00002368113,MGSseq,MGS,,,,ILLUMINA,Illumina HiSeq 2000,PAIRED,OTHER,METAGENOMIC,RANDOM,,EGAS00001001704,EGA00001822940,2021-02-04 15:58:38+01,2021-02-24 14:50:50+01
EGAX00002368114,MGSseq,MGS,,,,ILLUMINA,Illumina HiSeq 2000,PAIRED,OTHER,METAGENOMIC,RANDOM,,EGAS00001001704,EGA00001822940,2021-02-04 15:58:38+01,2021-02-24 14:50:50+01
EGAX00002368115,MGSseq,MGS,,,,ILLUMINA,Illumina HiSeq 2000,PAIRED,OTHER,METAGENOMIC,RANDOM,,EGAS00001001704,EGA00001822940,2021-02-04 15:58:38+01,2021-02-24 14:50:50+01
EGAX00002368116,MGSseq,MGS,,,,ILLUMINA,Illumina HiSeq 2000,PAIRED,OTHER,METAGENOMIC,RANDOM,,EGAS00001001704,EGA00001822940,2021-02-04 15:58:38+01,2021-02-24 14:50:50+01
EGAX00002368117,MGSseq,MGS,,,,ILLUMINA,Illumina HiSeq 2000,PAIRED,OTHER,METAGENOMIC,RANDOM,,EGAS00001001704,EGA00001822940,2021-02-04 15:58:38+01,2021-02-24 14:50:50+01
EGAX00002368118,MGSseq,MGS,,,,ILLUMINA,Illumina HiSeq 2000,PAIRED,OTHER,METAGENOMIC,RANDOM,,EGAS00001001704,EGA00001822940,2021-02-04 15:58:38+01,2021-02-24 14:50:50+01
EGAX00002368119,MGSseq,MGS,,,,ILLUMINA,Illumina HiSeq 2000,PAIRED,OTHER,METAGENOMIC,RANDOM,,EGAS00001001704,EGA00001822940,2021-02-04 15:58:38+01,2021-02-24 14:50:50+01
EGAX00002368120,MGSseq,MGS,,,,ILLUMINA,Illumina HiSeq 2000,PAIRED,OTHER,METAGENOMIC,RANDOM,,EGAS00001001704,EGA00001822940,2021-02-04 15:58:38+01,2021-02-24 14:50:50+01
EGAX00002368121,MGSseq,MGS,,,,ILLUMINA,Illumina HiSeq 2000,PAIRED,OTHER,METAGENOMIC,RANDOM,,EGAS00001001704,EGA00001822940,2021-02-04 15:58:38+01,2021-02-24 14:50:50+01
EGAX00002368122,MGSseq,MGS,,,,ILLUMINA,Illumina HiSeq 2000,PAIRED,OTHER,METAGENOMIC,RANDOM,,EGAS00001001704,EGA00001822940,2021-02-04 15:58:38+01,2021-02-24 14:50:50+01
EGAX00002368123,MGSseq,MGS,,,,ILLUMINA,Illumina HiSeq 2000,PAIRED,OTHER,METAGENOMIC,RANDOM,,EGAS00001001704,EGA00001822940,2021-02-04 15:58:38+01,2021-02-24 14:50:50+01
EGAX00002368124,MGSseq,MGS,,,,ILLUMINA,Illumina HiSeq 2000,PAIRED,OTHER,METAGENOMIC,RANDOM,,EGAS00001001704,EGA00001822940,2021-02-04 15:58:38+01,2021-02-24 14:50:50+01
EGAX00002368125,MGSseq,MGS,,,,ILLUMINA,Illumina HiSeq 2000,PAIRED,OTHER,METAGENOMIC,RANDOM,,EGAS00001001704,EGA00001822940,2021-02-04 15:58:38+01,2021-02-24 14:50:50+01
EGAX00002368126,MGSseq,MGS,,,,ILLUMINA,Illumina HiSeq 2000,PAIRED,OTHER,METAGENOMIC,RANDOM,,EGAS00001001704,EGA00001822940,2021-02-04 15:58:38+01,2021-02-24 14:50:50+01
EGAX00002368127,MGSseq,MGS,,,,ILLUMINA,Illumina HiSeq 2000,PAIRED,OTHER,METAGENOMIC,RANDOM,,EGAS00001001704,EGA00001822940,2021-02-04 15:58:38+01,2021-02-24 14:50:50+01
EGAX00002368128,MGSseq,MGS,,,,ILLUMINA,Illumina HiSeq 2000,PAIRED,OTHER,METAGENOMIC,RANDOM,,EGAS00001001704,EGA00001822940,2021-02-04 15:58:38+01,2021-02-24 14:50:50+01
EGAX00002368129,MGSseq,MGS,,,,ILLUMINA,Illumina HiSeq 2000,PAIRED,OTHER,METAGENOMIC,RANDOM,,EGAS00001001704,EGA00001822940,2021-02-04 15:58:38+01,2021-02-24 14:50:50+01
EGAX00002368130,MGSseq,MGS,,,,ILLUMINA,Illumina HiSeq 2000,PAIRED,OTHER,METAGENOMIC,RANDOM,,EGAS00001001704,EGA00001822940,2021-02-04 15:58:38+01,2021-02-24 14:50:50+01
EGAX00002368131,MGSseq,MGS,,,,ILLUMINA,Illumina HiSeq 2000,PAIRED,OTHER,METAGENOMIC,RANDOM,,EGAS00001001704,EGA00001822940,2021-02-04 15:58:38+01,2021-02-24 14:50:50+01
EGAX00002368132,MGSseq,MGS,,,,ILLUMINA,Illumina HiSeq 2000,PAIRED,OTHER,METAGENOMIC,RANDOM,,EGAS00001001704,EGA00001822940,2021-02-04 15:58:38+01,2021-02-24 14:50:50+01
EGAX00002368133,MGSseq,MGS,,,,ILLUMINA,Illumina HiSeq 2000,PAIRED,OTHER,METAGENOMIC,RANDOM,,EGAS00001001704,EGA00001822940,2021-02-04 15:58:38+01,2021-02-24 14:50:50+01
EGAX00002368134,MGSseq,MGS,,,,ILLUMINA,Illumina HiSeq 2000,PAIRED,OTHER,METAGENOMIC,RANDOM,,EGAS00001001704,EGA00001822940,2021-02-04 15:58:38+01,2021-02-24 14:50:50+01
EGAX00002368135,MGSseq,MGS,,,,ILLUMINA,Illumina HiSeq 2000,PAIRED,OTHER,METAGENOMIC,RANDOM,,EGAS00001001704,EGA00001822940,2021-02-04 15:58:38+01,2021-02-24 14:50:50+01
EGAX00002368136,MGSseq,MGS,,,,ILLUMINA,Illumina HiSeq 2000,PAIRED,OTHER,METAGENOMIC,RANDOM,,EGAS00001001704,EGA00001822940,2021-02-04 15:58:38+01,2021-02-24 14:50:50+01
EGAX00002368137,MGSseq,MGS,,,,ILLUMINA,Illumina HiSeq 2000,PAIRED,OTHER,METAGENOMIC,RANDOM,,EGAS00001001704,EGA00001822940,2021-02-04 15:58:38+01,2021-02-24 14:50:50+01
EGAX00002368138,MGSseq,MGS,,,,ILLUMINA,Illumina HiSeq 2000,PAIRED,OTHER,METAGENOMIC,RANDOM,,EGAS00001001704,EGA00001822940,2021-02-04 15:58:38+01,2021-02-24 14:50:50+01
EGAX00002368139,MGSseq,MGS,,,,ILLUMINA,Illumina HiSeq 2000,PAIRED,OTHER,METAGENOMIC,RANDOM,,EGAS00001001704,EGA00001822940,2021-02-04 15:58:38+01,2021-02-24 14:50:50+01
EGAX00002368140,MGSseq,MGS,,,,ILLUMINA,Illumina HiSeq 2000,PAIRED,OTHER,METAGENOMIC,RANDOM,,EGAS00001001704,EGA00001822940,2021-02-04 15:58:38+01,2021-02-24 14:50:50+01
EGAX00002368141,MGSseq,MGS,,,,ILLUMINA,Illumina HiSeq 2000,PAIRED,OTHER,METAGENOMIC,RANDOM,,EGAS00001001704,EGA00001822940,2021-02-04 15:58:38+01,2021-02-24 14:50:50+01
EGAX00002368142,MGSseq,MGS,,,,ILLUMINA,Illumina HiSeq 2000,PAIRED,OTHER,METAGENOMIC,RANDOM,,EGAS00001001704,EGA00001822940,2021-02-04 15:58:38+01,2021-02-24 14:50:50+01
EGAX00002368143,MGSseq,MGS,,,,ILLUMINA,Illumina HiSeq 2000,PAIRED,OTHER,METAGENOMIC,RANDOM,,EGAS00001001704,EGA00001822940,2021-02-04 15:58:38+01,2021-02-24 14:50:50+01
EGAX00002368144,MGSseq,MGS,,,,ILLUMINA,Illumina HiSeq 2000,PAIRED,OTHER,METAGENOMIC,RANDOM,,EGAS00001001704,EGA00001822940,2021-02-04 15:58:38+01,2021-02-24 14:50:50+01
EGAX00002368145,MGSseq,MGS,,,,ILLUMINA,Illumina HiSeq 2000,PAIRED,OTHER,METAGENOMIC,RANDOM,,EGAS00001001704,EGA00001822940,2021-02-04 15:58:38+01,2021-02-24 14:50:50+01
EGAX00002368146,MGSseq,MGS,,,,ILLUMINA,Illumina HiSeq 2000,PAIRED,OTHER,METAGENOMIC,RANDOM,,EGAS00001001704,EGA00001822940,2021-02-04 15:58:38+01,2021-02-24 14:50:50+01
EGAX00002368147,MGSseq,MGS,,,,ILLUMINA,Illumina HiSeq 2000,PAIRED,OTHER,METAGENOMIC,RANDOM,,EGAS00001001704,EGA00001822940,2021-02-04 15:58:38+01,2021-02-24 14:50:50+01
EGAX00002368148,MGSseq,MGS,,,,ILLUMINA,Illumina HiSeq 2000,PAIRED,OTHER,METAGENOMIC,RANDOM,,EGAS00001001704,EGA00001822940,2021-02-04 15:58:38+01,2021-02-24 14:50:50+01
EGAX00002368149,MGSseq,MGS,,,,ILLUMINA,Illumina HiSeq 2000,PAIRED,OTHER,METAGENOMIC,RANDOM,,EGAS00001001704,EGA00001822940,2021-02-04 15:58:38+01,2021-02-24 14:50:50+01
EGAX00002368150,MGSseq,MGS,,,,ILLUMINA,Illumina HiSeq 2000,PAIRED,OTHER,METAGENOMIC,RANDOM,,EGAS00001001704,EGA00001822940,2021-02-04 15:58:38+01,2021-02-24 14:50:50+01
EGAX00002368151,MGSseq,MGS,,,,ILLUMINA,Illumina HiSeq 2000,PAIRED,OTHER,METAGENOMIC,RANDOM,,EGAS00001001704,EGA00001822940,2021-02-04 15:58:38+01,2021-02-24 14:50:50+01
EGAX00002368152,MGSseq,MGS,,,,ILLUMINA,Illumina HiSeq 2000,PAIRED,OTHER,METAGENOMIC,RANDOM,,EGAS00001001704,EGA00001822940,2021-02-04 15:58:38+01,2021-02-24 14:50:50+01
EGAX00002368153,MGSseq,MGS,,,,ILLUMINA,Illumina HiSeq 2000,PAIRED,OTHER,METAGENOMIC,RANDOM,,EGAS00001001704,EGA00001822940,2021-02-04 15:58:38+01,2021-02-24 14:50:50+01
EGAX00002368154,MGSseq,MGS,,,,ILLUMINA,Illumina HiSeq 2000,PAIRED,OTHER,METAGENOMIC,RANDOM,,EGAS00001001704,EGA00001822940,2021-02-04 15:58:38+01,2021-02-24 14:50:50+01
EGAX00002368155,MGSseq,MGS,,,,ILLUMINA,Illumina HiSeq 2000,PAIRED,OTHER,METAGENOMIC,RANDOM,,EGAS00001001704,EGA00001822940,2021-02-04 15:58:38+01,2021-02-24 14:50:50+01
EGAX00002368156,MGSseq,MGS,,,,ILLUMINA,Illumina HiSeq 2000,PAIRED,OTHER,METAGENOMIC,RANDOM,,EGAS00001001704,EGA00001822940,2021-02-04 15:58:38+01,2021-02-24 14:50:50+01
EGAX00002368157,MGSseq,MGS,,,,ILLUMINA,Illumina HiSeq 2000,PAIRED,OTHER,METAGENOMIC,RANDOM,,EGAS00001001704,EGA00001822940,2021-02-04 15:58:38+01,2021-02-24 14:50:50+01
EGAX00002368158,MGSseq,MGS,,,,ILLUMINA,Illumina HiSeq 2000,PAIRED,OTHER,METAGENOMIC,RANDOM,,EGAS00001001704,EGA00001822940,2021-02-04 15:58:38+01,2021-02-24 14:50:50+01
EGAX00002368159,MGSseq,MGS,,,,ILLUMINA,Illumina HiSeq 2000,PAIRED,OTHER,METAGENOMIC,RANDOM,,EGAS00001001704,EGA00001822940,2021-02-04 15:58:38+01,2021-02-24 14:50:50+01
EGAX00002368160,MGSseq,MGS,,,,ILLUMINA,Illumina HiSeq 2000,PAIRED,OTHER,METAGENOMIC,RANDOM,,EGAS00001001704,EGA00001822940,2021-02-04 15:58:38+01,2021-02-24 14:50:50+01
EGAX00002368161,MGSseq,MGS,,,,ILLUMINA,Illumina HiSeq 2000,PAIRED,OTHER,METAGENOMIC,RANDOM,,EGAS00001001704,EGA00001822940,2021-02-04 15:58:38+01,2021-02-24 14:50:50+01
EGAX00002368162,MGSseq,MGS,,,,ILLUMINA,Illumina HiSeq 2000,PAIRED,OTHER,METAGENOMIC,RANDOM,,EGAS00001001704,EGA00001822940,2021-02-04 15:58:38+01,2021-02-24 14:50:50+01
EGAX00002368163,MGSseq,MGS,,,,ILLUMINA,Illumina HiSeq 2000,PAIRED,OTHER,METAGENOMIC,RANDOM,,EGAS00001001704,EGA00001822940,2021-02-04 15:58:39+01,2021-02-24 14:50:50+01
EGAX00002368164,MGSseq,MGS,,,,ILLUMINA,Illumina HiSeq 2000,PAIRED,OTHER,METAGENOMIC,RANDOM,,EGAS00001001704,EGA00001822940,2021-02-04 15:58:39+01,2021-02-24 14:50:50+01
EGAX00002368165,MGSseq,MGS,,,,ILLUMINA,Illumina HiSeq 2000,PAIRED,OTHER,METAGENOMIC,RANDOM,,EGAS00001001704,EGA00001822940,2021-02-04 15:58:39+01,2021-02-24 14:50:51+01
EGAX00002368166,MGSseq,MGS,,,,ILLUMINA,Illumina HiSeq 2000,PAIRED,OTHER,METAGENOMIC,RANDOM,,EGAS00001001704,EGA00001822940,2021-02-04 15:58:39+01,2021-02-24 14:50:51+01
EGAX00002368167,MGSseq,MGS,,,,ILLUMINA,Illumina HiSeq 2000,PAIRED,OTHER,METAGENOMIC,RANDOM,,EGAS00001001704,EGA00001822940,2021-02-04 15:58:39+01,2021-02-24 14:50:51+01
EGAX00002368168,MGSseq,MGS,,,,ILLUMINA,Illumina HiSeq 2000,PAIRED,OTHER,METAGENOMIC,RANDOM,,EGAS00001001704,EGA00001822940,2021-02-04 15:58:39+01,2021-02-24 14:50:51+01
EGAX00002368169,MGSseq,MGS,,,,ILLUMINA,Illumina HiSeq 2000,PAIRED,OTHER,METAGENOMIC,RANDOM,,EGAS00001001704,EGA00001822940,2021-02-04 15:58:39+01,2021-02-24 14:50:51+01
EGAX00002368170,MGSseq,MGS,,,,ILLUMINA,Illumina HiSeq 2000,PAIRED,OTHER,METAGENOMIC,RANDOM,,EGAS00001001704,EGA00001822940,2021-02-04 15:58:39+01,2021-02-24 14:50:51+01
EGAX00002368171,MGSseq,MGS,,,,ILLUMINA,Illumina HiSeq 2000,PAIRED,OTHER,METAGENOMIC,RANDOM,,EGAS00001001704,EGA00001822940,2021-02-04 15:58:39+01,2021-02-24 14:50:51+01
EGAX00002368172,MGSseq,MGS,,,,ILLUMINA,Illumina HiSeq 2000,PAIRED,OTHER,METAGENOMIC,RANDOM,,EGAS00001001704,EGA00001822940,2021-02-04 15:58:39+01,2021-02-24 14:50:51+01
EGAX00002368173,MGSseq,MGS,,,,ILLUMINA,Illumina HiSeq 2000,PAIRED,OTHER,METAGENOMIC,RANDOM,,EGAS00001001704,EGA00001822940,2021-02-04 15:58:39+01,2021-02-24 14:50:51+01
EGAX00002368174,MGSseq,MGS,,,,ILLUMINA,Illumina HiSeq 2000,PAIRED,OTHER,METAGENOMIC,RANDOM,,EGAS00001001704,EGA00001822940,2021-02-04 15:58:39+01,2021-02-24 14:50:51+01
EGAX00002368175,MGSseq,MGS,,,,ILLUMINA,Illumina HiSeq 2000,PAIRED,OTHER,METAGENOMIC,RANDOM,,EGAS00001001704,EGA00001822940,2021-02-04 15:58:39+01,2021-02-24 14:50:51+01
EGAX00002368176,MGSseq,MGS,,,,ILLUMINA,Illumina HiSeq 2000,PAIRED,OTHER,METAGENOMIC,RANDOM,,EGAS00001001704,EGA00001822940,2021-02-04 15:58:39+01,2021-02-24 14:50:51+01
EGAX00002368177,MGSseq,MGS,,,,ILLUMINA,Illumina HiSeq 2000,PAIRED,OTHER,METAGENOMIC,RANDOM,,EGAS00001001704,EGA00001822940,2021-02-04 15:58:39+01,2021-02-24 14:50:51+01
EGAX00002368178,MGSseq,MGS,,,,ILLUMINA,Illumina HiSeq 2000,PAIRED,OTHER,METAGENOMIC,RANDOM,,EGAS00001001704,EGA00001822940,2021-02-04 15:58:39+01,2021-02-24 14:50:51+01
EGAX00002368179,MGSseq,MGS,,,,ILLUMINA,Illumina HiSeq 2000,PAIRED,OTHER,METAGENOMIC,RANDOM,,EGAS00001001704,EGA00001822940,2021-02-04 15:58:39+01,2021-02-24 14:50:51+01
EGAX00002368180,MGSseq,MGS,,,,ILLUMINA,Illumina HiSeq 2000,PAIRED,OTHER,METAGENOMIC,RANDOM,,EGAS00001001704,EGA00001822940,2021-02-04 15:58:39+01,2021-02-24 14:50:51+01
EGAX00002368181,MGSseq,MGS,,,,ILLUMINA,Illumina HiSeq 2000,PAIRED,OTHER,METAGENOMIC,RANDOM,,EGAS00001001704,EGA00001822940,2021-02-04 15:58:39+01,2021-02-24 14:50:51+01
EGAX00002368182,MGSseq,MGS,,,,ILLUMINA,Illumina HiSeq 2000,PAIRED,OTHER,METAGENOMIC,RANDOM,,EGAS00001001704,EGA00001822940,2021-02-04 15:58:39+01,2021-02-24 14:50:51+01
EGAX00002368183,MGSseq,MGS,,,,ILLUMINA,Illumina HiSeq 2000,PAIRED,OTHER,METAGENOMIC,RANDOM,,EGAS00001001704,EGA00001822940,2021-02-04 15:58:39+01,2021-02-24 14:50:51+01
EGAX00002368184,MGSseq,MGS,,,,ILLUMINA,Illumina HiSeq 2000,PAIRED,OTHER,METAGENOMIC,RANDOM,,EGAS00001001704,EGA00001822940,2021-02-04 15:58:39+01,2021-02-24 14:50:51+01
EGAX00002368185,MGSseq,MGS,,,,ILLUMINA,Illumina HiSeq 2000,PAIRED,OTHER,METAGENOMIC,RANDOM,,EGAS00001001704,EGA00001822940,2021-02-04 15:58:39+01,2021-02-24 14:50:51+01
EGAX00002368186,MGSseq,MGS,,,,ILLUMINA,Illumina HiSeq 2000,PAIRED,OTHER,METAGENOMIC,RANDOM,,EGAS00001001704,EGA00001822940,2021-02-04 15:58:39+01,2021-02-24 14:50:51+01
EGAX00002368187,MGSseq,MGS,,,,ILLUMINA,Illumina HiSeq 2000,PAIRED,OTHER,METAGENOMIC,RANDOM,,EGAS00001001704,EGA00001822940,2021-02-04 15:58:39+01,2021-02-24 14:50:51+01
EGAX00002368188,MGSseq,MGS,,,,ILLUMINA,Illumina HiSeq 2000,PAIRED,OTHER,METAGENOMIC,RANDOM,,EGAS00001001704,EGA00001822940,2021-02-04 15:58:39+01,2021-02-24 14:50:51+01
EGAX00002368189,MGSseq,MGS,,,,ILLUMINA,Illumina HiSeq 2000,PAIRED,OTHER,METAGENOMIC,RANDOM,,EGAS00001001704,EGA00001822940,2021-02-04 15:58:39+01,2021-02-24 14:50:51+01
EGAX00002368190,MGSseq,MGS,,,,ILLUMINA,Illumina HiSeq 2000,PAIRED,OTHER,METAGENOMIC,RANDOM,,EGAS00001001704,EGA00001822940,2021-02-04 15:58:39+01,2021-02-24 14:50:51+01
EGAX00002368191,MGSseq,MGS,,,,ILLUMINA,Illumina HiSeq 2000,PAIRED,OTHER,METAGENOMIC,RANDOM,,EGAS00001001704,EGA00001822940,2021-02-04 15:58:39+01,2021-02-24 14:50:51+01
EGAX00002368192,MGSseq,MGS,,,,ILLUMINA,Illumina HiSeq 2000,PAIRED,OTHER,METAGENOMIC,RANDOM,,EGAS00001001704,EGA00001822940,2021-02-04 15:58:39+01,2021-02-24 14:50:51+01
EGAX00002368193,MGSseq,MGS,,,,ILLUMINA,Illumina HiSeq 2000,PAIRED,OTHER,METAGENOMIC,RANDOM,,EGAS00001001704,EGA00001822940,2021-02-04 15:58:39+01,2021-02-24 14:50:51+01
EGAX00002368194,MGSseq,MGS,,,,ILLUMINA,Illumina HiSeq 2000,PAIRED,OTHER,METAGENOMIC,RANDOM,,EGAS00001001704,EGA00001822940,2021-02-04 15:58:39+01,2021-02-24 14:50:51+01
EGAX00002368195,MGSseq,MGS,,,,ILLUMINA,Illumina HiSeq 2000,PAIRED,OTHER,METAGENOMIC,RANDOM,,EGAS00001001704,EGA00001822940,2021-02-04 15:58:39+01,2021-02-24 14:50:51+01
EGAX00002368196,MGSseq,MGS,,,,ILLUMINA,Illumina HiSeq 2000,PAIRED,OTHER,METAGENOMIC,RANDOM,,EGAS00001001704,EGA00001822940,2021-02-04 15:58:39+01,2021-02-24 14:50:51+01
EGAX00002368197,MGSseq,MGS,,,,ILLUMINA,Illumina HiSeq 2000,PAIRED,OTHER,METAGENOMIC,RANDOM,,EGAS00001001704,EGA00001822940,2021-02-04 15:58:39+01,2021-02-24 14:50:51+01
EGAX00002368198,MGSseq,MGS,,,,ILLUMINA,Illumina HiSeq 2000,PAIRED,OTHER,METAGENOMIC,RANDOM,,EGAS00001001704,EGA00001822940,2021-02-04 15:58:39+01,2021-02-24 14:50:51+01
EGAX00002368199,MGSseq,MGS,,,,ILLUMINA,Illumina HiSeq 2000,PAIRED,OTHER,METAGENOMIC,RANDOM,,EGAS00001001704,EGA00001822940,2021-02-04 15:58:39+01,2021-02-24 14:50:51+01
EGAX00002368200,MGSseq,MGS,,,,ILLUMINA,Illumina HiSeq 2000,PAIRED,OTHER,METAGENOMIC,RANDOM,,EGAS00001001704,EGA00001822940,2021-02-04 15:58:39+01,2021-02-24 14:50:51+01
EGAX00002368201,MGSseq,MGS,,,,ILLUMINA,Illumina HiSeq 2000,PAIRED,OTHER,METAGENOMIC,RANDOM,,EGAS00001001704,EGA00001822940,2021-02-04 15:58:39+01,2021-02-24 14:50:51+01
EGAX00002368202,MGSseq,MGS,,,,ILLUMINA,Illumina HiSeq 2000,PAIRED,OTHER,METAGENOMIC,RANDOM,,EGAS00001001704,EGA00001822940,2021-02-04 15:58:39+01,2021-02-24 14:50:51+01
EGAX00002368203,MGSseq,MGS,,,,ILLUMINA,Illumina HiSeq 2000,PAIRED,OTHER,METAGENOMIC,RANDOM,,EGAS00001001704,EGA00001822940,2021-02-04 15:58:39+01,2021-02-24 14:50:51+01
EGAX00002368204,MGSseq,MGS,,,,ILLUMINA,Illumina HiSeq 2000,PAIRED,OTHER,METAGENOMIC,RANDOM,,EGAS00001001704,EGA00001822940,2021-02-04 15:58:39+01,2021-02-24 14:50:51+01
EGAX00002368205,MGSseq,MGS,,,,ILLUMINA,Illumina HiSeq 2000,PAIRED,OTHER,METAGENOMIC,RANDOM,,EGAS00001001704,EGA00001822940,2021-02-04 15:58:39+01,2021-02-24 14:50:51+01
EGAX00002368206,MGSseq,MGS,,,,ILLUMINA,Illumina HiSeq 2000,PAIRED,OTHER,METAGENOMIC,RANDOM,,EGAS00001001704,EGA00001822940,2021-02-04 15:58:39+01,2021-02-24 14:50:51+01
EGAX00002368207,MGSseq,MGS,,,,ILLUMINA,Illumina HiSeq 2000,PAIRED,OTHER,METAGENOMIC,RANDOM,,EGAS00001001704,EGA00001822940,2021-02-04 15:58:39+01,2021-02-24 14:50:51+01
EGAX00002368208,MGSseq,MGS,,,,ILLUMINA,Illumina HiSeq 2000,PAIRED,OTHER,METAGENOMIC,RANDOM,,EGAS00001001704,EGA00001822940,2021-02-04 15:58:39+01,2021-02-24 14:50:51+01
EGAX00002368209,MGSseq,MGS,,,,ILLUMINA,Illumina HiSeq 2000,PAIRED,OTHER,METAGENOMIC,RANDOM,,EGAS00001001704,EGA00001822940,2021-02-04 15:58:39+01,2021-02-24 14:50:51+01
EGAX00002368210,MGSseq,MGS,,,,ILLUMINA,Illumina HiSeq 2000,PAIRED,OTHER,METAGENOMIC,RANDOM,,EGAS00001001704,EGA00001822940,2021-02-04 15:58:39+01,2021-02-24 14:50:51+01
EGAX00002368211,MGSseq,MGS,,,,ILLUMINA,Illumina HiSeq 2000,PAIRED,OTHER,METAGENOMIC,RANDOM,,EGAS00001001704,EGA00001822940,2021-02-04 15:58:39+01,2021-02-24 14:50:51+01
EGAX00002368212,MGSseq,MGS,,,,ILLUMINA,Illumina HiSeq 2000,PAIRED,OTHER,METAGENOMIC,RANDOM,,EGAS00001001704,EGA00001822940,2021-02-04 15:58:39+01,2021-02-24 14:50:51+01
EGAX00002368213,MGSseq,MGS,,,,ILLUMINA,Illumina HiSeq 2000,PAIRED,OTHER,METAGENOMIC,RANDOM,,EGAS00001001704,EGA00001822940,2021-02-04 15:58:39+01,2021-02-24 14:50:51+01
EGAX00002368214,MGSseq,MGS,,,,ILLUMINA,Illumina HiSeq 2000,PAIRED,OTHER,METAGENOMIC,RANDOM,,EGAS00001001704,EGA00001822940,2021-02-04 15:58:39+01,2021-02-24 14:50:51+01
EGAX00002368215,MGSseq,MGS,,,,ILLUMINA,Illumina HiSeq 2000,PAIRED,OTHER,METAGENOMIC,RANDOM,,EGAS00001001704,EGA00001822940,2021-02-04 15:58:39+01,2021-02-24 14:50:51+01
EGAX00002368216,MGSseq,MGS,,,,ILLUMINA,Illumina HiSeq 2000,PAIRED,OTHER,METAGENOMIC,RANDOM,,EGAS00001001704,EGA00001822940,2021-02-04 15:58:39+01,2021-02-24 14:50:51+01
