sample_alias,sample_accession_id,biosample_id,run_accession_id,experiment_accession_id,study_accession_id,sample_attributes
2009000001576810_4yearsFollowUpMGS,EGAN00002854491,SAMEA7985202,EGAR00002589088,EGAX00002368171,EGAS00001001704,ENA-CHECKLIST=ERC000026;organism_part=stool
2009000001589950_4yearsFollowUpMGS,EGAN00002854365,SAMEA7985040,EGAR00002588828,EGAX00002367911,EGAS00001001704,ENA-CHECKLIST=ERC000026;organism_part=stool
9002000001160621_4yearsFollowUpMGS,EGAN00002854520,SAMEA7985231,EGAR00002588886,EGAX00002367969,EGAS00001001704,ENA-CHECKLIST=ERC000026;organism_part=stool
9002000001169770_4yearsFollowUpMGS,EGAN00002854525,SAMEA7985236,EGAR00002588891,EGAX00002367974,EGAS00001001704,ENA-CHECKLIST=ERC000026;organism_part=stool
9002000001172112_4yearsFollowUpMGS,EGAN00002854439,SAMEA7985150,EGAR00002588930,EGAX00002368013,EGAS00001001704,ENA-CHECKLIST=ERC000026;organism_part=stool
9002000001172687_4yearsFollowUpMGS,EGAN00002854410,SAMEA7985121,EGAR00002588808,EGAX00002367891,EGAS00001001704,ENA-CHECKLIST=ERC000026;organism_part=stool
9002000001178386_4yearsFollowUpMGS,EGAN00002854401,SAMEA7985112,EGAR00002588816,EGAX00002367899,EGAS00001001704,ENA-CHECKLIST=ERC000026;organism_part=stool
9002000001178680_4yearsFollowUpMGS,EGAN00002854542,SAMEA7985303,EGAR00002588927,EGAX00002368010,EGAS00001001704,ENA-CHECKLIST=ERC000026;organism_part=stool
9002000001184329_4yearsFollowUpMGS,EGAN00002854436,SAMEA7985147,EGAR00002588922,EGAX00002368005,EGAS00001001704,ENA-CHECKLIST=ERC000026;organism_part=stool
9002000001186403_4yearsFollowUpMGS,EGAN00002854442,SAMEA7985153,EGAR00002588924,EGAX00002368007,EGAS00001001704,ENA-CHECKLIST=ERC000026;organism_part=stool
9002000001187760_4yearsFollowUpMGS,EGAN00002854404,SAMEA7985115,EGAR00002588814,EGAX00002367897,EGAS00001001704,ENA-CHECKLIST=ERC000026;organism_part=stool
9002000001191969_4yearsFollowUpMGS,EGAN00002854400,SAMEA7985111,EGAR00002588817,EGAX00002367900,EGAS00001001704,ENA-CHECKLIST=ERC000026;organism_part=stool
9002000001196698_4yearsFollowUpMGS,EGAN00002854555,SAMEA7985316,EGAR00002588942,EGAX00002368025,EGAS00001001704,ENA-CHECKLIST=ERC000026;organism_part=stool
9002000001200638_4yearsFollowUpMGS,EGAN00002854430,SAMEA7985141,EGAR00002588916,EGAX00002367999,EGAS00001001704,ENA-CHECKLIST=ERC000026;organism_part=stool
9002000001202507_4yearsFollowUpMGS,EGAN00002854558,SAMEA7985319,EGAR00002588945,EGAX00002368028,EGAS00001001704,ENA-CHECKLIST=ERC000026;organism_part=stool
9002000001202875_4yearsFollowUpMGS,EGAN00002854563,SAMEA7985324,EGAR00002588950,EGAX00002368033,EGAS00001001704,ENA-CHECKLIST=ERC000026;organism_part=stool
9002000001203943_4yearsFollowUpMGS,EGAN00002854538,SAMEA7985299,EGAR00002588904,EGAX00002367987,EGAS00001001704,ENA-CHECKLIST=ERC000026;organism_part=stool
9002000001206364_4yearsFollowUpMGS,EGAN00002854419,SAMEA7985130,EGAR00002588799,EGAX00002367882,EGAS00001001704,ENA-CHECKLIST=ERC000026;organism_part=stool
9002000001206711LL_4yearsFollowUpMGS,EGAN00002854570,SAMEA7985331,EGAR00002588957,EGAX00002368040,EGAS00001001704,ENA-CHECKLIST=ERC000026;organism_part=stool
9002000001208627_4yearsFollowUpMGS,EGAN00002854358,SAMEA7985033,EGAR00002588835,EGAX00002367918,EGAS00001001704,ENA-CHECKLIST=ERC000026;organism_part=stool
9002000001211023_4yearsFollowUpMGS,EGAN00002854524,SAMEA7985235,EGAR00002588890,EGAX00002367973,EGAS00001001704,ENA-CHECKLIST=ERC000026;organism_part=stool
9002000001212011_4yearsFollowUpMGS,EGAN00002854562,SAMEA7985323,EGAR00002588949,EGAX00002368032,EGAS00001001704,ENA-CHECKLIST=ERC000026;organism_part=stool
9002000001214562_4yearsFollowUpMGS,EGAN00002854569,SAMEA7985330,EGAR00002588956,EGAX00002368039,EGAS00001001704,ENA-CHECKLIST=ERC000026;organism_part=stool
9002000001214606_4yearsFollowUpMGS,EGAN00002854553,SAMEA7985314,EGAR00002588935,EGAX00002368018,EGAS00001001704,ENA-CHECKLIST=ERC000026;organism_part=stool
9002000001214947_4yearsFollowUpMGS,EGAN00002854552,SAMEA7985313,EGAR00002588934,EGAX00002368017,EGAS00001001704,ENA-CHECKLIST=ERC000026;organism_part=stool
9002000001215917_4yearsFollowUpMGS,EGAN00002854528,SAMEA7985239,EGAR00002588894,EGAX00002367977,EGAS00001001704,ENA-CHECKLIST=ERC000026;organism_part=stool
9002000001222690_4yearsFollowUpMGS,EGAN00002854433,SAMEA7985144,EGAR00002588920,EGAX00002368003,EGAS00001001704,ENA-CHECKLIST=ERC000026;organism_part=stool
9002000001225234_4yearsFollowUpMGS,EGAN00002854398,SAMEA7985109,EGAR00002588819,EGAX00002367902,EGAS00001001704,ENA-CHECKLIST=ERC000026;organism_part=stool
9002000001225833_4yearsFollowUpMGS,EGAN00002854529,SAMEA7985240,EGAR00002588895,EGAX00002367978,EGAS00001001704,ENA-CHECKLIST=ERC000026;organism_part=stool
9002000001226278LL_4yearsFollowUpMGS,EGAN00002854572,SAMEA7985333,EGAR00002588959,EGAX00002368042,EGAS00001001704,ENA-CHECKLIST=ERC000026;organism_part=stool
9002000001226394_4yearsFollowUpMGS,EGAN00002854543,SAMEA7985304,EGAR00002588913,EGAX00002367996,EGAS00001001704,ENA-CHECKLIST=ERC000026;organism_part=stool
9002000001226607_4yearsFollowUpMGS,EGAN00002854409,SAMEA7985120,EGAR00002588809,EGAX00002367892,EGAS00001001704,ENA-CHECKLIST=ERC000026;organism_part=stool
9002000001227800_4yearsFollowUpMGS,EGAN00002854434,SAMEA7985145,EGAR00002588918,EGAX00002368001,EGAS00001001704,ENA-CHECKLIST=ERC000026;organism_part=stool
9002000001227810_4yearsFollowUpMGS,EGAN00002854431,SAMEA7985142,EGAR00002588917,EGAX00002368000,EGAS00001001704,ENA-CHECKLIST=ERC000026;organism_part=stool
9002000001227892_4yearsFollowUpMGS,EGAN00002854396,SAMEA7985107,EGAR00002588821,EGAX00002367904,EGAS00001001704,ENA-CHECKLIST=ERC000026;organism_part=stool
9002000001228076LL_4yearsFollowUpMGS,EGAN00002854335,SAMEA7985010,EGAR00002588858,EGAX00002367941,EGAS00001001704,ENA-CHECKLIST=ERC000026;organism_part=stool
9002000001228512_4yearsFollowUpMGS,EGAN00002854425,SAMEA7985136,EGAR00002588881,EGAX00002367964,EGAS00001001704,ENA-CHECKLIST=ERC000026;organism_part=stool
9002000001229707_4yearsFollowUpMGS,EGAN00002854397,SAMEA7985108,EGAR00002588820,EGAX00002367903,EGAS00001001704,ENA-CHECKLIST=ERC000026;organism_part=stool
9002000001230056_4yearsFollowUpMGS,EGAN00002854438,SAMEA7985149,EGAR00002588931,EGAX00002368014,EGAS00001001704,ENA-CHECKLIST=ERC000026;organism_part=stool
9002000001231803_4yearsFollowUpMGS,EGAN00002854446,SAMEA7985157,EGAR00002588941,EGAX00002368024,EGAS00001001704,ENA-CHECKLIST=ERC000026;organism_part=stool
9002000001232168_4yearsFollowUpMGS,EGAN00002854571,SAMEA7985332,EGAR00002588958,EGAX00002368041,EGAS00001001704,ENA-CHECKLIST=ERC000026;organism_part=stool
9002000001232275_4yearsFollowUpMGS,EGAN00002854518,SAMEA7985229,EGAR00002588884,EGAX00002367967,EGAS00001001704,ENA-CHECKLIST=ERC000026;organism_part=stool
9002000001232570LL_4yearsFollowUpMGS,EGAN00002854458,SAMEA7985169,EGAR00002589124,EGAX00002368207,EGAS00001001704,ENA-CHECKLIST=ERC000026;organism_part=stool
9002000001233352_4yearsFollowUpMGS,EGAN00002854364,SAMEA7985039,EGAR00002588829,EGAX00002367912,EGAS00001001704,ENA-CHECKLIST=ERC000026;organism_part=stool
9002000001233610_4yearsFollowUpMGS,EGAN00002854354,SAMEA7985029,EGAR00002588841,EGAX00002367924,EGAS00001001704,ENA-CHECKLIST=ERC000026;organism_part=stool
9002000001234064_4yearsFollowUpMGS,EGAN00002854437,SAMEA7985148,EGAR00002588932,EGAX00002368015,EGAS00001001704,ENA-CHECKLIST=ERC000026;organism_part=stool
9002000001239202_4yearsFollowUpMGS,EGAN00002854537,SAMEA7985298,EGAR00002588903,EGAX00002367986,EGAS00001001704,ENA-CHECKLIST=ERC000026;organism_part=stool
9002000001241407_4yearsFollowUpMGS,EGAN00002854355,SAMEA7985030,EGAR00002588840,EGAX00002367923,EGAS00001001704,ENA-CHECKLIST=ERC000026;organism_part=stool
9002000001242988_4yearsFollowUpMGS,EGAN00002854441,SAMEA7985152,EGAR00002588923,EGAX00002368006,EGAS00001001704,ENA-CHECKLIST=ERC000026;organism_part=stool
9002000001243214_4yearsFollowUpMGS,EGAN00002854588,SAMEA7985349,EGAR00002588977,EGAX00002368060,EGAS00001001704,ENA-CHECKLIST=ERC000026;organism_part=stool
9002000001244042_4yearsFollowUpMGS,EGAN00002854535,SAMEA7985246,EGAR00002588901,EGAX00002367984,EGAS00001001704,ENA-CHECKLIST=ERC000026;organism_part=stool
9002000001244089LL_4yearsFollowUpMGS,EGAN00002854536,SAMEA7985297,EGAR00002588902,EGAX00002367985,EGAS00001001704,ENA-CHECKLIST=ERC000026;organism_part=stool
9002000001246252_4yearsFollowUpMGS,EGAN00002854406,SAMEA7985117,EGAR00002588812,EGAX00002367895,EGAS00001001704,ENA-CHECKLIST=ERC000026;organism_part=stool
9002000001247124_4yearsFollowUpMGS,EGAN00002854416,SAMEA7985127,EGAR00002588802,EGAX00002367885,EGAS00001001704,ENA-CHECKLIST=ERC000026;organism_part=stool
9002000001248749_4yearsFollowUpMGS,EGAN00002854573,SAMEA7985334,EGAR00002588960,EGAX00002368043,EGAS00001001704,ENA-CHECKLIST=ERC000026;organism_part=stool
9002000001249076_4yearsFollowUpMGS,EGAN00002854333,SAMEA7985008,EGAR00002588860,EGAX00002367943,EGAS00001001704,ENA-CHECKLIST=ERC000026;organism_part=stool
9002000001250148_4yearsFollowUpMGS,EGAN00002854338,SAMEA7985013,EGAR00002588855,EGAX00002367938,EGAS00001001704,ENA-CHECKLIST=ERC000026;organism_part=stool
9002000001250513_4yearsFollowUpMGS,EGAN00002854340,SAMEA7985015,EGAR00002588853,EGAX00002367936,EGAS00001001704,ENA-CHECKLIST=ERC000026;organism_part=stool
9002000001251234_4yearsFollowUpMGS,EGAN00002854556,SAMEA7985317,EGAR00002588943,EGAX00002368026,EGAS00001001704,ENA-CHECKLIST=ERC000026;organism_part=stool
9002000001252044_4yearsFollowUpMGS,EGAN00002854422,SAMEA7985133,EGAR00002588878,EGAX00002367961,EGAS00001001704,ENA-CHECKLIST=ERC000026;organism_part=stool
9002000001253168_4yearsFollowUpMGS,EGAN00002854350,SAMEA7985025,EGAR00002588843,EGAX00002367926,EGAS00001001704,ENA-CHECKLIST=ERC000026;organism_part=stool
9002000001256080_4yearsFollowUpMGS,EGAN00002854550,SAMEA7985311,EGAR00002588928,EGAX00002368011,EGAS00001001704,ENA-CHECKLIST=ERC000026;organism_part=stool
9002000001259288_4yearsFollowUpMGS,EGAN00002854582,SAMEA7985343,EGAR00002588973,EGAX00002368056,EGAS00001001704,ENA-CHECKLIST=ERC000026;organism_part=stool
9002000001260888_4yearsFollowUpMGS,EGAN00002854559,SAMEA7985320,EGAR00002588946,EGAX00002368029,EGAS00001001704,ENA-CHECKLIST=ERC000026;organism_part=stool
9002000001261704_4yearsFollowUpMGS,EGAN00002854554,SAMEA7985315,EGAR00002588936,EGAX00002368019,EGAS00001001704,ENA-CHECKLIST=ERC000026;organism_part=stool
9002000001262004_4yearsFollowUpMGS,EGAN00002854435,SAMEA7985146,EGAR00002588921,EGAX00002368004,EGAS00001001704,ENA-CHECKLIST=ERC000026;organism_part=stool
9002000001264644_4yearsFollowUpMGS,EGAN00002854568,SAMEA7985329,EGAR00002588955,EGAX00002368038,EGAS00001001704,ENA-CHECKLIST=ERC000026;organism_part=stool
9002000001265472_4yearsFollowUpMGS,EGAN00002854342,SAMEA7985017,EGAR00002588851,EGAX00002367934,EGAS00001001704,ENA-CHECKLIST=ERC000026;organism_part=stool
9002000001265946_4yearsFollowUpMGS,EGAN00002854586,SAMEA7985347,EGAR00002588971,EGAX00002368054,EGAS00001001704,ENA-CHECKLIST=ERC000026;organism_part=stool
9002000001267207_4yearsFollowUpMGS,EGAN00002854574,SAMEA7985335,EGAR00002588961,EGAX00002368044,EGAS00001001704,ENA-CHECKLIST=ERC000026;organism_part=stool
9002000001270534_4yearsFollowUpMGS,EGAN00002854440,SAMEA7985151,EGAR00002588933,EGAX00002368016,EGAS00001001704,ENA-CHECKLIST=ERC000026;organism_part=stool
9002000001271522_4yearsFollowUpMGS,EGAN00002854564,SAMEA7985325,EGAR00002588951,EGAX00002368034,EGAS00001001704,ENA-CHECKLIST=ERC000026;organism_part=stool
9002000001271970_4yearsFollowUpMGS,EGAN00002854548,SAMEA7985309,EGAR00002588911,EGAX00002367994,EGAS00001001704,ENA-CHECKLIST=ERC000026;organism_part=stool
9002000001272430_4yearsFollowUpMGS,EGAN00002854549,SAMEA7985310,EGAR00002588912,EGAX00002367995,EGAS00001001704,ENA-CHECKLIST=ERC000026;organism_part=stool
9002000001274506_4yearsFollowUpMGS,EGAN00002854428,SAMEA7985139,EGAR00002588914,EGAX00002367997,EGAS00001001704,ENA-CHECKLIST=ERC000026;organism_part=stool
9002000001275760_4yearsFollowUpMGS,EGAN00002854417,SAMEA7985128,EGAR00002588801,EGAX00002367884,EGAS00001001704,ENA-CHECKLIST=ERC000026;organism_part=stool
9002000001276538_4yearsFollowUpMGS,EGAN00002854341,SAMEA7985016,EGAR00002588852,EGAX00002367935,EGAS00001001704,ENA-CHECKLIST=ERC000026;organism_part=stool
9002000001277188LL_4yearsFollowUpMGS,EGAN00002854587,SAMEA7985348,EGAR00002588976,EGAX00002368059,EGAS00001001704,ENA-CHECKLIST=ERC000026;organism_part=stool
9002000001277357_4yearsFollowUpMGS,EGAN00002854584,SAMEA7985345,EGAR00002588975,EGAX00002368058,EGAS00001001704,ENA-CHECKLIST=ERC000026;organism_part=stool
9002000001277992_4yearsFollowUpMGS,EGAN00002854566,SAMEA7985327,EGAR00002588953,EGAX00002368036,EGAS00001001704,ENA-CHECKLIST=ERC000026;organism_part=stool
9002000001278158_4yearsFollowUpMGS,EGAN00002854565,SAMEA7985326,EGAR00002588952,EGAX00002368035,EGAS00001001704,ENA-CHECKLIST=ERC000026;organism_part=stool
9002000001278828_4yearsFollowUpMGS,EGAN00002854402,SAMEA7985113,EGAR00002588813,EGAX00002367896,EGAS00001001704,ENA-CHECKLIST=ERC000026;organism_part=stool
9002000001280218_4yearsFollowUpMGS,EGAN00002854330,SAMEA7985005,EGAR00002588864,EGAX00002367947,EGAS00001001704,ENA-CHECKLIST=ERC000026;organism_part=stool
9002000001282052_4yearsFollowUpMGS,EGAN00002854589,SAMEA7985350,EGAR00002588978,EGAX00002368061,EGAS00001001704,ENA-CHECKLIST=ERC000026;organism_part=stool
9002000001282722LL_4yearsFollowUpMGS,EGAN00002854344,SAMEA7985019,EGAR00002588846,EGAX00002367929,EGAS00001001704,ENA-CHECKLIST=ERC000026;organism_part=stool
9002000001285887_4yearsFollowUpMGS,EGAN00002854455,SAMEA7985166,EGAR00002589127,EGAX00002368210,EGAS00001001704,ENA-CHECKLIST=ERC000026;organism_part=stool
9002000001287540_4yearsFollowUpMGS,EGAN00002854447,SAMEA7985158,EGAR00002588940,EGAX00002368023,EGAS00001001704,ENA-CHECKLIST=ERC000026;organism_part=stool
9002000001288940_4yearsFollowUpMGS,EGAN00002854444,SAMEA7985155,EGAR00002588939,EGAX00002368022,EGAS00001001704,ENA-CHECKLIST=ERC000026;organism_part=stool
9002000001294380_4yearsFollowUpMGS,EGAN00002854541,SAMEA7985302,EGAR00002588926,EGAX00002368009,EGAS00001001704,ENA-CHECKLIST=ERC000026;organism_part=stool
9002000001295079_4yearsFollowUpMGS,EGAN00002854443,SAMEA7985154,EGAR00002588925,EGAX00002368008,EGAS00001001704,ENA-CHECKLIST=ERC000026;organism_part=stool
9002000001295785_4yearsFollowUpMGS,EGAN00002854532,SAMEA7985243,EGAR00002588898,EGAX00002367981,EGAS00001001704,ENA-CHECKLIST=ERC000026;organism_part=stool
9002000001296209_4yearsFollowUpMGS,EGAN00002854577,SAMEA7985338,EGAR00002588964,EGAX00002368047,EGAS00001001704,ENA-CHECKLIST=ERC000026;organism_part=stool
9002000001296521_4yearsFollowUpMGS,EGAN00002854414,SAMEA7985125,EGAR00002588805,EGAX00002367888,EGAS00001001704,ENA-CHECKLIST=ERC000026;organism_part=stool
9002000001296684_4yearsFollowUpMGS,EGAN00002854413,SAMEA7985124,EGAR00002588804,EGAX00002367887,EGAS00001001704,ENA-CHECKLIST=ERC000026;organism_part=stool
9002000001300660_4yearsFollowUpMGS,EGAN00002854544,SAMEA7985305,EGAR00002588907,EGAX00002367990,EGAS00001001704,ENA-CHECKLIST=ERC000026;organism_part=stool
9002000001301588_4yearsFollowUpMGS,EGAN00002854583,SAMEA7985344,EGAR00002588974,EGAX00002368057,EGAS00001001704,ENA-CHECKLIST=ERC000026;organism_part=stool
9002000001301926_4yearsFollowUpMGS,EGAN00002854521,SAMEA7985232,EGAR00002588887,EGAX00002367970,EGAS00001001704,ENA-CHECKLIST=ERC000026;organism_part=stool
9002000001303715_4yearsFollowUpMGS,EGAN00002854578,SAMEA7985339,EGAR00002588965,EGAX00002368048,EGAS00001001704,ENA-CHECKLIST=ERC000026;organism_part=stool
9002000001304042_4yearsFollowUpMGS,EGAN00002854351,SAMEA7985026,EGAR00002588836,EGAX00002367919,EGAS00001001704,ENA-CHECKLIST=ERC000026;organism_part=stool
9002000001304937LL_4yearsFollowUpMGS,EGAN00002854415,SAMEA7985126,EGAR00002588803,EGAX00002367886,EGAS00001001704,ENA-CHECKLIST=ERC000026;organism_part=stool
9002000001305350_4yearsFollowUpMGS,EGAN00002854405,SAMEA7985116,EGAR00002588815,EGAX00002367898,EGAS00001001704,ENA-CHECKLIST=ERC000026;organism_part=stool
9002000001307240_4yearsFollowUpMGS,EGAN00002854531,SAMEA7985242,EGAR00002588897,EGAX00002367980,EGAS00001001704,ENA-CHECKLIST=ERC000026;organism_part=stool
9002000001308622_4yearsFollowUpMGS,EGAN00002854580,SAMEA7985341,EGAR00002588967,EGAX00002368050,EGAS00001001704,ENA-CHECKLIST=ERC000026;organism_part=stool
9002000001310371LL_4yearsFollowUpMGS,EGAN00002854527,SAMEA7985238,EGAR00002588893,EGAX00002367976,EGAS00001001704,ENA-CHECKLIST=ERC000026;organism_part=stool
9002000001312311_4yearsFollowUpMGS,EGAN00002854394,SAMEA7985105,EGAR00002588823,EGAX00002367906,EGAS00001001704,ENA-CHECKLIST=ERC000026;organism_part=stool
9002000001316393_4yearsFollowUpMGS,EGAN00002854349,SAMEA7985024,EGAR00002588844,EGAX00002367927,EGAS00001001704,ENA-CHECKLIST=ERC000026;organism_part=stool
9002000001317659_4yearsFollowUpMGS,EGAN00002854366,SAMEA7985041,EGAR00002588827,EGAX00002367910,EGAS00001001704,ENA-CHECKLIST=ERC000026;organism_part=stool
9002000001318745_4yearsFollowUpMGS,EGAN00002854360,SAMEA7985035,EGAR00002588833,EGAX00002367916,EGAS00001001704,ENA-CHECKLIST=ERC000026;organism_part=stool
9002000001319297_4yearsFollowUpMGS,EGAN00002854464,SAMEA7985175,EGAR00002589118,EGAX00002368201,EGAS00001001704,ENA-CHECKLIST=ERC000026;organism_part=stool
9002000001321910_4yearsFollowUpMGS,EGAN00002854519,SAMEA7985230,EGAR00002588885,EGAX00002367968,EGAS00001001704,ENA-CHECKLIST=ERC000026;organism_part=stool
9002000001322390_4yearsFollowUpMGS,EGAN00002854452,SAMEA7985163,EGAR00002589130,EGAX00002368213,EGAS00001001704,ENA-CHECKLIST=ERC000026;organism_part=stool
9002000001323431_4yearsFollowUpMGS,EGAN00002854560,SAMEA7985321,EGAR00002588947,EGAX00002368030,EGAS00001001704,ENA-CHECKLIST=ERC000026;organism_part=stool
9002000001323502_4yearsFollowUpMGS,EGAN00002854453,SAMEA7985164,EGAR00002589125,EGAX00002368208,EGAS00001001704,ENA-CHECKLIST=ERC000026;organism_part=stool
9002000001328080LL_4yearsFollowUpMGS,EGAN00002854461,SAMEA7985172,EGAR00002589121,EGAX00002368204,EGAS00001001704,ENA-CHECKLIST=ERC000026;organism_part=stool
9002000001331184_4yearsFollowUpMGS,EGAN00002854523,SAMEA7985234,EGAR00002588889,EGAX00002367972,EGAS00001001704,ENA-CHECKLIST=ERC000026;organism_part=stool
9002000001334014_4yearsFollowUpMGS,EGAN00002854508,SAMEA7985219,EGAR00002589065,EGAX00002368148,EGAS00001001704,ENA-CHECKLIST=ERC000026;organism_part=stool
9002000001334186_4yearsFollowUpMGS,EGAN00002854392,SAMEA7985103,EGAR00002588825,EGAX00002367908,EGAS00001001704,ENA-CHECKLIST=ERC000026;organism_part=stool
9002000001338013_4yearsFollowUpMGS,EGAN00002854517,SAMEA7985228,EGAR00002589074,EGAX00002368157,EGAS00001001704,ENA-CHECKLIST=ERC000026;organism_part=stool
9002000001338416_4yearsFollowUpMGS,EGAN00002854533,SAMEA7985244,EGAR00002588899,EGAX00002367982,EGAS00001001704,ENA-CHECKLIST=ERC000026;organism_part=stool
9002000001338480_4yearsFollowUpMGS,EGAN00002854534,SAMEA7985245,EGAR00002588900,EGAX00002367983,EGAS00001001704,ENA-CHECKLIST=ERC000026;organism_part=stool
9002000001338659_4yearsFollowUpMGS,EGAN00002854608,SAMEA7985369,EGAR00002588997,EGAX00002368080,EGAS00001001704,ENA-CHECKLIST=ERC000026;organism_part=stool
9002000001340924_4yearsFollowUpMGS,EGAN00002854332,SAMEA7985007,EGAR00002588861,EGAX00002367944,EGAS00001001704,ENA-CHECKLIST=ERC000026;organism_part=stool
9002000001341467_4yearsFollowUpMGS,EGAN00002854522,SAMEA7985233,EGAR00002588888,EGAX00002367971,EGAS00001001704,ENA-CHECKLIST=ERC000026;organism_part=stool
9002000001341879_4yearsFollowUpMGS,EGAN00002854399,SAMEA7985110,EGAR00002588818,EGAX00002367901,EGAS00001001704,ENA-CHECKLIST=ERC000026;organism_part=stool
9002000001343701_4yearsFollowUpMGS,EGAN00002854509,SAMEA7985220,EGAR00002589066,EGAX00002368149,EGAS00001001704,ENA-CHECKLIST=ERC000026;organism_part=stool
9002000001346051_4yearsFollowUpMGS,EGAN00002854427,SAMEA7985138,EGAR00002588883,EGAX00002367966,EGAS00001001704,ENA-CHECKLIST=ERC000026;organism_part=stool
9002000001346540_4yearsFollowUpMGS,EGAN00002854348,SAMEA7985023,EGAR00002588845,EGAX00002367928,EGAS00001001704,ENA-CHECKLIST=ERC000026;organism_part=stool
9002000001349142LL_4yearsFollowUpMGS,EGAN00002854596,SAMEA7985357,EGAR00002588984,EGAX00002368067,EGAS00001001704,ENA-CHECKLIST=ERC000026;organism_part=stool
9002000001350303_4yearsFollowUpMGS,EGAN00002854561,SAMEA7985322,EGAR00002588948,EGAX00002368031,EGAS00001001704,ENA-CHECKLIST=ERC000026;organism_part=stool
9002000001350528_4yearsFollowUpMGS,EGAN00002854454,SAMEA7985165,EGAR00002589126,EGAX00002368209,EGAS00001001704,ENA-CHECKLIST=ERC000026;organism_part=stool
9002000001351641_4yearsFollowUpMGS,EGAN00002854637,SAMEA7985398,EGAR00002589024,EGAX00002368107,EGAS00001001704,ENA-CHECKLIST=ERC000026;organism_part=stool
9002000001352086_4yearsFollowUpMGS,EGAN00002854347,SAMEA7985022,EGAR00002588848,EGAX00002367931,EGAS00001001704,ENA-CHECKLIST=ERC000026;organism_part=stool
9002000001352282_4yearsFollowUpMGS,EGAN00002854421,SAMEA7985132,EGAR00002588877,EGAX00002367960,EGAS00001001704,ENA-CHECKLIST=ERC000026;organism_part=stool
9002000001352980_4yearsFollowUpMGS,EGAN00002854639,SAMEA7985400,EGAR00002589029,EGAX00002368112,EGAS00001001704,ENA-CHECKLIST=ERC000026;organism_part=stool
9002000001353332_4yearsFollowUpMGS,EGAN00002854320,SAMEA7984995,EGAR00002588868,EGAX00002367951,EGAS00001001704,ENA-CHECKLIST=ERC000026;organism_part=stool
9002000001356540LL_4yearsFollowUpMGS,EGAN00002854595,SAMEA7985356,EGAR00002588983,EGAX00002368066,EGAS00001001704,ENA-CHECKLIST=ERC000026;organism_part=stool
9002000001357654_4yearsFollowUpMGS,EGAN00002854462,SAMEA7985173,EGAR00002589120,EGAX00002368203,EGAS00001001704,ENA-CHECKLIST=ERC000026;organism_part=stool
9002000001359499_4yearsFollowUpMGS,EGAN00002854336,SAMEA7985011,EGAR00002588857,EGAX00002367940,EGAS00001001704,ENA-CHECKLIST=ERC000026;organism_part=stool
9002000001359819_4yearsFollowUpMGS,EGAN00002854663,SAMEA7985424,EGAR00002589050,EGAX00002368133,EGAS00001001704,ENA-CHECKLIST=ERC000026;organism_part=stool
9002000001360100_4yearsFollowUpMGS,EGAN00002854592,SAMEA7985353,EGAR00002588985,EGAX00002368068,EGAS00001001704,ENA-CHECKLIST=ERC000026;organism_part=stool
9002000001361192_4yearsFollowUpMGS,EGAN00002854530,SAMEA7985241,EGAR00002588896,EGAX00002367979,EGAS00001001704,ENA-CHECKLIST=ERC000026;organism_part=stool
9002000001361675_4yearsFollowUpMGS,EGAN00002854326,SAMEA7985001,EGAR00002588872,EGAX00002367955,EGAS00001001704,ENA-CHECKLIST=ERC000026;organism_part=stool
9002000001364710_4yearsFollowUpMGS,EGAN00002854607,SAMEA7985368,EGAR00002588996,EGAX00002368079,EGAS00001001704,ENA-CHECKLIST=ERC000026;organism_part=stool
9002000001365670_4yearsFollowUpMGS,EGAN00002854604,SAMEA7985365,EGAR00002588993,EGAX00002368076,EGAS00001001704,ENA-CHECKLIST=ERC000026;organism_part=stool
9002000001366180_4yearsFollowUpMGS,EGAN00002854567,SAMEA7985328,EGAR00002588954,EGAX00002368037,EGAS00001001704,ENA-CHECKLIST=ERC000026;organism_part=stool
9002000001366751_4yearsFollowUpMGS,EGAN00002854363,SAMEA7985038,EGAR00002588830,EGAX00002367913,EGAS00001001704,ENA-CHECKLIST=ERC000026;organism_part=stool
9002000001367051_4yearsFollowUpMGS,EGAN00002854337,SAMEA7985012,EGAR00002588856,EGAX00002367939,EGAS00001001704,ENA-CHECKLIST=ERC000026;organism_part=stool
9002000001367982_4yearsFollowUpMGS,EGAN00002854345,SAMEA7985020,EGAR00002588847,EGAX00002367930,EGAS00001001704,ENA-CHECKLIST=ERC000026;organism_part=stool
9002000001369109_4yearsFollowUpMGS,EGAN00002854545,SAMEA7985306,EGAR00002588908,EGAX00002367991,EGAS00001001704,ENA-CHECKLIST=ERC000026;organism_part=stool
9002000001371690_4yearsFollowUpMGS,EGAN00002854646,SAMEA7985407,EGAR00002589035,EGAX00002368118,EGAS00001001704,ENA-CHECKLIST=ERC000026;organism_part=stool
9002000001372130_4yearsFollowUpMGS,EGAN00002854457,SAMEA7985168,EGAR00002589128,EGAX00002368211,EGAS00001001704,ENA-CHECKLIST=ERC000026;organism_part=stool
9002000001373308_4yearsFollowUpMGS,EGAN00002854546,SAMEA7985307,EGAR00002588909,EGAX00002367992,EGAS00001001704,ENA-CHECKLIST=ERC000026;organism_part=stool
9002000001374735_4yearsFollowUpMGS,EGAN00002854334,SAMEA7985009,EGAR00002588859,EGAX00002367942,EGAS00001001704,ENA-CHECKLIST=ERC000026;organism_part=stool
9002000001375110_4yearsFollowUpMGS,EGAN00002854488,SAMEA7985199,EGAR00002589085,EGAX00002368168,EGAS00001001704,ENA-CHECKLIST=ERC000026;organism_part=stool
9002000001375980_4yearsFollowUpMGS,EGAN00002854318,SAMEA7984993,EGAR00002588866,EGAX00002367949,EGAS00001001704,ENA-CHECKLIST=ERC000026;organism_part=stool
9002000001377460_4yearsFollowUpMGS,EGAN00002854655,SAMEA7985416,EGAR00002589042,EGAX00002368125,EGAS00001001704,ENA-CHECKLIST=ERC000026;organism_part=stool
9002000001377630_4yearsFollowUpMGS,EGAN00002854648,SAMEA7985409,EGAR00002589037,EGAX00002368120,EGAS00001001704,ENA-CHECKLIST=ERC000026;organism_part=stool
9002000001377910_4yearsFollowUpMGS,EGAN00002854605,SAMEA7985366,EGAR00002588994,EGAX00002368077,EGAS00001001704,ENA-CHECKLIST=ERC000026;organism_part=stool
9002000001379150_4yearsFollowUpMGS,EGAN00002854325,SAMEA7985000,EGAR00002588873,EGAX00002367956,EGAS00001001704,ENA-CHECKLIST=ERC000026;organism_part=stool
9002000001380545_4yearsFollowUpMGS,EGAN00002854644,SAMEA7985405,EGAR00002589030,EGAX00002368113,EGAS00001001704,ENA-CHECKLIST=ERC000026;organism_part=stool
9002000001380900_4yearsFollowUpMGS,EGAN00002854316,SAMEA7984991,EGAR00002588796,EGAX00002367879,EGAS00001001704,ENA-CHECKLIST=ERC000026;organism_part=stool
9002000001384880_4yearsFollowUpMGS,EGAN00002854429,SAMEA7985140,EGAR00002588915,EGAX00002367998,EGAS00001001704,ENA-CHECKLIST=ERC000026;organism_part=stool
9002000001385621_4yearsFollowUpMGS,EGAN00002854653,SAMEA7985414,EGAR00002589040,EGAX00002368123,EGAS00001001704,ENA-CHECKLIST=ERC000026;organism_part=stool
9002000001386478_4yearsFollowUpMGS,EGAN00002854499,SAMEA7985210,EGAR00002589076,EGAX00002368159,EGAS00001001704,ENA-CHECKLIST=ERC000026;organism_part=stool
9002000001387200_4yearsFollowUpMGS,EGAN00002854636,SAMEA7985397,EGAR00002589023,EGAX00002368106,EGAS00001001704,ENA-CHECKLIST=ERC000026;organism_part=stool
9002000001388285_4yearsFollowUpMGS,EGAN00002854618,SAMEA7985379,EGAR00002588969,EGAX00002368052,EGAS00001001704,ENA-CHECKLIST=ERC000026;organism_part=stool
9002000001388561_4yearsFollowUpMGS,EGAN00002854638,SAMEA7985399,EGAR00002589025,EGAX00002368108,EGAS00001001704,ENA-CHECKLIST=ERC000026;organism_part=stool
9002000001390280_4yearsFollowUpMGS,EGAN00002854353,SAMEA7985028,EGAR00002588842,EGAX00002367925,EGAS00001001704,ENA-CHECKLIST=ERC000026;organism_part=stool
9002000001390345_4yearsFollowUpMGS,EGAN00002854539,SAMEA7985300,EGAR00002588905,EGAX00002367988,EGAS00001001704,ENA-CHECKLIST=ERC000026;organism_part=stool
9002000001391070_4yearsFollowUpMGS,EGAN00002854672,SAMEA7985433,EGAR00002589059,EGAX00002368142,EGAS00001001704,ENA-CHECKLIST=ERC000026;organism_part=stool
9002000001391220_4yearsFollowUpMGS,EGAN00002854671,SAMEA7985432,EGAR00002589058,EGAX00002368141,EGAS00001001704,ENA-CHECKLIST=ERC000026;organism_part=stool
9002000001391709_4yearsFollowUpMGS,EGAN00002854590,SAMEA7985351,EGAR00002588980,EGAX00002368063,EGAS00001001704,ENA-CHECKLIST=ERC000026;organism_part=stool
9002000001392457_4yearsFollowUpMGS,EGAN00002854407,SAMEA7985118,EGAR00002588811,EGAX00002367894,EGAS00001001704,ENA-CHECKLIST=ERC000026;organism_part=stool
9002000001392484_4yearsFollowUpMGS,EGAN00002854606,SAMEA7985367,EGAR00002588995,EGAX00002368078,EGAS00001001704,ENA-CHECKLIST=ERC000026;organism_part=stool
9002000001392617_4yearsFollowUpMGS,EGAN00002854652,SAMEA7985413,EGAR00002589039,EGAX00002368122,EGAS00001001704,ENA-CHECKLIST=ERC000026;organism_part=stool
9002000001392831_4yearsFollowUpMGS,EGAN00002854634,SAMEA7985395,EGAR00002589021,EGAX00002368104,EGAS00001001704,ENA-CHECKLIST=ERC000026;organism_part=stool
9002000001392958_4yearsFollowUpMGS,EGAN00002854635,SAMEA7985396,EGAR00002589022,EGAX00002368105,EGAS00001001704,ENA-CHECKLIST=ERC000026;organism_part=stool
9002000001393098_4yearsFollowUpMGS,EGAN00002854526,SAMEA7985237,EGAR00002588892,EGAX00002367975,EGAS00001001704,ENA-CHECKLIST=ERC000026;organism_part=stool
9002000001393561_4yearsFollowUpMGS,EGAN00002854468,SAMEA7985179,EGAR00002589105,EGAX00002368188,EGAS00001001704,ENA-CHECKLIST=ERC000026;organism_part=stool
9002000001393703_4yearsFollowUpMGS,EGAN00002854327,SAMEA7985002,EGAR00002588871,EGAX00002367954,EGAS00001001704,ENA-CHECKLIST=ERC000026;organism_part=stool
9002000001394021_4yearsFollowUpMGS,EGAN00002854515,SAMEA7985226,EGAR00002589072,EGAX00002368155,EGAS00001001704,ENA-CHECKLIST=ERC000026;organism_part=stool
9002000001394602_4yearsFollowUpMGS,EGAN00002854664,SAMEA7985425,EGAR00002589051,EGAX00002368134,EGAS00001001704,ENA-CHECKLIST=ERC000026;organism_part=stool
9002000001395260_4yearsFollowUpMGS,EGAN00002854408,SAMEA7985119,EGAR00002588810,EGAX00002367893,EGAS00001001704,ENA-CHECKLIST=ERC000026;organism_part=stool
9002000001395539_4yearsFollowUpMGS,EGAN00002854339,SAMEA7985014,EGAR00002588854,EGAX00002367937,EGAS00001001704,ENA-CHECKLIST=ERC000026;organism_part=stool
9002000001397660_4yearsFollowUpMGS,EGAN00002854445,SAMEA7985156,EGAR00002588938,EGAX00002368021,EGAS00001001704,ENA-CHECKLIST=ERC000026;organism_part=stool
9002000001398120_4yearsFollowUpMGS,EGAN00002854575,SAMEA7985336,EGAR00002588962,EGAX00002368045,EGAS00001001704,ENA-CHECKLIST=ERC000026;organism_part=stool
9002000001399800_4yearsFollowUpMGS,EGAN00002854654,SAMEA7985415,EGAR00002589041,EGAX00002368124,EGAS00001001704,ENA-CHECKLIST=ERC000026;organism_part=stool
9002000001400933_4yearsFollowUpMGS,EGAN00002854650,SAMEA7985411,EGAR00002589028,EGAX00002368111,EGAS00001001704,ENA-CHECKLIST=ERC000026;organism_part=stool
9002000001401313_4yearsFollowUpMGS,EGAN00002854630,SAMEA7985391,EGAR00002589017,EGAX00002368100,EGAS00001001704,ENA-CHECKLIST=ERC000026;organism_part=stool
9002000001401430_4yearsFollowUpMGS,EGAN00002854576,SAMEA7985337,EGAR00002588963,EGAX00002368046,EGAS00001001704,ENA-CHECKLIST=ERC000026;organism_part=stool
9002000001402221_4yearsFollowUpMGS,EGAN00002854643,SAMEA7985404,EGAR00002589026,EGAX00002368109,EGAS00001001704,ENA-CHECKLIST=ERC000026;organism_part=stool
9002000001403309_4yearsFollowUpMGS,EGAN00002854667,SAMEA7985428,EGAR00002589054,EGAX00002368137,EGAS00001001704,ENA-CHECKLIST=ERC000026;organism_part=stool
9002000001404066_4yearsFollowUpMGS,EGAN00002854585,SAMEA7985346,EGAR00002588970,EGAX00002368053,EGAS00001001704,ENA-CHECKLIST=ERC000026;organism_part=stool
9002000001406680_4yearsFollowUpMGS,EGAN00002854448,SAMEA7985159,EGAR00002588937,EGAX00002368020,EGAS00001001704,ENA-CHECKLIST=ERC000026;organism_part=stool
9002000001406700_4yearsFollowUpMGS,EGAN00002854512,SAMEA7985223,EGAR00002589069,EGAX00002368152,EGAS00001001704,ENA-CHECKLIST=ERC000026;organism_part=stool
9002000001407430_4yearsFollowUpMGS,EGAN00002854668,SAMEA7985429,EGAR00002589055,EGAX00002368138,EGAS00001001704,ENA-CHECKLIST=ERC000026;organism_part=stool
9002000001408172_4yearsFollowUpMGS,EGAN00002854403,SAMEA7985114,EGAR00002588798,EGAX00002367881,EGAS00001001704,ENA-CHECKLIST=ERC000026;organism_part=stool
9002000001408575_4yearsFollowUpMGS,EGAN00002854504,SAMEA7985215,EGAR00002589079,EGAX00002368162,EGAS00001001704,ENA-CHECKLIST=ERC000026;organism_part=stool
9002000001410009LL_4yearsFollowUpMGS,EGAN00002854432,SAMEA7985143,EGAR00002588919,EGAX00002368002,EGAS00001001704,ENA-CHECKLIST=ERC000026;organism_part=stool
9002000001410650_4yearsFollowUpMGS,EGAN00002854665,SAMEA7985426,EGAR00002589052,EGAX00002368135,EGAS00001001704,ENA-CHECKLIST=ERC000026;organism_part=stool
9002000001412150_4yearsFollowUpMGS,EGAN00002854505,SAMEA7985216,EGAR00002589081,EGAX00002368164,EGAS00001001704,ENA-CHECKLIST=ERC000026;organism_part=stool
9002000001412522_4yearsFollowUpMGS,EGAN00002854356,SAMEA7985031,EGAR00002588839,EGAX00002367922,EGAS00001001704,ENA-CHECKLIST=ERC000026;organism_part=stool
9002000001413760_4yearsFollowUpMGS,EGAN00002854651,SAMEA7985412,EGAR00002589038,EGAX00002368121,EGAS00001001704,ENA-CHECKLIST=ERC000026;organism_part=stool
9002000001414420_4yearsFollowUpMGS,EGAN00002854629,SAMEA7985390,EGAR00002589016,EGAX00002368099,EGAS00001001704,ENA-CHECKLIST=ERC000026;organism_part=stool
9002000001416675_4yearsFollowUpMGS,EGAN00002854346,SAMEA7985021,EGAR00002588849,EGAX00002367932,EGAS00001001704,ENA-CHECKLIST=ERC000026;organism_part=stool
9002000001418974_4yearsFollowUpMGS,EGAN00002854602,SAMEA7985363,EGAR00002588991,EGAX00002368074,EGAS00001001704,ENA-CHECKLIST=ERC000026;organism_part=stool
9002000001420408_4yearsFollowUpMGS,EGAN00002854469,SAMEA7985180,EGAR00002589106,EGAX00002368189,EGAS00001001704,ENA-CHECKLIST=ERC000026;organism_part=stool
9002000001421030_4yearsFollowUpMGS,EGAN00002854617,SAMEA7985378,EGAR00002588968,EGAX00002368051,EGAS00001001704,ENA-CHECKLIST=ERC000026;organism_part=stool
9002000001421399_4yearsFollowUpMGS,EGAN00002854495,SAMEA7985206,EGAR00002589091,EGAX00002368174,EGAS00001001704,ENA-CHECKLIST=ERC000026;organism_part=stool
9002000001421675_4yearsFollowUpMGS,EGAN00002854640,SAMEA7985401,EGAR00002589031,EGAX00002368114,EGAS00001001704,ENA-CHECKLIST=ERC000026;organism_part=stool
9002000001421826_4yearsFollowUpMGS,EGAN00002854676,SAMEA7985437,EGAR00002589063,EGAX00002368146,EGAS00001001704,ENA-CHECKLIST=ERC000026;organism_part=stool
9002000001422370_4yearsFollowUpMGS,EGAN00002854423,SAMEA7985134,EGAR00002588879,EGAX00002367962,EGAS00001001704,ENA-CHECKLIST=ERC000026;organism_part=stool
9002000001422430_4yearsFollowUpMGS,EGAN00002854361,SAMEA7985036,EGAR00002588832,EGAX00002367915,EGAS00001001704,ENA-CHECKLIST=ERC000026;organism_part=stool
9002000001423590_4yearsFollowUpMGS,EGAN00002854426,SAMEA7985137,EGAR00002588882,EGAX00002367965,EGAS00001001704,ENA-CHECKLIST=ERC000026;organism_part=stool
9002000001424256_4yearsFollowUpMGS,EGAN00002854493,SAMEA7985204,EGAR00002589093,EGAX00002368176,EGAS00001001704,ENA-CHECKLIST=ERC000026;organism_part=stool
9002000001424425_4yearsFollowUpMGS,EGAN00002854661,SAMEA7985422,EGAR00002589048,EGAX00002368131,EGAS00001001704,ENA-CHECKLIST=ERC000026;organism_part=stool
9002000001425146_4yearsFollowUpMGS,EGAN00002854393,SAMEA7985104,EGAR00002588824,EGAX00002367907,EGAS00001001704,ENA-CHECKLIST=ERC000026;organism_part=stool
9002000001425650_4yearsFollowUpMGS,EGAN00002854659,SAMEA7985420,EGAR00002589046,EGAX00002368129,EGAS00001001704,ENA-CHECKLIST=ERC000026;organism_part=stool
9002000001428569_4yearsFollowUpMGS,EGAN00002854511,SAMEA7985222,EGAR00002589068,EGAX00002368151,EGAS00001001704,ENA-CHECKLIST=ERC000026;organism_part=stool
9002000001428590_4yearsFollowUpMGS,EGAN00002854412,SAMEA7985123,EGAR00002588806,EGAX00002367889,EGAS00001001704,ENA-CHECKLIST=ERC000026;organism_part=stool
9002000001429200_4yearsFollowUpMGS,EGAN00002854411,SAMEA7985122,EGAR00002588807,EGAX00002367890,EGAS00001001704,ENA-CHECKLIST=ERC000026;organism_part=stool
9002000001433400_4yearsFollowUpMGS,EGAN00002854459,SAMEA7985170,EGAR00002589123,EGAX00002368206,EGAS00001001704,ENA-CHECKLIST=ERC000026;organism_part=stool
9002000001434682_4yearsFollowUpMGS,EGAN00002854547,SAMEA7985308,EGAR00002588910,EGAX00002367993,EGAS00001001704,ENA-CHECKLIST=ERC000026;organism_part=stool
9002000001435151_4yearsFollowUpMGS,EGAN00002854502,SAMEA7985213,EGAR00002589084,EGAX00002368167,EGAS00001001704,ENA-CHECKLIST=ERC000026;organism_part=stool
9002000001435296_4yearsFollowUpMGS,EGAN00002854424,SAMEA7985135,EGAR00002588880,EGAX00002367963,EGAS00001001704,ENA-CHECKLIST=ERC000026;organism_part=stool
9002000001435550_4yearsFollowUpMGS,EGAN00002854362,SAMEA7985037,EGAR00002588831,EGAX00002367914,EGAS00001001704,ENA-CHECKLIST=ERC000026;organism_part=stool
9002000001436220_4yearsFollowUpMGS,EGAN00002854510,SAMEA7985221,EGAR00002589067,EGAX00002368150,EGAS00001001704,ENA-CHECKLIST=ERC000026;organism_part=stool
9002000001438180_4yearsFollowUpMGS,EGAN00002854506,SAMEA7985217,EGAR00002589082,EGAX00002368165,EGAS00001001704,ENA-CHECKLIST=ERC000026;organism_part=stool
9002000001439850_4yearsFollowUpMGS,EGAN00002854594,SAMEA7985355,EGAR00002588987,EGAX00002368070,EGAS00001001704,ENA-CHECKLIST=ERC000026;organism_part=stool
9002000001441266_4yearsFollowUpMGS,EGAN00002854352,SAMEA7985027,EGAR00002588837,EGAX00002367920,EGAS00001001704,ENA-CHECKLIST=ERC000026;organism_part=stool
9002000001442595_4yearsFollowUpMGS,EGAN00002854472,SAMEA7985183,EGAR00002589109,EGAX00002368192,EGAS00001001704,ENA-CHECKLIST=ERC000026;organism_part=stool
9002000001443799LL_4yearsFollowUpMGS,EGAN00002854677,SAMEA7985438,EGAR00002589064,EGAX00002368147,EGAS00001001704,ENA-CHECKLIST=ERC000026;organism_part=stool
9002000001444393_4yearsFollowUpMGS,EGAN00002854503,SAMEA7985214,EGAR00002589083,EGAX00002368166,EGAS00001001704,ENA-CHECKLIST=ERC000026;organism_part=stool
9002000001445194_4yearsFollowUpMGS,EGAN00002854623,SAMEA7985384,EGAR00002589013,EGAX00002368096,EGAS00001001704,ENA-CHECKLIST=ERC000026;organism_part=stool
9002000001445318_4yearsFollowUpMGS,EGAN00002854475,SAMEA7985186,EGAR00002589112,EGAX00002368195,EGAS00001001704,ENA-CHECKLIST=ERC000026;organism_part=stool
9002000001445425_4yearsFollowUpMGS,EGAN00002854647,SAMEA7985408,EGAR00002589036,EGAX00002368119,EGAS00001001704,ENA-CHECKLIST=ERC000026;organism_part=stool
9002000001445668_4yearsFollowUpMGS,EGAN00002854658,SAMEA7985419,EGAR00002589045,EGAX00002368128,EGAS00001001704,ENA-CHECKLIST=ERC000026;organism_part=stool
9002000001446502_4yearsFollowUpMGS,EGAN00002854494,SAMEA7985205,EGAR00002589092,EGAX00002368175,EGAS00001001704,ENA-CHECKLIST=ERC000026;organism_part=stool
9002000001446520_4yearsFollowUpMGS,EGAN00002854367,SAMEA7985042,EGAR00002588826,EGAX00002367909,EGAS00001001704,ENA-CHECKLIST=ERC000026;organism_part=stool
9002000001446594_4yearsFollowUpMGS,EGAN00002854482,SAMEA7985193,EGAR00002589103,EGAX00002368186,EGAS00001001704,ENA-CHECKLIST=ERC000026;organism_part=stool
9002000001447564_4yearsFollowUpMGS,EGAN00002854478,SAMEA7985189,EGAR00002589095,EGAX00002368178,EGAS00001001704,ENA-CHECKLIST=ERC000026;organism_part=stool
9002000001447950_4yearsFollowUpMGS,EGAN00002854451,SAMEA7985162,EGAR00002589131,EGAX00002368214,EGAS00001001704,ENA-CHECKLIST=ERC000026;organism_part=stool
9002000001448688_4yearsFollowUpMGS,EGAN00002854632,SAMEA7985393,EGAR00002589019,EGAX00002368102,EGAS00001001704,ENA-CHECKLIST=ERC000026;organism_part=stool
9002000001450040_4yearsFollowUpMGS,EGAN00002854324,SAMEA7984999,EGAR00002588874,EGAX00002367957,EGAS00001001704,ENA-CHECKLIST=ERC000026;organism_part=stool
9002000001450980_4yearsFollowUpMGS,EGAN00002854670,SAMEA7985431,EGAR00002589057,EGAX00002368140,EGAS00001001704,ENA-CHECKLIST=ERC000026;organism_part=stool
9002000001452386_4yearsFollowUpMGS,EGAN00002854489,SAMEA7985200,EGAR00002589086,EGAX00002368169,EGAS00001001704,ENA-CHECKLIST=ERC000026;organism_part=stool
9002000001452653_4yearsFollowUpMGS,EGAN00002854579,SAMEA7985340,EGAR00002588966,EGAX00002368049,EGAS00001001704,ENA-CHECKLIST=ERC000026;organism_part=stool
9002000001454080_4yearsFollowUpMGS,EGAN00002854507,SAMEA7985218,EGAR00002589080,EGAX00002368163,EGAS00001001704,ENA-CHECKLIST=ERC000026;organism_part=stool
9002000001454910_4yearsFollowUpMGS,EGAN00002854612,SAMEA7985373,EGAR00002589002,EGAX00002368085,EGAS00001001704,ENA-CHECKLIST=ERC000026;organism_part=stool
9002000001455931_4yearsFollowUpMGS,EGAN00002854471,SAMEA7985182,EGAR00002589108,EGAX00002368191,EGAS00001001704,ENA-CHECKLIST=ERC000026;organism_part=stool
9002000001456330_4yearsFollowUpMGS,EGAN00002854516,SAMEA7985227,EGAR00002589073,EGAX00002368156,EGAS00001001704,ENA-CHECKLIST=ERC000026;organism_part=stool
9002000001459770_4yearsFollowUpMGS,EGAN00002854500,SAMEA7985211,EGAR00002589077,EGAX00002368160,EGAS00001001704,ENA-CHECKLIST=ERC000026;organism_part=stool
9002000001460056_4yearsFollowUpMGS,EGAN00002854321,SAMEA7984996,EGAR00002588869,EGAX00002367952,EGAS00001001704,ENA-CHECKLIST=ERC000026;organism_part=stool
9002000001462195_4yearsFollowUpMGS,EGAN00002854674,SAMEA7985435,EGAR00002589061,EGAX00002368144,EGAS00001001704,ENA-CHECKLIST=ERC000026;organism_part=stool
9002000001462201_4yearsFollowUpMGS,EGAN00002854601,SAMEA7985362,EGAR00002588990,EGAX00002368073,EGAS00001001704,ENA-CHECKLIST=ERC000026;organism_part=stool
9002000001462284_4yearsFollowUpMGS,EGAN00002854673,SAMEA7985434,EGAR00002589060,EGAX00002368143,EGAS00001001704,ENA-CHECKLIST=ERC000026;organism_part=stool
9002000001462829_4yearsFollowUpMGS,EGAN00002854357,SAMEA7985032,EGAR00002588838,EGAX00002367921,EGAS00001001704,ENA-CHECKLIST=ERC000026;organism_part=stool
9002000001463497_4yearsFollowUpMGS,EGAN00002854479,SAMEA7985190,EGAR00002589096,EGAX00002368179,EGAS00001001704,ENA-CHECKLIST=ERC000026;organism_part=stool
9002000001466194_4yearsFollowUpMGS,EGAN00002854591,SAMEA7985352,EGAR00002588981,EGAX00002368064,EGAS00001001704,ENA-CHECKLIST=ERC000026;organism_part=stool
9002000001466505_4yearsFollowUpMGS,EGAN00002854514,SAMEA7985225,EGAR00002589071,EGAX00002368154,EGAS00001001704,ENA-CHECKLIST=ERC000026;organism_part=stool
9002000001467807_4yearsFollowUpMGS,EGAN00002854513,SAMEA7985224,EGAR00002589070,EGAX00002368153,EGAS00001001704,ENA-CHECKLIST=ERC000026;organism_part=stool
9002000001467905_4yearsFollowUpMGS,EGAN00002854597,SAMEA7985358,EGAR00002588988,EGAX00002368071,EGAS00001001704,ENA-CHECKLIST=ERC000026;organism_part=stool
9002000001470400_4yearsFollowUpMGS,EGAN00002854615,SAMEA7985376,EGAR00002589005,EGAX00002368088,EGAS00001001704,ENA-CHECKLIST=ERC000026;organism_part=stool
9002000001472585_4yearsFollowUpMGS,EGAN00002854501,SAMEA7985212,EGAR00002589078,EGAX00002368161,EGAS00001001704,ENA-CHECKLIST=ERC000026;organism_part=stool
9002000001473223_4yearsFollowUpMGS,EGAN00002854614,SAMEA7985375,EGAR00002589004,EGAX00002368087,EGAS00001001704,ENA-CHECKLIST=ERC000026;organism_part=stool
9002000001473840_4yearsFollowUpMGS,EGAN00002854581,SAMEA7985342,EGAR00002588972,EGAX00002368055,EGAS00001001704,ENA-CHECKLIST=ERC000026;organism_part=stool
9002000001474580_4yearsFollowUpMGS,EGAN00002854616,SAMEA7985377,EGAR00002589006,EGAX00002368089,EGAS00001001704,ENA-CHECKLIST=ERC000026;organism_part=stool
9002000001475729LL_4yearsFollowUpMGS,EGAN00002854649,SAMEA7985410,EGAR00002589027,EGAX00002368110,EGAS00001001704,ENA-CHECKLIST=ERC000026;organism_part=stool
9002000001475747_4yearsFollowUpMGS,EGAN00002854359,SAMEA7985034,EGAR00002588834,EGAX00002367917,EGAS00001001704,ENA-CHECKLIST=ERC000026;organism_part=stool
9002000001476065_4yearsFollowUpMGS,EGAN00002854611,SAMEA7985372,EGAR00002589000,EGAX00002368083,EGAS00001001704,ENA-CHECKLIST=ERC000026;organism_part=stool
9002000001476459_4yearsFollowUpMGS,EGAN00002854463,SAMEA7985174,EGAR00002589119,EGAX00002368202,EGAS00001001704,ENA-CHECKLIST=ERC000026;organism_part=stool
9002000001476931_4yearsFollowUpMGS,EGAN00002854476,SAMEA7985187,EGAR00002589110,EGAX00002368193,EGAS00001001704,ENA-CHECKLIST=ERC000026;organism_part=stool
9002000001477886_4yearsFollowUpMGS,EGAN00002854481,SAMEA7985192,EGAR00002589104,EGAX00002368187,EGAS00001001704,ENA-CHECKLIST=ERC000026;organism_part=stool
9002000001478005ALL_4yearsFollowUpMGS,EGAN00002854420,SAMEA7985131,EGAR00002588876,EGAX00002367959,EGAS00001001704,ENA-CHECKLIST=ERC000026;organism_part=stool
9002000001478776_4yearsFollowUpMGS,EGAN00002854450,SAMEA7985161,EGAR00002589132,EGAX00002368215,EGAS00001001704,ENA-CHECKLIST=ERC000026;organism_part=stool
9002000001479951_4yearsFollowUpMGS,EGAN00002854621,SAMEA7985382,EGAR00002589009,EGAX00002368092,EGAS00001001704,ENA-CHECKLIST=ERC000026;organism_part=stool
9002000001480184LL_4yearsFollowUpMGS,EGAN00002854319,SAMEA7984994,EGAR00002588867,EGAX00002367950,EGAS00001001704,ENA-CHECKLIST=ERC000026;organism_part=stool
9002000001480326_4yearsFollowUpMGS,EGAN00002854626,SAMEA7985387,EGAR00002589010,EGAX00002368093,EGAS00001001704,ENA-CHECKLIST=ERC000026;organism_part=stool
9002000001482920_4yearsFollowUpMGS,EGAN00002854322,SAMEA7984997,EGAR00002588870,EGAX00002367953,EGAS00001001704,ENA-CHECKLIST=ERC000026;organism_part=stool
9002000001484586_4yearsFollowUpMGS,EGAN00002854485,SAMEA7985196,EGAR00002589099,EGAX00002368182,EGAS00001001704,ENA-CHECKLIST=ERC000026;organism_part=stool
9002000001484933_4yearsFollowUpMGS,EGAN00002854418,SAMEA7985129,EGAR00002588800,EGAX00002367883,EGAS00001001704,ENA-CHECKLIST=ERC000026;organism_part=stool
9002000001485725_4yearsFollowUpMGS,EGAN00002854331,SAMEA7985006,EGAR00002588865,EGAX00002367948,EGAS00001001704,ENA-CHECKLIST=ERC000026;organism_part=stool
9002000001487499_4yearsFollowUpMGS,EGAN00002854557,SAMEA7985318,EGAR00002588944,EGAX00002368027,EGAS00001001704,ENA-CHECKLIST=ERC000026;organism_part=stool
9002000001492917_4yearsFollowUpMGS,EGAN00002854627,SAMEA7985388,EGAR00002589012,EGAX00002368095,EGAS00001001704,ENA-CHECKLIST=ERC000026;organism_part=stool
9002000001492953_4yearsFollowUpMGS,EGAN00002854620,SAMEA7985381,EGAR00002589007,EGAX00002368090,EGAS00001001704,ENA-CHECKLIST=ERC000026;organism_part=stool
9002000001494617_4yearsFollowUpMGS,EGAN00002854625,SAMEA7985386,EGAR00002589008,EGAX00002368091,EGAS00001001704,ENA-CHECKLIST=ERC000026;organism_part=stool
9002000001495848_4yearsFollowUpMGS,EGAN00002854484,SAMEA7985195,EGAR00002589098,EGAX00002368181,EGAS00001001704,ENA-CHECKLIST=ERC000026;organism_part=stool
9002000001497216_4yearsFollowUpMGS,EGAN00002854395,SAMEA7985106,EGAR00002588822,EGAX00002367905,EGAS00001001704,ENA-CHECKLIST=ERC000026;organism_part=stool
9002000001498948_4yearsFollowUpMGS,EGAN00002854593,SAMEA7985354,EGAR00002588986,EGAX00002368069,EGAS00001001704,ENA-CHECKLIST=ERC000026;organism_part=stool
9002000001501005_4yearsFollowUpMGS,EGAN00002854609,SAMEA7985370,EGAR00002588998,EGAX00002368081,EGAS00001001704,ENA-CHECKLIST=ERC000026;organism_part=stool
9002000001501838_4yearsFollowUpMGS,EGAN00002854657,SAMEA7985418,EGAR00002589044,EGAX00002368127,EGAS00001001704,ENA-CHECKLIST=ERC000026;organism_part=stool
9002000001501892_4yearsFollowUpMGS,EGAN00002854598,SAMEA7985359,EGAR00002588989,EGAX00002368072,EGAS00001001704,ENA-CHECKLIST=ERC000026;organism_part=stool
9002000001503369_4yearsFollowUpMGS,EGAN00002854633,SAMEA7985394,EGAR00002589020,EGAX00002368103,EGAS00001001704,ENA-CHECKLIST=ERC000026;organism_part=stool
9002000001504132_4yearsFollowUpMGS,EGAN00002854610,SAMEA7985371,EGAR00002588999,EGAX00002368082,EGAS00001001704,ENA-CHECKLIST=ERC000026;organism_part=stool
9002000001504221_4yearsFollowUpMGS,EGAN00002854669,SAMEA7985430,EGAR00002589056,EGAX00002368139,EGAS00001001704,ENA-CHECKLIST=ERC000026;organism_part=stool
9002000001506333_4yearsFollowUpMGS,EGAN00002854660,SAMEA7985421,EGAR00002589047,EGAX00002368130,EGAS00001001704,ENA-CHECKLIST=ERC000026;organism_part=stool
9002000001510130_4yearsFollowUpMGS,EGAN00002854496,SAMEA7985207,EGAR00002589090,EGAX00002368173,EGAS00001001704,ENA-CHECKLIST=ERC000026;organism_part=stool
9002000001512770_4yearsFollowUpMGS,EGAN00002854497,SAMEA7985208,EGAR00002589089,EGAX00002368172,EGAS00001001704,ENA-CHECKLIST=ERC000026;organism_part=stool
9002000001514308_4yearsFollowUpMGS,EGAN00002854474,SAMEA7985185,EGAR00002589113,EGAX00002368196,EGAS00001001704,ENA-CHECKLIST=ERC000026;organism_part=stool
9002000001515593_4yearsFollowUpMGS,EGAN00002854631,SAMEA7985392,EGAR00002589018,EGAX00002368101,EGAS00001001704,ENA-CHECKLIST=ERC000026;organism_part=stool
9002000001517364_4yearsFollowUpMGS,EGAN00002854662,SAMEA7985423,EGAR00002589049,EGAX00002368132,EGAS00001001704,ENA-CHECKLIST=ERC000026;organism_part=stool
9002000001521670_4yearsFollowUpMGS,EGAN00002854492,SAMEA7985203,EGAR00002589094,EGAX00002368177,EGAS00001001704,ENA-CHECKLIST=ERC000026;organism_part=stool
9002000001523343_4yearsFollowUpMGS,EGAN00002854483,SAMEA7985194,EGAR00002589102,EGAX00002368185,EGAS00001001704,ENA-CHECKLIST=ERC000026;organism_part=stool
9002000001523405_4yearsFollowUpMGS,EGAN00002854486,SAMEA7985197,EGAR00002589101,EGAX00002368184,EGAS00001001704,ENA-CHECKLIST=ERC000026;organism_part=stool
9002000001525624_4yearsFollowUpMGS,EGAN00002854599,SAMEA7985360,EGAR00002588979,EGAX00002368062,EGAS00001001704,ENA-CHECKLIST=ERC000026;organism_part=stool
9002000001527262_4yearsFollowUpMGS,EGAN00002854642,SAMEA7985403,EGAR00002589033,EGAX00002368116,EGAS00001001704,ENA-CHECKLIST=ERC000026;organism_part=stool
9002000001527647_4yearsFollowUpMGS,EGAN00002854641,SAMEA7985402,EGAR00002589032,EGAX00002368115,EGAS00001001704,ENA-CHECKLIST=ERC000026;organism_part=stool
9002000001530894_4yearsFollowUpMGS,EGAN00002854328,SAMEA7985003,EGAR00002588863,EGAX00002367946,EGAS00001001704,ENA-CHECKLIST=ERC000026;organism_part=stool
9002000001531363_4yearsFollowUpMGS,EGAN00002854473,SAMEA7985184,EGAR00002589114,EGAX00002368197,EGAS00001001704,ENA-CHECKLIST=ERC000026;organism_part=stool
9002000001531940_4yearsFollowUpMGS,EGAN00002854600,SAMEA7985361,EGAR00002588982,EGAX00002368065,EGAS00001001704,ENA-CHECKLIST=ERC000026;organism_part=stool
9002000001537510_4yearsFollowUpMGS,EGAN00002854540,SAMEA7985301,EGAR00002588906,EGAX00002367989,EGAS00001001704,ENA-CHECKLIST=ERC000026;organism_part=stool
9002000001542350_4yearsFollowUpMGS,EGAN00002854465,SAMEA7985176,EGAR00002589117,EGAX00002368200,EGAS00001001704,ENA-CHECKLIST=ERC000026;organism_part=stool
9002000001543510_4yearsFollowUpMGS,EGAN00002854467,SAMEA7985178,EGAR00002589116,EGAX00002368199,EGAS00001001704,ENA-CHECKLIST=ERC000026;organism_part=stool
9002000001547000_4yearsFollowUpMGS,EGAN00002854477,SAMEA7985188,EGAR00002589111,EGAX00002368194,EGAS00001001704,ENA-CHECKLIST=ERC000026;organism_part=stool
9002000001547520_4yearsFollowUpMGS,EGAN00002854498,SAMEA7985209,EGAR00002589075,EGAX00002368158,EGAS00001001704,ENA-CHECKLIST=ERC000026;organism_part=stool
9002000001551301_4yearsFollowUpMGS,EGAN00002854323,SAMEA7984998,EGAR00002588875,EGAX00002367958,EGAS00001001704,ENA-CHECKLIST=ERC000026;organism_part=stool
9002000001552710_4yearsFollowUpMGS,EGAN00002854613,SAMEA7985374,EGAR00002589003,EGAX00002368086,EGAS00001001704,ENA-CHECKLIST=ERC000026;organism_part=stool
9002000001554377_4yearsFollowUpMGS,EGAN00002854624,SAMEA7985385,EGAR00002589014,EGAX00002368097,EGAS00001001704,ENA-CHECKLIST=ERC000026;organism_part=stool
9002000001554439_4yearsFollowUpMGS,EGAN00002854628,SAMEA7985389,EGAR00002589015,EGAX00002368098,EGAS00001001704,ENA-CHECKLIST=ERC000026;organism_part=stool
9002000001556980LL_4yearsFollowUpMGS,EGAN00002854487,SAMEA7985198,EGAR00002589100,EGAX00002368183,EGAS00001001704,ENA-CHECKLIST=ERC000026;organism_part=stool
9002000001558115_4yearsFollowUpMGS,EGAN00002854656,SAMEA7985417,EGAR00002589043,EGAX00002368126,EGAS00001001704,ENA-CHECKLIST=ERC000026;organism_part=stool
9002000001565405_4yearsFollowUpMGS,EGAN00002854619,SAMEA7985380,EGAR00002589001,EGAX00002368084,EGAS00001001704,ENA-CHECKLIST=ERC000026;organism_part=stool
9002000001566660_4yearsFollowUpMGS,EGAN00002854449,SAMEA7985160,EGAR00002589133,EGAX00002368216,EGAS00001001704,ENA-CHECKLIST=ERC000026;organism_part=stool
9002000001567974_4yearsFollowUpMGS,EGAN00002854343,SAMEA7985018,EGAR00002588850,EGAX00002367933,EGAS00001001704,ENA-CHECKLIST=ERC000026;organism_part=stool
9002000001570129_4yearsFollowUpMGS,EGAN00002854622,SAMEA7985383,EGAR00002589011,EGAX00002368094,EGAS00001001704,ENA-CHECKLIST=ERC000026;organism_part=stool
9002000001572150_4yearsFollowUpMGS,EGAN00002854666,SAMEA7985427,EGAR00002589053,EGAX00002368136,EGAS00001001704,ENA-CHECKLIST=ERC000026;organism_part=stool
9002000001572713_4yearsFollowUpMGS,EGAN00002854551,SAMEA7985312,EGAR00002588929,EGAX00002368012,EGAS00001001704,ENA-CHECKLIST=ERC000026;organism_part=stool
9002000001572920_4yearsFollowUpMGS,EGAN00002854456,SAMEA7985167,EGAR00002589129,EGAX00002368212,EGAS00001001704,ENA-CHECKLIST=ERC000026;organism_part=stool
9002000001574290_4yearsFollowUpMGS,EGAN00002854480,SAMEA7985191,EGAR00002589097,EGAX00002368180,EGAS00001001704,ENA-CHECKLIST=ERC000026;organism_part=stool
9002000001577190_4yearsFollowUpMGS,EGAN00002854490,SAMEA7985201,EGAR00002589087,EGAX00002368170,EGAS00001001704,ENA-CHECKLIST=ERC000026;organism_part=stool
9002000001577850_4yearsFollowUpMGS,EGAN00002854466,SAMEA7985177,EGAR00002589115,EGAX00002368198,EGAS00001001704,ENA-CHECKLIST=ERC000026;organism_part=stool
9002000001580090_4yearsFollowUpMGS,EGAN00002854603,SAMEA7985364,EGAR00002588992,EGAX00002368075,EGAS00001001704,ENA-CHECKLIST=ERC000026;organism_part=stool
9002000001582170_4yearsFollowUpMGS,EGAN00002854329,SAMEA7985004,EGAR00002588862,EGAX00002367945,EGAS00001001704,ENA-CHECKLIST=ERC000026;organism_part=stool
9002000001584779_4yearsFollowUpMGS,EGAN00002854645,SAMEA7985406,EGAR00002589034,EGAX00002368117,EGAS00001001704,ENA-CHECKLIST=ERC000026;organism_part=stool
9002000001588517_4yearsFollowUpMGS,EGAN00002854317,SAMEA7984992,EGAR00002588797,EGAX00002367880,EGAS00001001704,ENA-CHECKLIST=ERC000026;organism_part=stool
9002000001589560_4yearsFollowUpMGS,EGAN00002854470,SAMEA7985181,EGAR00002589107,EGAX00002368190,EGAS00001001704,ENA-CHECKLIST=ERC000026;organism_part=stool
9002000001589917_4yearsFollowUpMGS,EGAN00002854460,SAMEA7985171,EGAR00002589122,EGAX00002368205,EGAS00001001704,ENA-CHECKLIST=ERC000026;organism_part=stool
9005000001577950_4yearsFollowUpMGS,EGAN00002854675,SAMEA7985436,EGAR00002589062,EGAX00002368145,EGAS00001001704,ENA-CHECKLIST=ERC000026;organism_part=stool
