Run,Assay Type,AvgSpotLen,Bases,BioProject,BioSample,BioSampleModel,Bytes,Center Name,Collection_Date,Consent,DATASTORE filetype,DATASTORE provider,DATASTORE region,Experiment,geo_loc_name_country,geo_loc_name_country_continent,geo_loc_name,HOST,Instrument,isolation_source,lat_lon,Library Name,LibraryLayout,LibrarySelection,LibrarySource,Organism,Platform,ReleaseDate,create_date,version,Sample Name,SRA Study
SRR28172331,OTHER,302,14627180042,PRJNA1082417,SAMN40210196,Metagenome or environmental,4966444673,XIYUAN HOSPITAL,2021,public,"fastq,run.zq,sra","gs,ncbi,s3","gs.us-east1,ncbi.public,s3.us-east-1",SRX23802490,China,Asia,China: Beijing,Homo sapiens,Illumina NovaSeq 6000,missing,39.66 N 116.18 E,A024,PAIRED,other,METAGENOMIC,human gut metagenome,ILLUMINA,2024-07-25T00:00:00Z,2024-02-29T22:35:00Z,1,A024,SRP492714
SRR28172332,OTHER,302,14463937264,PRJNA1082417,SAMN40210268,Metagenome or environmental,4444035432,XIYUAN HOSPITAL,2021,public,"fastq,run.zq,sra","gs,ncbi,s3","gs.us-east1,ncbi.public,s3.us-east-1",SRX23802489,China,Asia,China: Beijing,Homo sapiens,Illumina NovaSeq 6000,missing,39.57 N 116.50 E,A114,PAIRED,other,METAGENOMIC,human gut metagenome,ILLUMINA,2024-07-25T00:00:00Z,2024-02-29T22:30:00Z,1,A114,SRP492714
SRR28172333,OTHER,302,13295166158,PRJNA1082417,SAMN40210267,Metagenome or environmental,4369228771,XIYUAN HOSPITAL,2021,public,"fastq,run.zq,sra","gs,ncbi,s3","gs.us-east1,ncbi.public,s3.us-east-1",SRX23802488,China,Asia,China: Beijing,Homo sapiens,Illumina NovaSeq 6000,missing,39.57 N 116.49 E,A150,PAIRED,other,METAGENOMIC,human gut metagenome,ILLUMINA,2024-07-25T00:00:00Z,2024-02-29T22:27:00Z,1,A150,SRP492714
SRR28172334,OTHER,302,13242156400,PRJNA1082417,SAMN40210195,Metagenome or environmental,4509004113,XIYUAN HOSPITAL,2021,public,"fastq,run.zq,sra","gs,ncbi,s3","gs.us-east1,ncbi.public,s3.us-east-1",SRX23802487,China,Asia,China: Beijing,Homo sapiens,Illumina NovaSeq 6000,missing,39.65 N 116.18 E,A018,PAIRED,other,METAGENOMIC,human gut metagenome,ILLUMINA,2024-07-25T00:00:00Z,2024-02-29T22:30:00Z,1,A018,SRP492714
SRR28172335,OTHER,302,16925024958,PRJNA1082417,SAMN40210266,Metagenome or environmental,5585707770,XIYUAN HOSPITAL,2021,public,"fastq,run.zq,sra","gs,ncbi,s3","gs.us-east1,ncbi.public,s3.us-east-1",SRX23802486,China,Asia,China: Beijing,Homo sapiens,Illumina NovaSeq 6000,missing,39.57 N 116.48 E,A147,PAIRED,other,METAGENOMIC,human gut metagenome,ILLUMINA,2024-07-25T00:00:00Z,2024-02-29T22:33:00Z,1,A147,SRP492714
SRR28172336,OTHER,302,12625257376,PRJNA1082417,SAMN40210265,Metagenome or environmental,4098323373,XIYUAN HOSPITAL,2021,public,"fastq,run.zq,sra","gs,ncbi,s3","gs.us-east1,ncbi.public,s3.us-east-1",SRX23802485,China,Asia,China: Beijing,Homo sapiens,Illumina NovaSeq 6000,missing,39.57 N 116.47 E,A146,PAIRED,other,METAGENOMIC,human gut metagenome,ILLUMINA,2024-07-25T00:00:00Z,2024-02-29T22:29:00Z,1,A146,SRP492714
SRR28172337,OTHER,302,13128015198,PRJNA1082417,SAMN40210264,Metagenome or environmental,4313402760,XIYUAN HOSPITAL,2021,public,"fastq,run.zq,sra","gs,ncbi,s3","gs.us-east1,ncbi.public,s3.us-east-1",SRX23802484,China,Asia,China: Beijing,Homo sapiens,Illumina NovaSeq 6000,missing,39.57 N 116.46 E,A143,PAIRED,other,METAGENOMIC,human gut metagenome,ILLUMINA,2024-07-25T00:00:00Z,2024-02-29T22:25:00Z,1,A143,SRP492714
SRR28172338,OTHER,302,13324529014,PRJNA1082417,SAMN40210263,Metagenome or environmental,4412671813,XIYUAN HOSPITAL,2021,public,"fastq,run.zq,sra","gs,ncbi,s3","gs.us-east1,ncbi.public,s3.us-east-1",SRX23802483,China,Asia,China: Beijing,Homo sapiens,Illumina NovaSeq 6000,missing,39.57 N 116.45 E,A139,PAIRED,other,METAGENOMIC,human gut metagenome,ILLUMINA,2024-07-25T00:00:00Z,2024-02-29T22:25:00Z,1,A139,SRP492714
SRR28172339,OTHER,302,12639560096,PRJNA1082417,SAMN40210262,Metagenome or environmental,4084405940,XIYUAN HOSPITAL,2021,public,"fastq,run.zq,sra","gs,ncbi,s3","gs.us-east1,ncbi.public,s3.us-east-1",SRX23802482,China,Asia,China: Beijing,Homo sapiens,Illumina NovaSeq 6000,missing,39.57 N 116.44 E,A136,PAIRED,other,METAGENOMIC,human gut metagenome,ILLUMINA,2024-07-25T00:00:00Z,2024-02-29T22:25:00Z,1,A136,SRP492714
SRR28172340,OTHER,302,13347899586,PRJNA1082417,SAMN40210261,Metagenome or environmental,4360514694,XIYUAN HOSPITAL,2021,public,"fastq,run.zq,sra","gs,ncbi,s3","gs.us-east1,ncbi.public,s3.us-east-1",SRX23802481,China,Asia,China: Beijing,Homo sapiens,Illumina NovaSeq 6000,missing,39.57 N 116.43 E,A135,PAIRED,other,METAGENOMIC,human gut metagenome,ILLUMINA,2024-07-25T00:00:00Z,2024-02-29T22:33:00Z,1,A135,SRP492714
SRR28172341,OTHER,302,16834174600,PRJNA1082417,SAMN40210260,Metagenome or environmental,5410534501,XIYUAN HOSPITAL,2021,public,"fastq,run.zq,sra","gs,ncbi,s3","gs.us-east1,ncbi.public,s3.us-east-1",SRX23802480,China,Asia,China: Beijing,Homo sapiens,Illumina NovaSeq 6000,missing,39.57 N 116.42 E,A134,PAIRED,other,METAGENOMIC,human gut metagenome,ILLUMINA,2024-07-25T00:00:00Z,2024-02-29T22:29:00Z,1,A134,SRP492714
SRR28172342,OTHER,302,16329198588,PRJNA1082417,SAMN40210259,Metagenome or environmental,5471117416,XIYUAN HOSPITAL,2021,public,"fastq,run.zq,sra","gs,ncbi,s3","gs.us-east1,ncbi.public,s3.us-east-1",SRX23802479,China,Asia,China: Beijing,Homo sapiens,Illumina NovaSeq 6000,missing,39.57 N 116.41 E,A133,PAIRED,other,METAGENOMIC,human gut metagenome,ILLUMINA,2024-07-25T00:00:00Z,2024-02-29T22:35:00Z,1,A133,SRP492714
SRR28172343,OTHER,302,13394841560,PRJNA1082417,SAMN40210258,Metagenome or environmental,4380655858,XIYUAN HOSPITAL,2021,public,"fastq,run.zq,sra","gs,ncbi,s3","gs.us-east1,ncbi.public,s3.us-east-1",SRX23802478,China,Asia,China: Beijing,Homo sapiens,Illumina NovaSeq 6000,missing,39.57 N 116.40 E,A131,PAIRED,other,METAGENOMIC,human gut metagenome,ILLUMINA,2024-07-25T00:00:00Z,2024-02-29T22:35:00Z,1,A131,SRP492714
SRR28172344,OTHER,302,14513596936,PRJNA1082417,SAMN40210257,Metagenome or environmental,4700846332,XIYUAN HOSPITAL,2021,public,"fastq,run.zq,sra","gs,ncbi,s3","gs.us-east1,ncbi.public,s3.us-east-1",SRX23802477,China,Asia,China: Beijing,Homo sapiens,Illumina NovaSeq 6000,missing,39.57 N 116.39 E,A129,PAIRED,other,METAGENOMIC,human gut metagenome,ILLUMINA,2024-07-25T00:00:00Z,2024-02-29T22:30:00Z,1,A129,SRP492714
SRR28172345,OTHER,302,13792537206,PRJNA1082417,SAMN40210194,Metagenome or environmental,4747601639,XIYUAN HOSPITAL,2021,public,"fastq,run.zq,sra","gs,ncbi,s3","gs.us-east1,ncbi.public,s3.us-east-1",SRX23802476,China,Asia,China: Beijing,Homo sapiens,Illumina NovaSeq 6000,missing,39.64 N 116.18 E,A017,PAIRED,other,METAGENOMIC,human gut metagenome,ILLUMINA,2024-07-25T00:00:00Z,2024-02-29T22:30:00Z,1,A017,SRP492714
SRR28172346,OTHER,302,13258555906,PRJNA1082417,SAMN40210256,Metagenome or environmental,4289710346,XIYUAN HOSPITAL,2021,public,"fastq,run.zq,sra","gs,ncbi,s3","gs.us-east1,ncbi.public,s3.us-east-1",SRX23802475,China,Asia,China: Beijing,Homo sapiens,Illumina NovaSeq 6000,missing,39.57 N 116.38 E,A128,PAIRED,other,METAGENOMIC,human gut metagenome,ILLUMINA,2024-07-25T00:00:00Z,2024-02-29T22:32:00Z,1,A128,SRP492714
SRR28172347,OTHER,302,12808134382,PRJNA1082417,SAMN40210255,Metagenome or environmental,4228483944,XIYUAN HOSPITAL,2021,public,"fastq,run.zq,sra","gs,ncbi,s3","gs.us-east1,ncbi.public,s3.us-east-1",SRX23802474,China,Asia,China: Beijing,Homo sapiens,Illumina NovaSeq 6000,missing,39.57 N 116.37 E,A126,PAIRED,other,METAGENOMIC,human gut metagenome,ILLUMINA,2024-07-25T00:00:00Z,2024-02-29T22:29:00Z,1,A126,SRP492714
SRR28172348,OTHER,302,13299701594,PRJNA1082417,SAMN40210254,Metagenome or environmental,4355239394,XIYUAN HOSPITAL,2021,public,"fastq,run.zq,sra","gs,ncbi,s3","gs.us-east1,ncbi.public,s3.us-east-1",SRX23802473,China,Asia,China: Beijing,Homo sapiens,Illumina NovaSeq 6000,missing,39.57 N 116.36 E,A123,PAIRED,other,METAGENOMIC,human gut metagenome,ILLUMINA,2024-07-25T00:00:00Z,2024-02-29T22:26:00Z,1,A123,SRP492714
SRR28172349,OTHER,302,12986814494,PRJNA1082417,SAMN40210253,Metagenome or environmental,4232174276,XIYUAN HOSPITAL,2021,public,"fastq,run.zq,sra","gs,ncbi,s3","gs.us-east1,ncbi.public,s3.us-east-1",SRX23802472,China,Asia,China: Beijing,Homo sapiens,Illumina NovaSeq 6000,missing,39.57 N 116.35 E,A121,PAIRED,other,METAGENOMIC,human gut metagenome,ILLUMINA,2024-07-25T00:00:00Z,2024-02-29T22:29:00Z,1,A121,SRP492714
SRR28172350,OTHER,302,15324365766,PRJNA1082417,SAMN40210252,Metagenome or environmental,4937800816,XIYUAN HOSPITAL,2021,public,"fastq,run.zq,sra","gs,ncbi,s3","gs.us-east1,ncbi.public,s3.us-east-1",SRX23802471,China,Asia,China: Beijing,Homo sapiens,Illumina NovaSeq 6000,missing,39.57 N 116.34 E,A120,PAIRED,other,METAGENOMIC,human gut metagenome,ILLUMINA,2024-07-25T00:00:00Z,2024-02-29T22:27:00Z,1,A120,SRP492714
SRR28172351,OTHER,302,14645047570,PRJNA1082417,SAMN40210251,Metagenome or environmental,4748158314,XIYUAN HOSPITAL,2021,public,"fastq,run.zq,sra","gs,ncbi,s3","gs.us-east1,ncbi.public,s3.us-east-1",SRX23802470,China,Asia,China: Beijing,Homo sapiens,Illumina NovaSeq 6000,missing,39.57 N 116.33 E,A118,PAIRED,other,METAGENOMIC,human gut metagenome,ILLUMINA,2024-07-25T00:00:00Z,2024-02-29T22:26:00Z,1,A118,SRP492714
SRR28172352,OTHER,302,13198480556,PRJNA1082417,SAMN40210250,Metagenome or environmental,4292791468,XIYUAN HOSPITAL,2021,public,"fastq,run.zq,sra","gs,ncbi,s3","gs.us-east1,ncbi.public,s3.us-east-1",SRX23802469,China,Asia,China: Beijing,Homo sapiens,Illumina NovaSeq 6000,missing,39.57 N 116.32 E,A117,PAIRED,other,METAGENOMIC,human gut metagenome,ILLUMINA,2024-07-25T00:00:00Z,2024-02-29T22:32:00Z,1,A117,SRP492714
SRR28172353,OTHER,302,14320419012,PRJNA1082417,SAMN40210249,Metagenome or environmental,4723908659,XIYUAN HOSPITAL,2021,public,"fastq,run.zq,sra","gs,ncbi,s3","gs.us-east1,ncbi.public,s3.us-east-1",SRX23802468,China,Asia,China: Beijing,Homo sapiens,Illumina NovaSeq 6000,missing,39.57 N 116.31 E,A116,PAIRED,other,METAGENOMIC,human gut metagenome,ILLUMINA,2024-07-25T00:00:00Z,2024-02-29T22:33:00Z,1,A116,SRP492714
SRR28172354,OTHER,302,14654935956,PRJNA1082417,SAMN40210248,Metagenome or environmental,4791540705,XIYUAN HOSPITAL,2021,public,"fastq,run.zq,sra","gs,ncbi,s3","gs.us-east1,ncbi.public,s3.us-east-1",SRX23802467,China,Asia,China: Beijing,Homo sapiens,Illumina NovaSeq 6000,missing,39.57 N 116.30 E,A115,PAIRED,other,METAGENOMIC,human gut metagenome,ILLUMINA,2024-07-25T00:00:00Z,2024-02-29T22:30:00Z,1,A115,SRP492714
SRR28172355,OTHER,302,13319927742,PRJNA1082417,SAMN40210247,Metagenome or environmental,4336345756,XIYUAN HOSPITAL,2021,public,"fastq,run.zq,sra","gs,ncbi,s3","gs.us-east1,ncbi.public,s3.us-east-1",SRX23802466,China,Asia,China: Beijing,Homo sapiens,Illumina NovaSeq 6000,missing,39.57 N 116.29 E,A113,PAIRED,other,METAGENOMIC,human gut metagenome,ILLUMINA,2024-07-25T00:00:00Z,2024-02-29T22:26:00Z,1,A113,SRP492714
SRR28172356,OTHER,302,13097396928,PRJNA1082417,SAMN40210193,Metagenome or environmental,4483813021,XIYUAN HOSPITAL,2021,public,"fastq,run.zq,sra","gs,ncbi,s3","gs.us-east1,ncbi.public,s3.us-east-1",SRX23802465,China,Asia,China: Beijing,Homo sapiens,Illumina NovaSeq 6000,missing,39.63 N 116.18 E,A016,PAIRED,other,METAGENOMIC,human gut metagenome,ILLUMINA,2024-07-25T00:00:00Z,2024-02-29T22:30:00Z,1,A016,SRP492714
SRR28172357,OTHER,302,13554343162,PRJNA1082417,SAMN40210246,Metagenome or environmental,4382310365,XIYUAN HOSPITAL,2021,public,"fastq,run.zq,sra","gs,ncbi,s3","gs.us-east1,ncbi.public,s3.us-east-1",SRX23802464,China,Asia,China: Beijing,Homo sapiens,Illumina NovaSeq 6000,missing,39.57 N 116.28 E,A112,PAIRED,other,METAGENOMIC,human gut metagenome,ILLUMINA,2024-07-25T00:00:00Z,2024-02-29T22:31:00Z,1,A112,SRP492714
SRR28172358,OTHER,302,12986267874,PRJNA1082417,SAMN40210245,Metagenome or environmental,4231817898,XIYUAN HOSPITAL,2021,public,"fastq,run.zq,sra","gs,ncbi,s3","gs.us-east1,ncbi.public,s3.us-east-1",SRX23802463,China,Asia,China: Beijing,Homo sapiens,Illumina NovaSeq 6000,missing,39.57 N 116.27 E,A111,PAIRED,other,METAGENOMIC,human gut metagenome,ILLUMINA,2024-07-25T00:00:00Z,2024-02-29T22:32:00Z,1,A111,SRP492714
SRR28172359,OTHER,302,12265011844,PRJNA1082417,SAMN40210244,Metagenome or environmental,4023123898,XIYUAN HOSPITAL,2021,public,"fastq,run.zq,sra","gs,ncbi,s3","gs.us-east1,ncbi.public,s3.us-east-1",SRX23802462,China,Asia,China: Beijing,Homo sapiens,Illumina NovaSeq 6000,missing,39.57 N 116.26 E,A110,PAIRED,other,METAGENOMIC,human gut metagenome,ILLUMINA,2024-07-25T00:00:00Z,2024-02-29T22:25:00Z,1,A110,SRP492714
SRR28172360,OTHER,302,12895311816,PRJNA1082417,SAMN40210243,Metagenome or environmental,4150342477,XIYUAN HOSPITAL,2021,public,"fastq,run.zq,sra","gs,ncbi,s3","gs.us-east1,ncbi.public,s3.us-east-1",SRX23802461,China,Asia,China: Beijing,Homo sapiens,Illumina NovaSeq 6000,missing,39.57 N 116.25 E,A108,PAIRED,other,METAGENOMIC,human gut metagenome,ILLUMINA,2024-07-25T00:00:00Z,2024-02-29T22:34:00Z,1,A108,SRP492714
SRR28172361,OTHER,302,13070900354,PRJNA1082417,SAMN40210242,Metagenome or environmental,4278741808,XIYUAN HOSPITAL,2021,public,"fastq,run.zq,sra","gs,ncbi,s3","gs.us-east1,ncbi.public,s3.us-east-1",SRX23802460,China,Asia,China: Beijing,Homo sapiens,Illumina NovaSeq 6000,missing,39.57 N 116.24 E,A107,PAIRED,other,METAGENOMIC,human gut metagenome,ILLUMINA,2024-07-25T00:00:00Z,2024-02-29T22:30:00Z,1,A107,SRP492714
SRR28172362,OTHER,302,13530054510,PRJNA1082417,SAMN40210241,Metagenome or environmental,4364732188,XIYUAN HOSPITAL,2021,public,"fastq,run.zq,sra","gs,ncbi,s3","gs.us-east1,ncbi.public,s3.us-east-1",SRX23802459,China,Asia,China: Beijing,Homo sapiens,Illumina NovaSeq 6000,missing,39.57 N 116.23 E,A104,PAIRED,other,METAGENOMIC,human gut metagenome,ILLUMINA,2024-07-25T00:00:00Z,2024-02-29T22:31:00Z,1,A104,SRP492714
SRR28172363,OTHER,302,13033906562,PRJNA1082417,SAMN40210240,Metagenome or environmental,4345873662,XIYUAN HOSPITAL,2021,public,"fastq,run.zq,sra","gs,ncbi,s3","gs.us-east1,ncbi.public,s3.us-east-1",SRX23802458,China,Asia,China: Beijing,Homo sapiens,Illumina NovaSeq 6000,missing,39.57 N 116.22 E,A101,PAIRED,other,METAGENOMIC,human gut metagenome,ILLUMINA,2024-07-25T00:00:00Z,2024-02-29T22:32:00Z,1,A101,SRP492714
SRR28172364,OTHER,302,12821023138,PRJNA1082417,SAMN40210239,Metagenome or environmental,4165307658,XIYUAN HOSPITAL,2021,public,"fastq,run.zq,sra","gs,ncbi,s3","gs.us-east1,ncbi.public,s3.us-east-1",SRX23802457,China,Asia,China: Beijing,Homo sapiens,Illumina NovaSeq 6000,missing,39.57 N 116.21 E,A094,PAIRED,other,METAGENOMIC,human gut metagenome,ILLUMINA,2024-07-25T00:00:00Z,2024-02-29T22:35:00Z,1,A094,SRP492714
SRR28172365,OTHER,302,12991153026,PRJNA1082417,SAMN40210238,Metagenome or environmental,4291696385,XIYUAN HOSPITAL,2021,public,"fastq,run.zq,sra","gs,ncbi,s3","gs.us-east1,ncbi.public,s3.us-east-1",SRX23802456,China,Asia,China: Beijing,Homo sapiens,Illumina NovaSeq 6000,missing,39.57 N 116.20 E,A093,PAIRED,other,METAGENOMIC,human gut metagenome,ILLUMINA,2024-07-25T00:00:00Z,2024-02-29T22:29:00Z,1,A093,SRP492714
SRR28172366,OTHER,302,15308200008,PRJNA1082417,SAMN40210237,Metagenome or environmental,4854156232,XIYUAN HOSPITAL,2021,public,"fastq,run.zq,sra","gs,ncbi,s3","gs.us-east1,ncbi.public,s3.us-east-1",SRX23802455,China,Asia,China: Beijing,Homo sapiens,Illumina NovaSeq 6000,missing,39.57 N 116.19 E,A092,PAIRED,other,METAGENOMIC,human gut metagenome,ILLUMINA,2024-07-25T00:00:00Z,2024-02-29T22:31:00Z,1,A092,SRP492714
SRR28172367,OTHER,302,16832553766,PRJNA1082417,SAMN40210192,Metagenome or environmental,5719738105,XIYUAN HOSPITAL,2021,public,"fastq,run.zq,sra","gs,ncbi,s3","gs.us-east1,ncbi.public,s3.us-east-1",SRX23802454,China,Asia,China: Beijing,Homo sapiens,Illumina NovaSeq 6000,missing,39.62 N 116.18 E,A010,PAIRED,other,METAGENOMIC,human gut metagenome,ILLUMINA,2024-07-25T00:00:00Z,2024-02-29T22:35:00Z,1,A010,SRP492714
SRR28172368,OTHER,302,12927944728,PRJNA1082417,SAMN40210236,Metagenome or environmental,4314108015,XIYUAN HOSPITAL,2021,public,"fastq,run.zq,sra","gs,ncbi,s3","gs.us-east1,ncbi.public,s3.us-east-1",SRX23802453,China,Asia,China: Beijing,Homo sapiens,Illumina NovaSeq 6000,missing,39.57 N 116.09 E,A090,PAIRED,other,METAGENOMIC,human gut metagenome,ILLUMINA,2024-07-25T00:00:00Z,2024-02-29T22:29:00Z,1,A090,SRP492714
SRR28172369,OTHER,302,13290538914,PRJNA1082417,SAMN40210235,Metagenome or environmental,4351449784,XIYUAN HOSPITAL,2021,public,"fastq,run.zq,sra","gs,ncbi,s3","gs.us-east1,ncbi.public,s3.us-east-1",SRX23802452,China,Asia,China: Beijing,Homo sapiens,Illumina NovaSeq 6000,missing,39.57 N 116.17 E,A087,PAIRED,other,METAGENOMIC,human gut metagenome,ILLUMINA,2024-07-25T00:00:00Z,2024-02-29T22:29:00Z,1,A087,SRP492714
SRR28172370,OTHER,302,13924503656,PRJNA1082417,SAMN40210234,Metagenome or environmental,4643761431,XIYUAN HOSPITAL,2021,public,"fastq,run.zq,sra","gs,ncbi,s3","gs.us-east1,ncbi.public,s3.us-east-1",SRX23802451,China,Asia,China: Beijing,Homo sapiens,Illumina NovaSeq 6000,missing,39.57 N 116.16 E,A086,PAIRED,other,METAGENOMIC,human gut metagenome,ILLUMINA,2024-07-25T00:00:00Z,2024-02-29T22:30:00Z,1,A086,SRP492714
SRR28172371,OTHER,302,13317992828,PRJNA1082417,SAMN40210233,Metagenome or environmental,4405983555,XIYUAN HOSPITAL,2021,public,"fastq,run.zq,sra","gs,ncbi,s3","gs.us-east1,ncbi.public,s3.us-east-1",SRX23802450,China,Asia,China: Beijing,Homo sapiens,Illumina NovaSeq 6000,missing,39.57 N 116.15 E,A081,PAIRED,other,METAGENOMIC,human gut metagenome,ILLUMINA,2024-07-25T00:00:00Z,2024-02-29T22:32:00Z,1,A081,SRP492714
SRR28172372,OTHER,302,13101579628,PRJNA1082417,SAMN40210232,Metagenome or environmental,4275262295,XIYUAN HOSPITAL,2021,public,"fastq,run.zq,sra","gs,ncbi,s3","gs.us-east1,ncbi.public,s3.us-east-1",SRX23802449,China,Asia,China: Beijing,Homo sapiens,Illumina NovaSeq 6000,missing,39.57 N 116.14 E,A078,PAIRED,other,METAGENOMIC,human gut metagenome,ILLUMINA,2024-07-25T00:00:00Z,2024-02-29T22:27:00Z,1,A078,SRP492714
SRR28172373,OTHER,302,14388962744,PRJNA1082417,SAMN40210231,Metagenome or environmental,4750393556,XIYUAN HOSPITAL,2021,public,"fastq,run.zq,sra","gs,ncbi,s3","gs.us-east1,ncbi.public,s3.us-east-1",SRX23802448,China,Asia,China: Beijing,Homo sapiens,Illumina NovaSeq 6000,missing,39.57 N 116.13 E,A074,PAIRED,other,METAGENOMIC,human gut metagenome,ILLUMINA,2024-07-25T00:00:00Z,2024-02-29T22:29:00Z,1,A074,SRP492714
SRR28172374,OTHER,302,13291540044,PRJNA1082417,SAMN40210230,Metagenome or environmental,4325023031,XIYUAN HOSPITAL,2021,public,"fastq,run.zq,sra","gs,ncbi,s3","gs.us-east1,ncbi.public,s3.us-east-1",SRX23802447,China,Asia,China: Beijing,Homo sapiens,Illumina NovaSeq 6000,missing,39.57 N 116.12 E,A073,PAIRED,other,METAGENOMIC,human gut metagenome,ILLUMINA,2024-07-25T00:00:00Z,2024-02-29T22:28:00Z,1,A073,SRP492714
SRR28172375,OTHER,302,13136408684,PRJNA1082417,SAMN40210229,Metagenome or environmental,4344278986,XIYUAN HOSPITAL,2021,public,"fastq,run.zq,sra","gs,ncbi,s3","gs.us-east1,ncbi.public,s3.us-east-1",SRX23802446,China,Asia,China: Beijing,Homo sapiens,Illumina NovaSeq 6000,missing,39.57 N 116.11 E,A072,PAIRED,other,METAGENOMIC,human gut metagenome,ILLUMINA,2024-07-25T00:00:00Z,2024-02-29T22:27:00Z,1,A072,SRP492714
SRR28172376,OTHER,302,13134294986,PRJNA1082417,SAMN40210228,Metagenome or environmental,4280578929,XIYUAN HOSPITAL,2021,public,"fastq,run.zq,sra","gs,ncbi,s3","gs.us-east1,ncbi.public,s3.us-east-1",SRX23802445,China,Asia,China: Beijing,Homo sapiens,Illumina NovaSeq 6000,missing,39.57 N 116.10 E,A069,PAIRED,other,METAGENOMIC,human gut metagenome,ILLUMINA,2024-07-25T00:00:00Z,2024-02-29T22:28:00Z,1,A069,SRP492714
SRR28172377,OTHER,302,13245771340,PRJNA1082417,SAMN40210227,Metagenome or environmental,4355483763,XIYUAN HOSPITAL,2021,public,"fastq,run.zq,sra","gs,ncbi,s3","gs.us-east1,ncbi.public,s3.us-east-1",SRX23802444,China,Asia,China: Beijing,Homo sapiens,Illumina NovaSeq 6000,missing,39.97 N 116.18 E,A068,PAIRED,other,METAGENOMIC,human gut metagenome,ILLUMINA,2024-07-25T00:00:00Z,2024-02-29T22:28:00Z,1,A068,SRP492714
SRR28172378,OTHER,302,12987111964,PRJNA1082417,SAMN40210191,Metagenome or environmental,4438484637,XIYUAN HOSPITAL,2021,public,"fastq,run.zq,sra","gs,ncbi,s3","gs.us-east1,ncbi.public,s3.us-east-1",SRX23802443,China,Asia,China: Beijing,Homo sapiens,Illumina NovaSeq 6000,missing,39.61 N 116.18 E,A009,PAIRED,other,METAGENOMIC,human gut metagenome,ILLUMINA,2024-07-25T00:00:00Z,2024-02-29T22:28:00Z,1,A009,SRP492714
SRR28172379,OTHER,302,13359110732,PRJNA1082417,SAMN40210226,Metagenome or environmental,4340878107,XIYUAN HOSPITAL,2021,public,"fastq,run.zq,sra","gs,ncbi,s3","gs.us-east1,ncbi.public,s3.us-east-1",SRX23802442,China,Asia,China: Beijing,Homo sapiens,Illumina NovaSeq 6000,missing,39.96 N 116.18 E,A067,PAIRED,other,METAGENOMIC,human gut metagenome,ILLUMINA,2024-07-25T00:00:00Z,2024-02-29T22:29:00Z,1,A067,SRP492714
SRR28172380,OTHER,302,14183786360,PRJNA1082417,SAMN40210225,Metagenome or environmental,4566392705,XIYUAN HOSPITAL,2021,public,"fastq,run.zq,sra","gs,ncbi,s3","gs.us-east1,ncbi.public,s3.us-east-1",SRX23802441,China,Asia,China: Beijing,Homo sapiens,Illumina NovaSeq 6000,missing,39.95 N 116.18 E,A064,PAIRED,other,METAGENOMIC,human gut metagenome,ILLUMINA,2024-07-25T00:00:00Z,2024-02-29T22:27:00Z,1,A064,SRP492714
SRR28172381,OTHER,302,13511801932,PRJNA1082417,SAMN40210224,Metagenome or environmental,4463887303,XIYUAN HOSPITAL,2021,public,"fastq,run.zq,sra","gs,ncbi,s3","gs.us-east1,ncbi.public,s3.us-east-1",SRX23802440,China,Asia,China: Beijing,Homo sapiens,Illumina NovaSeq 6000,missing,39.94 N 116.18 E,A063,PAIRED,other,METAGENOMIC,human gut metagenome,ILLUMINA,2024-07-25T00:00:00Z,2024-02-29T22:27:00Z,1,A063,SRP492714
SRR28172382,OTHER,302,13382660692,PRJNA1082417,SAMN40210223,Metagenome or environmental,4331687053,XIYUAN HOSPITAL,2021,public,"fastq,run.zq,sra","gs,ncbi,s3","gs.us-east1,ncbi.public,s3.us-east-1",SRX23802439,China,Asia,China: Beijing,Homo sapiens,Illumina NovaSeq 6000,missing,39.93 N 116.18 E,A062,PAIRED,other,METAGENOMIC,human gut metagenome,ILLUMINA,2024-07-25T00:00:00Z,2024-02-29T22:30:00Z,1,A062,SRP492714
SRR28172383,OTHER,302,13237541840,PRJNA1082417,SAMN40210222,Metagenome or environmental,4315919926,XIYUAN HOSPITAL,2021,public,"fastq,run.zq,sra","gs,ncbi,s3","gs.us-east1,ncbi.public,s3.us-east-1",SRX23802438,China,Asia,China: Beijing,Homo sapiens,Illumina NovaSeq 6000,missing,39.92 N 116.18 E,A060,PAIRED,other,METAGENOMIC,human gut metagenome,ILLUMINA,2024-07-25T00:00:00Z,2024-02-29T22:27:00Z,1,A060,SRP492714
SRR28172384,OTHER,302,13352301538,PRJNA1082417,SAMN40210221,Metagenome or environmental,4304285204,XIYUAN HOSPITAL,2021,public,"fastq,run.zq,sra","gs,ncbi,s3","gs.us-east1,ncbi.public,s3.us-east-1",SRX23802437,China,Asia,China: Beijing,Homo sapiens,Illumina NovaSeq 6000,missing,39.91 N 116.18 E,A059,PAIRED,other,METAGENOMIC,human gut metagenome,ILLUMINA,2024-07-25T00:00:00Z,2024-02-29T22:27:00Z,1,A059,SRP492714
SRR28172385,OTHER,302,13265177256,PRJNA1082417,SAMN40210220,Metagenome or environmental,4330545327,XIYUAN HOSPITAL,2021,public,"fastq,run.zq,sra","gs,ncbi,s3","gs.us-east1,ncbi.public,s3.us-east-1",SRX23802436,China,Asia,China: Beijing,Homo sapiens,Illumina NovaSeq 6000,missing,39.90 N 116.18 E,A058,PAIRED,other,METAGENOMIC,human gut metagenome,ILLUMINA,2024-07-25T00:00:00Z,2024-02-29T22:28:00Z,1,A058,SRP492714
SRR28172386,OTHER,302,13479847916,PRJNA1082417,SAMN40210219,Metagenome or environmental,4328806264,XIYUAN HOSPITAL,2021,public,"fastq,run.zq,sra","gs,ncbi,s3","gs.us-east1,ncbi.public,s3.us-east-1",SRX23802435,China,Asia,China: Beijing,Homo sapiens,Illumina NovaSeq 6000,missing,39.89 N 116.18 E,A056,PAIRED,other,METAGENOMIC,human gut metagenome,ILLUMINA,2024-07-25T00:00:00Z,2024-02-29T22:27:00Z,1,A056,SRP492714
SRR28172387,OTHER,302,13100370722,PRJNA1082417,SAMN40210218,Metagenome or environmental,4233780689,XIYUAN HOSPITAL,2021,public,"fastq,run.zq,sra","gs,ncbi,s3","gs.us-east1,ncbi.public,s3.us-east-1",SRX23802434,China,Asia,China: Beijing,Homo sapiens,Illumina NovaSeq 6000,missing,39.88 N 116.18 E,A055,PAIRED,other,METAGENOMIC,human gut metagenome,ILLUMINA,2024-07-25T00:00:00Z,2024-02-29T22:27:00Z,1,A055,SRP492714
SRR28172388,OTHER,302,13397114714,PRJNA1082417,SAMN40210217,Metagenome or environmental,4380058710,XIYUAN HOSPITAL,2021,public,"fastq,run.zq,sra","gs,ncbi,s3","gs.us-east1,ncbi.public,s3.us-east-1",SRX23802433,China,Asia,China: Beijing,Homo sapiens,Illumina NovaSeq 6000,missing,39.87 N 116.18 E,A054,PAIRED,other,METAGENOMIC,human gut metagenome,ILLUMINA,2024-07-25T00:00:00Z,2024-02-29T22:29:00Z,1,A054,SRP492714
SRR28172389,OTHER,302,15938293714,PRJNA1082417,SAMN40210190,Metagenome or environmental,5383978024,XIYUAN HOSPITAL,2021,public,"fastq,run.zq,sra","gs,ncbi,s3","gs.us-east1,ncbi.public,s3.us-east-1",SRX23802432,China,Asia,China: Beijing,Homo sapiens,Illumina NovaSeq 6000,missing,39.60 N 116.18 E,A007,PAIRED,other,METAGENOMIC,human gut metagenome,ILLUMINA,2024-07-25T00:00:00Z,2024-02-29T22:32:00Z,1,A007,SRP492714
SRR28172390,OTHER,302,12379121336,PRJNA1082417,SAMN40210216,Metagenome or environmental,4079966969,XIYUAN HOSPITAL,2021,public,"fastq,run.zq,sra","gs,ncbi,s3","gs.us-east1,ncbi.public,s3.us-east-1",SRX23802431,China,Asia,China: Beijing,Homo sapiens,Illumina NovaSeq 6000,missing,39.86 N 116.18 E,A053,PAIRED,other,METAGENOMIC,human gut metagenome,ILLUMINA,2024-07-25T00:00:00Z,2024-02-29T22:27:00Z,1,A053,SRP492714
SRR28172391,OTHER,302,13571083324,PRJNA1082417,SAMN40210215,Metagenome or environmental,4537702895,XIYUAN HOSPITAL,2021,public,"fastq,run.zq,sra","gs,ncbi,s3","gs.us-east1,ncbi.public,s3.us-east-1",SRX23802430,China,Asia,China: Beijing,Homo sapiens,Illumina NovaSeq 6000,missing,39.85 N 116.18 E,A051,PAIRED,other,METAGENOMIC,human gut metagenome,ILLUMINA,2024-07-25T00:00:00Z,2024-02-29T22:28:00Z,1,A051,SRP492714
SRR28172392,OTHER,302,13328082648,PRJNA1082417,SAMN40210214,Metagenome or environmental,4406715812,XIYUAN HOSPITAL,2021,public,"fastq,run.zq,sra","gs,ncbi,s3","gs.us-east1,ncbi.public,s3.us-east-1",SRX23802429,China,Asia,China: Beijing,Homo sapiens,Illumina NovaSeq 6000,missing,39.84 N 116.18 E,A050,PAIRED,other,METAGENOMIC,human gut metagenome,ILLUMINA,2024-07-25T00:00:00Z,2024-02-29T22:27:00Z,1,A050,SRP492714
SRR28172393,OTHER,302,14610611114,PRJNA1082417,SAMN40210213,Metagenome or environmental,4902999762,XIYUAN HOSPITAL,2021,public,"fastq,run.zq,sra","gs,ncbi,s3","gs.us-east1,ncbi.public,s3.us-east-1",SRX23802428,China,Asia,China: Beijing,Homo sapiens,Illumina NovaSeq 6000,missing,39.83 N 116.18 E,A049,PAIRED,other,METAGENOMIC,human gut metagenome,ILLUMINA,2024-07-25T00:00:00Z,2024-02-29T22:29:00Z,1,A049,SRP492714
SRR28172394,OTHER,302,14349718750,PRJNA1082417,SAMN40210212,Metagenome or environmental,4840973825,XIYUAN HOSPITAL,2021,public,"fastq,run.zq,sra","gs,ncbi,s3","gs.us-east1,ncbi.public,s3.us-east-1",SRX23802427,China,Asia,China: Beijing,Homo sapiens,Illumina NovaSeq 6000,missing,39.82 N 116.18 E,A047,PAIRED,other,METAGENOMIC,human gut metagenome,ILLUMINA,2024-07-25T00:00:00Z,2024-02-29T22:35:00Z,1,A047,SRP492714
SRR28172395,OTHER,302,13685296100,PRJNA1082417,SAMN40210211,Metagenome or environmental,4654183240,XIYUAN HOSPITAL,2021,public,"fastq,run.zq,sra","gs,ncbi,s3","gs.us-east1,ncbi.public,s3.us-east-1",SRX23802426,China,Asia,China: Beijing,Homo sapiens,Illumina NovaSeq 6000,missing,39.81 N 116.18 E,A045,PAIRED,other,METAGENOMIC,human gut metagenome,ILLUMINA,2024-07-25T00:00:00Z,2024-02-29T22:32:00Z,1,A045,SRP492714
SRR28172396,OTHER,302,13269427906,PRJNA1082417,SAMN40210210,Metagenome or environmental,4424251210,XIYUAN HOSPITAL,2021,public,"fastq,run.zq,sra","gs,ncbi,s3","gs.us-east1,ncbi.public,s3.us-east-1",SRX23802425,China,Asia,China: Beijing,Homo sapiens,Illumina NovaSeq 6000,missing,39.80 N 116.18 E,A044,PAIRED,other,METAGENOMIC,human gut metagenome,ILLUMINA,2024-07-25T00:00:00Z,2024-02-29T22:28:00Z,1,A044,SRP492714
SRR28172397,OTHER,302,13496894306,PRJNA1082417,SAMN40210209,Metagenome or environmental,4518775444,XIYUAN HOSPITAL,2021,public,"fastq,run.zq,sra","gs,ncbi,s3","gs.us-east1,ncbi.public,s3.us-east-1",SRX23802424,China,Asia,China: Beijing,Homo sapiens,Illumina NovaSeq 6000,missing,39.79 N 116.18 E,A043,PAIRED,other,METAGENOMIC,human gut metagenome,ILLUMINA,2024-07-25T00:00:00Z,2024-02-29T22:33:00Z,1,A043,SRP492714
SRR28172398,OTHER,302,13481630924,PRJNA1082417,SAMN40210208,Metagenome or environmental,4462509727,XIYUAN HOSPITAL,2021,public,"fastq,run.zq,sra","gs,ncbi,s3","gs.us-east1,ncbi.public,s3.us-east-1",SRX23802423,China,Asia,China: Beijing,Homo sapiens,Illumina NovaSeq 6000,missing,39.78 N 116.18 E,A042,PAIRED,other,METAGENOMIC,human gut metagenome,ILLUMINA,2024-07-25T00:00:00Z,2024-02-29T22:34:00Z,1,A042,SRP492714
SRR28172399,OTHER,302,13539314132,PRJNA1082417,SAMN40210207,Metagenome or environmental,4504122994,XIYUAN HOSPITAL,2021,public,"fastq,run.zq,sra","gs,ncbi,s3","gs.us-east1,ncbi.public,s3.us-east-1",SRX23802422,China,Asia,China: Beijing,Homo sapiens,Illumina NovaSeq 6000,missing,39.77 N 116.18 E,A041,PAIRED,other,METAGENOMIC,human gut metagenome,ILLUMINA,2024-07-25T00:00:00Z,2024-02-29T22:31:00Z,1,A041,SRP492714
SRR28172400,OTHER,302,13315662596,PRJNA1082417,SAMN40210189,Metagenome or environmental,4591335867,XIYUAN HOSPITAL,2021,public,"fastq,run.zq,sra","gs,ncbi,s3","gs.us-east1,ncbi.public,s3.us-east-1",SRX23802421,China,Asia,China: Beijing,Homo sapiens,Illumina NovaSeq 6000,missing,39.59 N 116.18 E,A005,PAIRED,other,METAGENOMIC,human gut metagenome,ILLUMINA,2024-07-25T00:00:00Z,2024-02-29T22:28:00Z,1,A005,SRP492714
SRR28172401,OTHER,302,14334971788,PRJNA1082417,SAMN40210206,Metagenome or environmental,4855470786,XIYUAN HOSPITAL,2021,public,"fastq,run.zq,sra","gs,ncbi,s3","gs.us-east1,ncbi.public,s3.us-east-1",SRX23802420,China,Asia,China: Beijing,Homo sapiens,Illumina NovaSeq 6000,missing,39.76 N 116.18 E,A040,PAIRED,other,METAGENOMIC,human gut metagenome,ILLUMINA,2024-07-25T00:00:00Z,2024-02-29T22:32:00Z,1,A040,SRP492714
SRR28172402,OTHER,302,13280111156,PRJNA1082417,SAMN40210205,Metagenome or environmental,4465293338,XIYUAN HOSPITAL,2021,public,"fastq,run.zq,sra","gs,ncbi,s3","gs.us-east1,ncbi.public,s3.us-east-1",SRX23802419,China,Asia,China: Beijing,Homo sapiens,Illumina NovaSeq 6000,missing,39.75 N 116.18 E,A039,PAIRED,other,METAGENOMIC,human gut metagenome,ILLUMINA,2024-07-25T00:00:00Z,2024-02-29T22:33:00Z,1,A039,SRP492714
SRR28172403,OTHER,302,13490706024,PRJNA1082417,SAMN40210204,Metagenome or environmental,4500739677,XIYUAN HOSPITAL,2021,public,"fastq,run.zq,sra","gs,ncbi,s3","gs.us-east1,ncbi.public,s3.us-east-1",SRX23802418,China,Asia,China: Beijing,Homo sapiens,Illumina NovaSeq 6000,missing,39.74 N 116.18 E,A037,PAIRED,other,METAGENOMIC,human gut metagenome,ILLUMINA,2024-07-25T00:00:00Z,2024-02-29T22:30:00Z,1,A037,SRP492714
SRR28172404,OTHER,302,13293860310,PRJNA1082417,SAMN40210203,Metagenome or environmental,4390247583,XIYUAN HOSPITAL,2021,public,"fastq,run.zq,sra","gs,ncbi,s3","gs.us-east1,ncbi.public,s3.us-east-1",SRX23802417,China,Asia,China: Beijing,Homo sapiens,Illumina NovaSeq 6000,missing,39.73 N 116.18 E,A035,PAIRED,other,METAGENOMIC,human gut metagenome,ILLUMINA,2024-07-25T00:00:00Z,2024-02-29T22:33:00Z,1,A035,SRP492714
SRR28172405,OTHER,302,14289159898,PRJNA1082417,SAMN40210202,Metagenome or environmental,4852359491,XIYUAN HOSPITAL,2021,public,"fastq,run.zq,sra","gs,ncbi,s3","gs.us-east1,ncbi.public,s3.us-east-1",SRX23802416,China,Asia,China: Beijing,Homo sapiens,Illumina NovaSeq 6000,missing,39.72 N 116.18 E,A033,PAIRED,other,METAGENOMIC,human gut metagenome,ILLUMINA,2024-07-25T00:00:00Z,2024-02-29T22:33:00Z,1,A033,SRP492714
SRR28172406,OTHER,302,15223279118,PRJNA1082417,SAMN40210201,Metagenome or environmental,5130077499,XIYUAN HOSPITAL,2021,public,"fastq,run.zq,sra","gs,ncbi,s3","gs.us-east1,ncbi.public,s3.us-east-1",SRX23802415,China,Asia,China: Beijing,Homo sapiens,Illumina NovaSeq 6000,missing,39.71 N 116.18 E,A029,PAIRED,other,METAGENOMIC,human gut metagenome,ILLUMINA,2024-07-25T00:00:00Z,2024-02-29T22:32:00Z,1,A029,SRP492714
SRR28172407,OTHER,302,13085097676,PRJNA1082417,SAMN40210200,Metagenome or environmental,4419596343,XIYUAN HOSPITAL,2021,public,"fastq,run.zq,sra","gs,ncbi,s3","gs.us-east1,ncbi.public,s3.us-east-1",SRX23802414,China,Asia,China: Beijing,Homo sapiens,Illumina NovaSeq 6000,missing,39.70 N 116.18 E,A028,PAIRED,other,METAGENOMIC,human gut metagenome,ILLUMINA,2024-07-25T00:00:00Z,2024-02-29T22:32:00Z,1,A028,SRP492714
SRR28172408,OTHER,302,12963546904,PRJNA1082417,SAMN40210199,Metagenome or environmental,4404449790,XIYUAN HOSPITAL,2021,public,"fastq,run.zq,sra","gs,ncbi,s3","gs.us-east1,ncbi.public,s3.us-east-1",SRX23802413,China,Asia,China: Beijing,Homo sapiens,Illumina NovaSeq 6000,missing,39.69 N 116.18 E,A027,PAIRED,other,METAGENOMIC,human gut metagenome,ILLUMINA,2024-07-25T00:00:00Z,2024-02-29T22:27:00Z,1,A027,SRP492714
SRR28172409,OTHER,302,13867585414,PRJNA1082417,SAMN40210198,Metagenome or environmental,4681776844,XIYUAN HOSPITAL,2021,public,"fastq,run.zq,sra","gs,ncbi,s3","gs.us-east1,ncbi.public,s3.us-east-1",SRX23802412,China,Asia,China: Beijing,Homo sapiens,Illumina NovaSeq 6000,missing,39.68 N 116.18 E,A026,PAIRED,other,METAGENOMIC,human gut metagenome,ILLUMINA,2024-07-25T00:00:00Z,2024-02-29T22:33:00Z,1,A026,SRP492714
SRR28172410,OTHER,302,13846307702,PRJNA1082417,SAMN40210197,Metagenome or environmental,4711888133,XIYUAN HOSPITAL,2021,public,"fastq,run.zq,sra","gs,ncbi,s3","gs.us-east1,ncbi.public,s3.us-east-1",SRX23802411,China,Asia,China: Beijing,Homo sapiens,Illumina NovaSeq 6000,missing,39.67 N 116.18 E,A025,PAIRED,other,METAGENOMIC,human gut metagenome,ILLUMINA,2024-07-25T00:00:00Z,2024-02-29T22:34:00Z,1,A025,SRP492714
SRR28172411,OTHER,302,13398891078,PRJNA1082417,SAMN40210188,Metagenome or environmental,4568460926,XIYUAN HOSPITAL,2021,public,"fastq,run.zq,sra","gs,ncbi,s3","gs.us-east1,ncbi.public,s3.us-east-1",SRX23802410,China,Asia,China: Beijing,Homo sapiens,Illumina NovaSeq 6000,missing,39.58 N 116.18 E,A002,PAIRED,other,METAGENOMIC,human gut metagenome,ILLUMINA,2024-07-25T00:00:00Z,2024-02-29T22:27:00Z,1,A002,SRP492714
SRR28172412,OTHER,302,14821320742,PRJNA1082417,SAMN40210187,Metagenome or environmental,5008562115,XIYUAN HOSPITAL,2021,public,"fastq,run.zq,sra","gs,ncbi,s3","gs.us-east1,ncbi.public,s3.us-east-1",SRX23802409,China,Asia,China: Beijing,Homo sapiens,Illumina NovaSeq 6000,missing,39.57 N 116.18 E,A001,PAIRED,other,METAGENOMIC,human gut metagenome,ILLUMINA,2024-07-25T00:00:00Z,2024-02-29T22:36:00Z,1,A001,SRP492714
