"","sample_id","Abiotrophia_defectiva","Acetanaerobacterium_elongatum","Acidaminococcus_fermentans","Actinomyces_graevenitzii","Actinomyces_lingnae","Actinomyces_odontolyticus","Adlercreutzia_equolifaciens","Aggregatibacter_segnis","Akkermansia_muciniphila","Alistipes_finegoldii","Alistipes_indistinctus","Alistipes_onderdonkii","Alistipes_putredinis","Alistipes_senegalensis","Alistipes_shahii","Allisonella_histaminiformans","Alloprevotella_rava","Anaerofustis_stercorihominis","Anaeroglobus_geminatus","Anaerostipes_butyraticus","Anaerostipes_hadrus","Anaerotruncus_colihominis","Atopobium_parvulum","Atopobium_vaginae","Bacteroides_acidifaciens","Bacteroides_barnesiae","Bacteroides_caccae","Bacteroides_cellulosilyticus","Bacteroides_chinchillae","Bacteroides_clarus","Bacteroides_coprocola","Bacteroides_coprophilus","Bacteroides_dorei","Bacteroides_eggerthii","Bacteroides_faecichinchillae","Bacteroides_finegoldii","Bacteroides_fragilis","Bacteroides_intestinalis","Bacteroides_massiliensis","Bacteroides_nordii","Bacteroides_oleiciplenus","Bacteroides_ovatus","Bacteroides_plebeius","Bacteroides_salyersiae","Bacteroides_stercoris","Bacteroides_thetaiotaomicron","Bacteroides_uniformis","Bacteroides_vulgatus","Bacteroides_xylanisolvens","Barnesiella_intestinihominis","Barnesiella_viscericola","Bifidobacterium_adolescentis","Bifidobacterium_bifidum","Bifidobacterium_dentium","Bifidobacterium_longum","Bifidobacterium_pseudocatenulatum","Bilophila_wadsworthia","Blautia_faecis","Blautia_glucerasea","Blautia_hydrogenotrophica","Blautia_luti","Blautia_schinkii","Blautia_stercoris","Butyricicoccus_pullicaecorum","Butyricimonas_synergistica","Butyricimonas_virosa","Butyrivibrio_fibrisolvens","Campylobacter_ureolyticus","Catabacter_hongkongensis","Catenibacterium_mitsuokai","Chlorobium_limicola","Christensenella_minuta","Citrobacter_freundii","Cloacibacillus_porcorum","Clostridium_aldenense","Clostridium_aminobutyricum","Clostridium_baratii","Clostridium_bartlettii","Clostridium_citroniae","Clostridium_clostridioforme","Clostridium_colinum","Clostridium_disporicum","Clostridium_glycolicum","Clostridium_glycyrrhizinilyticum","Clostridium_hathewayi","Clostridium_hylemonae","Clostridium_innocuum","Clostridium_lactatifermentans","Clostridium_lavalense","Clostridium_leptum","Clostridium_neonatale","Clostridium_nexile","Clostridium_oroticum","Clostridium_polysaccharolyticum","Clostridium_ramosum","Clostridium_ruminantium","Clostridium_scindens","Clostridium_sordellii","Clostridium_spiroforme","Clostridium_sporosphaeroides","Clostridium_symbiosum","Clostridium_tertium","Clostridium_thermocellum","Clostridium_ventriculi","Collinsella_aerofaciens","Collinsella_tanakaei","Coprobacillus_cateniformis","Coprobacter_fastidiosus","Coprococcus_catus","Coprococcus_comes","Coprococcus_eutactus","Corynebacterium_durum","Desulfovibrio_desulfuricans","Desulfovibrio_fairfieldensis","Desulfovibrio_legallii","Desulfovibrio_piger","Dialister_invisus","Dialister_pneumosintes","Dialister_propionicifaciens","Dialister_succinatiphilus","Dorea_formicigenerans","Dorea_longicatena","Eggerthella_lenta","Escherichia_coli","Eubacterium_biforme","Eubacterium_contortum","Eubacterium_coprostanoligenes","Eubacterium_desmolans","Eubacterium_dolichum","Eubacterium_eligens","Eubacterium_hallii","Eubacterium_ramulus","Eubacterium_rectale","Eubacterium_ruminantium","Eubacterium_siraeum","Eubacterium_sulci","Eubacterium_tenue","Eubacterium_uniforme","Eubacterium_ventriosum","Faecalibacterium_prausnitzii","Flavonifractor_plautii","Fusicatenibacter_saccharivorans","Fusobacterium_mortiferum","Fusobacterium_periodonticum","Fusobacterium_varium","Gemella_haemolysans","Gemella_morbillorum","Gemella_sanguinis","Gemmiger_formicilis","Gordonibacter_pamelaeae","Haemophilus_parainfluenzae","Herbaspirillum_seropedicae","Holdemania_filiformis","Hydrogenoanaerobacterium_saccharovorans","Intestinimonas_butyriciproducens","Klebsiella_oxytoca","Klebsiella_pneumoniae","Kluyvera_cryocrescens","Kluyvera_georgiana","Lactobacillus_aviarius","Lactobacillus_fermentum","Lactobacillus_intestinalis","Lactobacillus_johnsonii","Lactobacillus_murinus","Lactobacillus_ruminis","Lactobacillus_salivarius","Lactobacillus_sanfranciscensis","Lactonifactor_longoviformis","Leuconostoc_carnosum","Megamonas_funiformis","Megamonas_rupellensis","Megasphaera_elsdenii","Megasphaera_micronuciformis","Methylobacterium_komagatae","Mitsuokella_jalaludinii","Mobiluncus_curtisii","Morganella_morganii","Odoribacter_splanchnicus","Oribacterium_sinus","Oscillibacter_valericigenes","Oscillospira_guilliermondii","Oxalobacter_formigenes","Parabacteroides_distasonis","Parabacteroides_goldsteinii","Parabacteroides_gordonii","Parabacteroides_johnsonii","Parabacteroides_merdae","Paraprevotella_clara","Parasutterella_excrementihominis","Parasutterella_secunda","Parvimonas_micra","Peptococcus_niger","Peptoniphilus_asaccharolyticus","Peptoniphilus_lacrimalis","Peptostreptococcus_russellii","Peptostreptococcus_stomatis","Phascolarctobacterium_faecium","Phascolarctobacterium_succinatutens","Prevotella_bivia","Prevotella_copri","Prevotella_oralis","Prevotella_stercorea","Pseudoflavonifractor_capillosus","Pseudomonas_putida","Pseudomonas_rhodesiae","Pseudomonas_syringae","Pseudoramibacter_alactolyticus","Pyramidobacter_piscolens","Rhodococcus_erythropolis","Rhodococcus_fascians","Robinsoniella_peoriensis","Roseburia_faecis","Roseburia_hominis","Roseburia_intestinalis","Roseburia_inulinivorans","Rothia_mucilaginosa","Ruminococcus_albus","Ruminococcus_bromii","Ruminococcus_callidus","Ruminococcus_flavefaciens","Ruminococcus_gnavus","Ruminococcus_lactaris","Ruminococcus_obeum","Ruminococcus_torques","Salmonella_enterica","Scardovia_wiggsiae","Selenomonas_bovis","Slackia_isoflavoniconvertens","Solobacterium_moorei","Sphingomonas_glacialis","Staphylococcus_lentus","Stomatobaculum_longum","Streptococcus_anginosus","Streptococcus_gordonii","Streptococcus_lactarius","Streptococcus_parasanguinis","Streptococcus_peroris","Streptococcus_sanguinis","Streptococcus_thermophilus","Subdoligranulum_variabile","Sutterella_stercoricanis","Sutterella_wadsworthensis","Turicibacter_sanguinis","Ureaplasma_diversum","Veillonella_atypica","Veillonella_dispar","Veillonella_parvula","Veillonella_rogosae","Veillonella_tobetsuensis"
"1","CSU1",0,0,0,0,0,0,0,0,0,0,0,0,0,0,0,0,0,0,0,0,0.0257277912473182,0,0,0,0.000505834539777782,0,0,0,0,0,0,0,0,0,6.97702813486595e-05,0,0.121330519265319,0,0,0,0,0.187036681725419,1.74425703371649e-05,0,0,0.0419319390905444,0,0,0.0130993703232108,0,0,0,0,0,0,0,0,0.00744797753396941,0,0,0.00312222009035251,0,0,0,0,0,0,0,0,0,0,0,0,0,0,0,0,0.00231986185484293,0,0,0,0.000767473094835255,0,0,0.00109888193124139,0,0.00102911164989273,0.00476182170204601,0,0.00207566587012262,0,0,0,0,0.0016396016116935,0.0106574104760077,0,0,0.000401179117754792,0,0,0,0,0.000558162250789276,0,0,0,0,0.000418621688091957,0,0,0,0,0,0,0,0.0762938026547592,0,0,0,0.0090875791456629,0.00416877431058241,0.00108143936090422,0.00151750361933334,0,0,0.0121400289546668,0.00495368997575483,0,0.00075003052449809,0.0152273639043449,0.00647119359508817,0.00130819277528737,0,0,0,0,0,0.00607001447733338,0.273796026582477,0.00579093335193874,0.0102039036472415,0,0,0,0,0.000261638555057473,0,0.0947131569308053,0,0,0,0,0,0,0,0,0,0,0,0,0,0.000156983133034484,0,0,0,0,0,0,0,0,0,0,5.23277110114947e-05,0,0,0,0,0,0,0,0,0,0,0,0,0,0,0,0,0,0,0,0,0,5.23277110114947e-05,0,0,0,0,0,0,3.48851406743298e-05,0,0,0,0,0,0,0,0,0.0109888193124139,0,0,0.00561650764856709,0,0.000436064258429122,0.0172507020634561,0,0,0.00212799358113412,0.000575604821126441,0.00183146988540231,0.000872128516858244,0,0,0,0,0,0,0,0,0,0,6.97702813486595e-05,0,0,0,0.000139540562697319,8.72128516858244e-05,0.00952364340409203,0,0,0,0,0,0.000331408836406133,0,0
"2","CSU2",0,0.000254055819692955,0,0,0,0.000616992704968606,0,0,0,0.000108881065582695,9.07342213189126e-05,0,0.00640583602511523,0,0.00295793561499655,0.000362936885275651,0.0125757630748013,0,0,0,0.00235908975429173,0,0,0,0,0,0.00421006786919755,0.00029034950822052,0,0,0.00408303995935107,0,0.000671433237759954,0,0.00029034950822052,0.000562552172177258,0.00190541864769717,0,0.000889195368925344,0,0,0.0127390846731753,0.0534787500453671,0.000362936885275651,0.0193989765179835,0.00286720139367764,0.00740391245962327,0.117101586034189,0.00243167713134686,0.000108881065582695,5.44405327913476e-05,0,0,0,0.0127753783617029,0.00491779479548507,0.000235908975429173,0.00455485791020941,0,0,0.00101622327877182,0,0.000671433237759954,0.000381083729539433,0,0.00190541864769717,0,0,0,0.00110695750009073,0,0,0,0,0,0,0,0.000961782745980474,0,0,0,0.000598845860704823,0.000199615286901608,0,0,0,0,0.00295793561499655,0,0.000181468442637825,0,0,0,0,0,0.00422821471346133,0,0,0,0,0,0,0,0,0.0145537690995536,0,0,0.000163321598374043,0.000979929590244257,0.0077849961891627,0.00275832032809494,0,0,0,0,0.0010343701230356,0.000108881065582695,0,0.000453671106594563,0.0230827859035314,0.00119769172140965,0.00489964795122128,0,0.000689580082023736,0.00139730700831125,0,0.00542590643487098,0.00422821471346133,0,0.00609733967263093,0.00219576815591769,0.00177839073785069,0.0135012521322542,0.000562552172177258,0,0,0,0,0.00439153631183537,0.227506986535042,0.000254055819692955,0.00170580336079556,0.00107066381156317,0,0,0,0,0,0.0122128261895256,0,0.0130657278699234,0,7.25873770551301e-05,0,0,0,0,0,0,0,0,0,0.000181468442637825,0,0,0,0,0,0,0,0,0,0,0,0,0,0,0.00108881065582695,0,0,0.00604289913983958,0,0.00983558959097013,0,0,0,0.00203244655754364,0.000181468442637825,0.000489964795122128,0.00206874024607121,0,0.00021776213116539,0,0,0,0,0.00353863463143759,0,0.00014517475411026,0.1591841178819,0,0.00466373897579211,0,0,0,0,0,0,0,0,0,0.00631510180379632,3.62936885275651e-05,0.029452328240119,0.0171487678292745,0.000235908975429173,0.0110514281566436,0.0598845860704823,0.0082023736072297,0.00386527782818568,0.00390157151671324,0,0.00226835553297282,0.018527927993322,1.81468442637825e-05,0,0,5.44405327913476e-05,0,0,0,0,0,0,0,0,0,0,0,0,0.00254055819692955,0,0.000163321598374043,0,0.000598845860704823,0.00161506913947665,0,0,0
"3","CSU3",0,0.000361622352067909,0,0,0,0.000666146438019832,0,0,0,0.000209360309091947,0.000133229287603966,0,0.0184237072000914,0,0.00576692487771455,0.000837441236367789,0.0222873565406064,0,0,0,0.000399687862811899,0,0.000133229287603966,0,0,0,0.000532917150415866,0,0,0,0.00692792295540625,0,0.00142745665289964,0,0,0.000989703279343751,0.000228393064463942,0,0.00116099807769171,0.000228393064463942,0,0.00230296340001142,0.00637597304961839,0,0.00770826592565806,0,0.0027787822843113,0.00576692487771455,0.0019984393140595,0,0,0,0,0.000532917150415866,0.000133229287603966,0,0,0.00420623893721094,0,0,0.00205553758017548,0,0,0.00116099807769171,0,0.00433946822481491,0,0,0,0.00211263584629147,0,0,0,0,0,0,0,0.000761310214879808,0,0,0,0.00175101349422356,0,0,0,0,0,0.00342589596695914,1.90327553719952e-05,0.000266458575207933,0,0,0,0,0,0.0051578767058107,0,1.90327553719952e-05,0,0,0,0,0,0,0.00129422736529567,0,0,0.000285491330579928,0.00146552216364363,0.00839344511904989,0.00532917150415866,0,0,0,0,0.00327363392398317,0.000418720618183894,0,0.00100873603471575,0.0737709598218534,0.0011990635884357,0.00523400772729868,0,0,0.00256942197521935,0,0.012066766905845,0.00177004624959555,0,0.0168630212595877,0.0019984393140595,0.00192230829257152,0.0180240193372795,0.00125616185455168,0,0,0.000551949905787861,0,0.000133229287603966,0.193486991111703,1.90327553719952e-05,0.00323556841323918,0,0,0,0,0,0,0.0325079461753678,0,0.039702327705982,0,0.000114196532231971,0,5.70982661159856e-05,0,0,0,0,0,0,0,0,0,0,0.000209360309091947,0,0,0,0,0,0,0,0,0,0,0,0.00146552216364363,0,0,0.0126567823223768,0.000152262042975962,0.00190327553719952,0,0,0,0.00138939114215565,0.00047581888429988,0,0,0,0.000304524085951923,0,0,0,0,0,0,0,0.364325003330732,0,7.61310214879808e-05,0,0,0,0,0,0,0,0,0,0.012009668639729,0.00688985744466226,0.00527207323804267,0.015987514512476,0.000380655107439904,0.00719438153061419,0.00142745665289964,0.00051388439504387,0.00626177651738642,0,0,0.00216973411240745,0.00578595763308654,0,0,0,7.61310214879808e-05,0,0,0,0,7.61310214879808e-05,0,0,0,0,0,1.90327553719952e-05,1.90327553719952e-05,0.0063379075388744,0.000209360309091947,0,0,0.00150358767438762,0.00336879770084315,0,0,0
"4","CSU4",0,0,0,0,0,0.000479263303835818,0.000239631651917909,0,0,0,0,0,0,0,0.000427913664139123,0,0,0,0,0,0.0215668486726118,0,0,0,0,0,0.00201975249473666,0,0,0,0,0,0,0,0,0.000136932372524519,0.00164318847029423,0,0,0,0,0.00236208342604796,0.035328552111326,0,0,0.000547729490098078,0.00718894955753727,0.0320764082638687,0.000616195676360338,0.000256748198483474,0,0,0.00162607192372867,0,0.00422778700169454,0,0.000205398558786779,0.00730876538349623,0,0,0.0019512863084744,0,0,0,0,0.000308097838180169,0,0,0,0,0,0,0,0,0,0,0,0,0,0,0,0.0184002875579823,0,0.000342330931311299,0,0,0,0.000154048919090084,0,0.00119815825958955,0,0,0,0,0.000119815825958955,0.0272837752255105,0,0,0,0,0,0,0,0,0.0105266761378224,0,0,0,0.00172877120312206,0,0,0,0,0,0,0,0,0,0,0.0324529722883111,0.00496379850401383,0.021361450113825,0,0,0,0,0.00143778991150745,0.0115536689317563,0,0,0.0149256286051726,0.000513496396966948,0.350683806035294,0,0,0.000119815825958955,0,0,0.00402238844290776,0.148041011245571,0,5.13496396966948e-05,0,0,0,0,0,0,0.037690635537374,0,0.000188282012221214,0,0,0,0.000239631651917909,0,0,0,0,0,0,0,0.000222515105352344,0,0,0,0.000462146757270253,0,0,0,0,0,0,0,0,0,0,0.000427913664139123,0,0,0,0,0.00280711363675265,0,0,0,0.00902042004005272,0.000684661862622597,0.0112284545470106,0,0,0,0,3.42330931311299e-05,0,0,5.13496396966948e-05,0,0,0,0,0.00162607192372867,0,0,0,0,0,0,0,0,0,0.0152508429899184,0,0.00506649778340722,0.0201975249473666,0,5.13496396966948e-05,0.0877051846019547,0,0,0.00385122297725211,0,0.0260685004193554,0,0,0,0,0,0.000290981291614604,0,0,0,0,0,0,0,0,0,0.0062988891361279,0,0,0,0.000136932372524519,0,0,0,0,0,0
"5","CSU5",0,0,0,0,0,0,0,0,0,0,0,0,0.00118977855912489,0,0,0,0,0,0,0,0.0130520483724895,0,0,0,0,0,0.000958926002876778,0,0,0,0.0802123843517483,0.00800880791291531,0,0,0,0.00076358922451299,0,0.000355157778843251,0,0,0,0.00120753644806705,0.180633246319678,0,0,0.000479463001438389,0.0101397545859748,0.0430096070179177,0,0.000355157778843251,0,0,0,0,0.000159821000479463,0,0.000106547333652975,0.00253937811872925,0,0,0.00166924156056328,0,0.00252162022978708,0,0,0,0,0,0,0.0235469607373076,0,0,0,0,0,0,0,0.000230852556248113,0,0,7.10315557686502e-05,0.00660593468648447,0,0,0,0,0,0.00083462078028164,0,0.000124305222595138,0,0,0,0,0,0.00843499724752721,0,0,0.0001420631115373,0,0,0,0,0,0,0,0,0.000106547333652975,0.00557597712783904,0.000887894447108128,0,0,0,0,0,0,0,0,0,0.0136203008186387,0.00269919911920871,0.00465256690284659,0,0,0,0,0.0202972670608918,0.00438619856871415,0,0.016603626160922,0.00277023067497736,0.00294780956439898,0.00365812512208549,0,0,0,0,0,0.00229076767353897,0.337524195123684,0,0.0026104096744979,0,0,0,0,0,0,0.0211318878411734,0,0.000586010335091364,0,0,0,0,0,0,0,0,0,0,0.000461705112496226,0,0,0,0,0,0,0,0,0,0,0,0,0,0,0,0.000266368334132438,0,0.000355157778843251,0.000390673556727576,0,0.000479463001438389,0,0,0,0.000710315557686502,0.00600216646245094,0.00483014579226822,0,0,0,0,0,0,0,0.00069255766874434,0,0,0,0,0,0,0,0.000177578889421626,0,0,0,0.000195336778363788,0,0,0.0595777174009554,0,0,0.0105304281427024,7.10315557686502e-05,0,0.041731039014082,0,0,0,0.0183616571661961,0.0122174275922078,0.0121996697032657,0,0,0,0,0.000106547333652975,0,0,0,0,0,0,0,0,0,0.00090565233605029,3.55157778843251e-05,0,0,0,0,0,0,0,0,0
"6","CSU6",0,0,0,0,0,8.35380014368536e-05,0.00170417522931181,0,0,0,0,0,0,0,0,0.00230564883965716,0.0348019313985932,0,0,0,0.0023390640402319,0,0,0,0,0,0,0,0,0,0.000868795214943278,0,0.00101916361752961,0.000334152005747414,0,0,0,0,0,0,0,0.000417690007184268,0.0230397807962842,0,3.34152005747415e-05,0.000317444405460044,0.00195478923362237,0,0.000267321604597932,0.000618181210632717,0,0,0,0,8.35380014368536e-05,0,0.00023390640402319,0.00192137403304763,0,0,0.00599802850316609,0,0.000568058409770605,0,0,8.35380014368536e-05,0,0,0,0,0,0,0,0,0,0,0,0,0,0,0,0.000517935608908492,0,1.67076002873707e-05,0,0,0,0.000718426812356941,0,0.000133660802298966,0,0,0,0,0,0.00277346164770354,0,0,0,0,0,0,0,0,0.0237749152089285,0,0,0,0.00472825088132591,0.0176265183031761,0.0493375436486058,0,0,0,0,0,0,0,0,0.0739812540724776,0.0061651045060398,0.00880490535144437,0,0,0,0,0.00648254891149984,0.00394299366781949,0,0.0257129968422635,0.00801964813793795,0.00549680049454497,0.0486358244365362,0.00162063722787496,0,5.01228008621122e-05,0,0,0.00436068367500376,0.11723723121648,0.000284029204885302,0.0010859940186791,0,0,0,0,0,0,0.0145021970494378,0,8.35380014368536e-05,0,0,0,0.00347518085977311,0,0,0,0,0,0,0.000150368402586337,0,0,0,0,0,0,0,0.0887674803268007,0,0,0,0,0,0,0,6.68304011494829e-05,0,0,0.00360884166207208,0,0.000417690007184268,0,0,0,0.000200491203448449,0.00292383005028988,0.000484520408333751,0,0,0,0,0,0,0,0,0,0,0.287019865336742,0,0.00895527375403071,0,0,0,0,0,0,0,0.000150368402586337,0,0.0492540056471689,0.00385945566638264,0.00228894123936979,0.00390957846724475,0,0.00023390640402319,0.00429385327385428,0.00180442083103604,0.011177384592251,0,0,0.00197149683390975,0.01906337192789,0,0,0,0,0,0,0,0,0,0,0,0,0,0,0,0,0,0.000835380014368536,0,0,0,0,0,0,0
"7","CSU7",0,0,0,0,0,0.000321531245271599,0,0,0,0,0,0.0715312452715993,0,0.00139960659706461,0,0,0,0,0,0,0.020369950068089,0,0,0,0,0,0,0,0,0,0,0,0.120876834619458,0,0,0,0.000170222423967317,0,0,0,0,0.0131638674534725,0,0.00556059918293236,0,0,0.000775457709184445,0,0.0348388561053109,0,0,0,0,0,0.00824633076108337,0.00115372976244515,0.00279921319412922,0.0194431835376002,0.00183461945831442,0,0,0,0,0,0,0.000964593735814798,0,0,0,0,0,0,0,0,0.00071871690119534,0,0,0.000870025722499622,0,0,0,0,0,0.000264790437282494,0.00223180511423816,0.00383946134059616,0,0.00807610833711605,0,0.000680889695869269,0,0,0,0.000189136026630353,0.00153200181570586,0.00486079588440006,0.0016643970343471,0,0,0,0.000813284914510516,0.000151308821304282,0,0,0.0248903011045544,0,0.000510667271901952,0,0.00334770767135724,0,0,0,0,0,0,0,0.00196701467695567,0,0,0,0,0.00851112119836587,0.000151308821304282,0,0,0,0.00465274625510667,0.00561733999092147,0,0.000964593735814798,0.00875699803298532,0,0,0,0,0,0,0,0.00104024814646694,0.400779240429717,0.00261007716749887,0.00728173702526857,0,0,0,0,0,0,0.00351793009532456,0,0.000113481615978212,0,0.000170222423967317,0,0.000813284914510516,0,0,0,0,0,0,0,0,0,0,0,0,0,0,0,0,0,0,0,0,0,0,0,0,0.00100242094114087,0,0,0.0431419276743834,0.00323422605537903,0,0.0150930549251021,0,0,0.00618474807081253,0,0,0,0,0,0,0,0.00879482523831139,0,0,0,0,0,0,0,0,0,0,0,0,0,0,0.0189136026630353,0,0.0241904978060221,0.0190649114843395,0,0.0100620366167348,0.0153200181570586,0.000586321682554093,0.00155091541836889,0.00402859736722651,0,0.0222802239370555,0.00104024814646694,0,0,0,0,0,0,0,0,0,0,0,0,0,0,0.000435012861249811,0,0,0,0,0,0,0,3.78272053260705e-05,0,0
"8","CSU8",0.00010842459069717,0,0,0,0,9.29353634547172e-05,0,0,7.74461362122644e-05,0,0,0,0.00173479345115472,0,0,0.00690819535013398,0,0,0,0,0.00130109508836604,0,0,0,0,0,0,0,0,0,0.145103080807299,0,0,0,0,0,0,0,0.00656743235080002,0,0,0.00171930422391227,0.220334257523892,0,0.0048636173541302,0.000247827635879246,0.00266414708570189,0.0352225027493378,0,0,0,0,0.0010532674524868,0,0.00168832576942736,0,0,0.00328371617540001,0.000542122953485851,0,0.00587041712488964,0,1.54892272424529e-05,0,0,0,0,0,0,0,0,0,0,0,0,0,0,0.00625764780595096,0,0,0,0.00258670094948963,0,0.00223044872291321,0,0,0,0,0,0.000449187590031133,0,0,0,0,0,0.0154427595607255,0,0,0,0,0,0,0,0,0.00247827635879246,0,0,0,0,0,0,0,0,0,0,0,0,0,0,0.0473970353619058,0.00331469462988492,0.00484812812688775,0,0.00638156162389058,0,0,0.00619569089698115,0.00308235622124812,0,0.000278806090364152,0,0.00255572249500472,0.143445733492356,0,0,0,0,0,0,0.146899831167423,0.00106875667972925,0.00032527377209151,0.00909217639131984,0,0,0.000201359954151887,0,0,0.017580272920184,0,0.00328371617540001,0,6.19569089698115e-05,0,0,0,0,0,0,0,0,0,0,0,0.00010842459069717,0,0,0,6.19569089698115e-05,0.015458248787968,0,0,0,0,0,0,0,0,0,0.000154892272424529,0,0,0.00303588853952076,0,0,0,0.0043060051734019,0,0.0343860844782454,0,0,0,0,0,0,0,0,0,0,0,0,0,0,0,0,0,0,0,0,0,0,0.0176267406019114,0,0.0223509549108595,0.015458248787968,0.000309784544849057,0.000170381499666982,0.00387230681061322,0.000681525998667926,0,0.0143430244265114,0,0.000232338408636793,1.54892272424529e-05,6.19569089698115e-05,0,0,0,0,0,0,0,0,0,0,0,0,0,4.64676817273586e-05,0,0,0,0.00199811031427642,0,0,0.000464676817273586,0,0,0
"9","CSU9",0,0,0,0,1.45577359809003e-05,0,0,0,0,0,0.000407616607465207,4.36732079427008e-05,0.013858964653817,0,0.00113550340651022,0,0,0,0,0,0.000669655855121412,0,0,0,0,0,0.00115006114249112,0.00148488907005183,0,0,0,0,0,0.000742444535025913,0,0,0,0,0.00391603097886217,0,0,0.000494963023350609,0.191215862109125,0.000334827927560706,0.0058522098643219,0,0.00724975251848833,0.00952075933150876,0.00147033133407093,0,0,0,0,0,0.000800675478949514,0,0.00126652303033832,0.00478949513771618,0,0,0,0,0,0,0,0.00058230943923601,0,0,0,0,0,0,0,0,0,0,0,0,0,1.45577359809003e-05,0,0.000131019623828102,0,0,0,0,0,0.000334827927560706,0,0.000436732079427008,0,0,0,0,7.27886799045013e-05,0.00211087171723054,0,0,0,0,0,0,0,0,0,7.27886799045013e-05,0,0,0,0.00200896756536423,0,0,0,0,0,0,0,0,0,0.0621469749024632,0,0.0056484015605893,0.000174692831770803,0.000669655855121412,0,0,0.00125196529435742,0.00205264077330694,0,0,0.00235835322890584,0,0.29269783963198,0,0,0,0,0,0.000844348686892215,0.229371688115064,0.000189250567751703,0.000771560006987713,0,0,0,0,0,0,0.0190415186630175,0,8.73464158854015e-05,0,0,0,0.000538636231293309,0,0.000829790950911314,0,0,0,0,0,0,0,0.00186339020555523,0,0,0,0,0.0300326093285972,0,0,0,0,0,0,0,0.000625982647178711,0,0,0.00426541664240377,0,0.00283875851627555,0,0,0,0.00314447097187445,0,0.00142665812612822,0,0,0,0,0,0,0,0.000247481511675304,0,0,0,0,0,0,2.91154719618005e-05,0,2.91154719618005e-05,0,0,0,0,0,0.00684213591102312,0,0,0.0100011646188785,0,0.000742444535025913,0.055319396727421,0.00196529435742153,0,0,0.00056775170325511,0.00246025738077214,0.00660921213532871,0,0,0,0,0,0,0,0,0,0,0,0,0,0,0,0,0,0,0.000131019623828102,0,0,0,0,0,0
"10","CSU10",0,0,0,0,0,0.000613081899285442,0,0,0,0,0,4.22815102955478e-05,0,0,0,0,0,0,0,0,0.000634222654433216,8.45630205910955e-05,0,4.22815102955478e-05,0,0,0.0286457232252336,0,0,0,0,0,0,0,0,0.0123039194960044,0.00388989894719039,0,0,0,0,0.00532747029723902,0,0,0.00456640311191916,0.00443955858103251,0.00458754386706693,0.130945837385311,0.000126844530886643,0,0,0.000126844530886643,0.00114160077797979,0,0.00262145363832396,0.00179696418756078,0.00403788423322481,0.00936535453046383,0,0,0.00684960466787874,0,0,0,0,0,2.11407551477739e-05,0.000105703775738869,0,0,0,0,0,0,0,0,0,0.00367849139571265,0,0,0,0.00196609022874297,0,0.000528518878694347,0,0,0.000147985286034417,0.0138683353769397,0,0.000528518878694347,0,0,0,0,0.000570800388989895,0.00367849139571265,0,0,0,0,0.000126844530886643,0,0,0,0.0089848209378039,0,0,0,0.00162783814637859,0,0,0,0,0,0,0,0.0472707285104224,0,8.45630205910955e-05,0,0.00327681704790495,0.0106972221047736,0.000232548306625513,0.0115851338209801,0,0,0.0120502304342311,0.00813919073189294,0.000549659633842121,0.0028328611898017,0.00883683565176948,0.00162783814637859,0.0237622087860978,0,0.00340366157879159,0,0,0,0.000570800388989895,0.422815102955478,0.00858314658999619,0.00433385480529364,0,0,0,0.000232548306625513,0,0,0.0296604794723268,0,0.000803348695615407,0,0.000211407551477739,0,0.000549659633842121,0,0,0,6.34222654433216e-05,0,0,0,0,0,0,0,0,0,0,0,0,0,0,8.45630205910955e-05,0,0,0,0.00359392837512156,0,0.000443955858103251,0,0,0.0455583273434527,0,0,0,0,0,0.0180330641410511,0,0,0,0,0,0,0,0,0,0,0,0,0,0,0,0,0,0,0,8.45630205910955e-05,0,0,0.00636336729947994,0,0.00175468267726523,0.00183924569785633,0,0,0.0202317026764196,0.00245232759714177,0,0.0141431651938607,0,0.00955562132679379,0.0131072681916198,0,0,0,0,0.000169126041182191,0,0,0,0,0,0,0,0,0,0.000570800388989895,0,0,0,0.000697644919876538,6.34222654433216e-05,0,0.00105703775738869,0,0,0
"11","CSU11",0,0,0,0,0,0,0.00102847151990949,0,0,0,0.000188553111983407,0,0.0192324174223075,0,0.00149128370386877,0,0,0,0,0,0.00865630195923825,0,0,0,0,0,0.00587942885548261,0.000274259071975865,0,0.000582800527948714,0.0668163664101202,0,0.00253689641577675,0,3.42823839969832e-05,1.71411919984916e-05,0,0,0,0,0,0.00378820343166664,0.137678054131884,0.00128558939988687,0.00893056103121411,0.00032568264797134,0.0069250415673906,0.0290200380534462,0.00123416582389139,0,0,0,0,0,0.00270830833576167,0.00212550780781296,0.000891341983921562,0.0067193472634087,0,0,0.00383962700766211,0,0,0,0,0.00128558939988687,0,0,0,1.71411919984916e-05,0,0,0,0,0,0,0,0,0,0,0,0,0,0.000342823839969832,0,0,0.000102847151990949,0.00923910248718696,0,0.000462812183959273,0,0,0,0,0.00065136529594268,6.85647679939663e-05,0,0,3.42823839969832e-05,0,0.000617082911945697,0,0,0,0.041738802516327,0,0,0,0,0.00718215944736797,0,0,0,0,0,0,0,0,5.14235759954747e-05,0.0148271310786952,0.0081420661992835,0.00726786540736043,0.000102847151990949,0,0,0,0,0.00560516978350674,0,0.00639366461543736,0.0113303279110029,0.00551946382351429,0.0504122456675637,0,0,0,0,0,0.000599941719947205,0.188004593839456,0.0048852397195701,0.00593085243147809,0,0,0,0,0,0,0.0937280378477519,0,0.000188553111983407,0.000102847151990949,0,0,0.00553660501551278,0,0,0,0,0,0,0,0,0,0,0,0,0,0,0,0,0,0,0,0,0,0,0,0,0.000119988343989441,0,0,0.00344537959169681,0,0,0,0.00634224103944188,0.000959906751915528,0,0,0,0,0,0,0,0,0.00186838992783558,0,0,0.0708274053377672,0,0,0,0,0,0,0,0,0,0,0,0.000462812183959273,0,0.00270830833576167,0.103327105366907,0,0,0.000188553111983407,0,0,0.0095647851351583,0.00282829667975111,0.00726786540736043,0.00370249747167418,0,0,0,0,0,0,0,0,0,0,0,0,0,0,0,0,0.00380534462366513,0,0,0,0,0,0,0,0
"12","CSU12",0,0.00298572191086202,0,0,0,0,0,0,0.00617160394982653,0,0,0,0.0207999733119829,0,0,0,0,0,0,0,0.0443354683746998,0,0,0,0.000266880170803309,0,0.00582132372564718,0.0080564451561249,0,0,0,0,0,0,6.67200427008273e-05,0,0.00328596210301575,0.122397918334668,0,0.000417000266880171,0,0.0233186549239392,6.67200427008273e-05,0,0,0.00236856151587937,0.0615992794235388,0.0853516146250334,0.00283560181478516,0.0186982919669069,0,0,0,0,0.000400320256204964,0.000250200160128102,0.000533760341606619,0.0090238857752869,0,0,0.0046370429677075,0,0.00168468107819589,0,0,0.00391980250867361,0,0,0,0,0,6.67200427008273e-05,0,0,0,0,0,0.00131772084334134,0,0,0,0.00176808113157192,0,0,0,0,0,3.33600213504137e-05,0.000183480117427275,0.0022017614091273,0,0,0,0,0.000200160128102482,0.0100580464371497,0,0,0.000383640245529757,3.33600213504137e-05,0,0,0,0,0.00228516146250334,0,0,0,0.00178476114224713,0.00528756338404057,0.0420336269015212,0,0,0,0,0,0.0480717907659461,0,0,0,0.000617160394982653,0.00335268214571657,0,6.67200427008273e-05,0,0,0.00313584200693888,0.00543768348011743,0,0.00818988524152655,0.00887376567921003,0.000717240459033894,0.0369629036562583,0,0.0070890045369629,0,0,0.00068388043768348,0.0151954897251134,0.242610755270883,0.00110088070456365,0.0070723245262877,0,0,0,0,0,0,0.0180310915398986,0,0.000100080064051241,0,8.34000533760342e-05,0,0.00275220176140913,0,0,0,0,0,0,0,0,0,0,0,0,0,0,0,0,0,0,0,0,0,0,0.00165132105684548,0,0,0.00667200427008273,0,0.00949092607419269,0,0,0,0.0123098478783026,0,0.00425340272217774,0,0,8.34000533760342e-05,0,0,0,0,0,0,0,0,0,0,0,0,0,0,0,0,0,0,0,0.000350280224179343,0.00396984254069923,0,0.0138777688817721,0,0.000350280224179343,0.0234020549773152,0.00458700293568188,0,0,0.00298572191086202,0.00483720309580998,0.00410328262610088,0,0,0,0,0,0,0,0,0,0,0,0,0,0,0,0,0,0,0,0,0,0,0,0,0
"13","CSU13",0,0,0,0,0.000417246175243394,0,0,0,0,0,0,0,0.0142459765547387,0,0,0,0,0,0,0,0.0201668984700974,0,0,0,0.000139082058414465,0,0,0,0,0,0,0,0.299682098152195,0,0,0,0.00152990264255911,0,0,3.97377309755613e-05,0,0.00435128154182396,0,0,0,0.00373534671170276,0.0361017285912974,0,0.0086230876216968,0,0,0,0,0,0.00270216570633817,0,0.00091396781243791,0.00254321478243592,0,0,0.00196701768329028,0,0.00170872243194914,0,0,0.000953705543413471,0,0,0,0,0,0,0,0,0,0,0,0,0,1.98688654877806e-05,0,0,0,0,0,0.000556328233657858,3.97377309755613e-05,0.00385455990462945,0,0.000437115040731174,0,0.0519372143850586,0,0,0,0.014404927478641,0,0,0,0,0,0,0,0,0,0,0,0,0.00164911583548579,0,0,0,0,0,0,0,0.0252533280349692,0,0,0,0.0217961454400954,0.00955692429962249,0.000377508444267832,0.00111265646731572,0,0,0,0.00760977548181999,0.000476852771706736,0.00858334989072124,0.00443075700377508,0.00395390423206835,0.0252930657659448,0,0,0,0,0,0.000894098946950129,0.227260083449235,0.00111265646731572,0.00204649314524141,0,0,0,0,0,0,0.0112855155970594,0,0.00244387045499702,0,0,0,0.00391416650109279,0,0.00808662825352672,0,0,0,0,0,0,0,0,0,0,0,0,0,0,0,0,0,0,0,0,0,0,0.000695410292072323,0.0048281343135307,0,0.0114245976554739,0,0.000357639578780052,0,0,0,0,0,0,0,0,0,0,0,0,0,0,0,0,0,0,0,0,0,0,0,0,0,0,0.0261871647128949,0,0.00713292271011325,0.0606596463341943,0.000238426385853368,0,0,0,0,0.0210212596860719,0,0.000794754619511226,0.0265448042916749,0,0,0,0,0.000178819789390026,0,0,0,0,0,0,0.00029803298231671,0,0,9.93443274389032e-05,0,0,0,0,0,0.000576197099145639,0.000755016888535665,0,0,0
"14","CSU14",0,0.00111545853926414,0,0,0,0,0.000343218012081274,0,0,0,0.000446183415705656,5.14827018121911e-05,0.0131795716639209,0,0.00374107633168589,0,0,0,0,0,0.0277148544755629,0,0,0,0.00013728720483251,0,0.000617792421746293,0.00101249313563976,0,0.000394700713893465,0,0,0.0693815211422295,0.000308896210873147,0,0,0,8.58045030203185e-05,0.0036381109280615,0.000549148819330038,0,0.0142607084019769,0.262887836353652,8.58045030203185e-05,0,0.000240252608456892,0.0287788303130148,0.000154448105436573,0.00506246567819879,0.00434170785282812,0,0,0,0,0.00442751235584843,0,0.000686436024162548,0.00398132894014278,0,0,0.00710461285008237,0,0,0,0,0.00125274574409665,0,0,0,0,0,0,0,0,0.000308896210873147,0.000171609006040637,0,0,0.000480505216913784,0,0,0,0,0,0,0,0,0.0030718012081274,0,0.000308896210873147,0,0,0,0.000240252608456892,0.00180189456342669,0.00245400878638111,0,0,0,0,0.000102965403624382,0,0,0,0,0,0,0.000102965403624382,0,0.00573174080175728,0,0,0.00013728720483251,0,0,0,0,0,0,0,0.00262561779242175,0.0057660626029654,0,0.000840884129599121,0,0,0,0.0084603239978034,0.000205930807248764,0.0128191927512356,0.0184136463481604,0.00616076331685887,0,0,0.000102965403624382,0,0,0,0.000823723228995058,0.281970757825371,0.00180189456342669,0.00408429434376716,0,0,0,0,0,0,0.0950542284459088,0,0.000257413509060956,0,0.00013728720483251,0,0.00399848984074684,0,0,0,0,0,0,0,0,0,0,0,0,0,0,0,0,0,0,0,0,0,0,0.00332921471718836,0,0.000274574409665019,0.0123730093355299,0,0.00885502471169687,0.000102965403624382,0,0,0.00121842394288852,0.00152732015376167,0,1.71609006040637e-05,0,0,0,0,0,0,0.0111717462932455,0,0,0,0.000377539813289401,0,0,0,0,0,0,0,0,0,0,0.0364497528830313,0.0058175453047776,0,0.00120126304228446,0,0,0,0,0,0.000360378912685338,0.000171609006040637,0.00229956068094454,0,0,0,0,0,3.43218012081274e-05,0,0,0,0,0,0,0,0,0,0,0,0,0,0,0,0,0,0,0,0
"15","CSU15",0,0,0,0,0,0,0,0,0.00209297645401489,0.00553431273898169,0.00263634534111491,0,0,0,0,0,0,0,0,0,0.00831153149527068,0,0,0,0,0,0.0235057355604749,0.00106661300060374,0,0,0,0,0,0,6.03743207888911e-05,0,0,0,0,0.000925739585429664,0,0,0,0,0,0.00233447373717046,0.00400482994566311,0.108029784664923,0.0161803179714228,0,0,0,0,0,0.000362245924733347,0,0.00177098007647414,0.00493056953109277,0,0,0.0027168444355001,0,0.00142885892533709,0,0,0,0,0,0,0,0,0,0,0,0,0,0,0,0,0,0,0,0,0,0,0,0,0.00348158583215939,0,0.00311933990742604,0,0,0,0,0,0.00020124773596297,0.000221372509559267,0,0,0.000140873415174079,0,0,0,0,0.00265647011471121,0,0,0,0.00126786073656671,0,0.00317971422821493,0,0,0,0,0,0,0,0,0.0802978466492252,0.00531294022942242,0.00352183537935198,0.000120748641577782,4.02495471925941e-05,0.00583618434292614,0,0.0142885892533709,0.00456832360635943,0,0.0282350573556047,0.00245522237874824,0.00452807405916683,0.0123566109881264,0.03902193600322,0.00452807405916683,0,0,0,0.000301871603944456,0.165224391225599,0.00287784262427048,0.00189172871805192,0,0,0,0,0,0,0.00984101428858925,0,0,0,0,0.000362245924733347,0.00299859126584826,0,0,0,0,0,0,0,0,0,0,0,0,0,0,0,0,0,0,0,0,0,0,0,0,0,0.0188971624069229,0,0.00189172871805192,0.0034010867377742,0,0,0,0,0.0337693700945864,0,0,0,0,0,0,0,0.00517206681424834,0,0,0.313543972630308,0,0,0,0,0,4.02495471925941e-05,0,0,0,0,0,0.00666130006037432,0,0,0.000865365264640773,0,0.000462869792714832,0.0141477158381968,0.00370295834171866,0,0,0.00074461662306299,0.00169048098208895,0.00623867981485208,0,0,0,0,0,0,0,0,0,0,0,0,0,0,0,0,0,0,0,0,0,0,0,0,0
"16","NC1",0,0,0,0,0,0,0,0,5.33826826577458e-05,0,0,0,0.00386134737891028,0,0.00304281291149151,0.000266913413288729,0,0,0,0,0.00514253176269618,0,0,0,0,0,0.0216199864763871,0.0137193494430407,0,0.00142353820420656,0,0,0,0,0,0.00231324958183565,0.0070998967934802,0.00170824584504787,0.000320296095946475,0,0,0.0103384462080501,0.0579557991387594,0.0136303783052778,0,0.0155521548809566,0.050482223566675,0.29104238585003,0.00427061461261967,0,0,0,0,0,0.0023666322644934,0.000889711377629097,0.00101427097049717,0.00238442649204598,0,0,0.00558738745151073,0,0,0,5.33826826577458e-05,0.00137015552154881,0,0,0,0,0,0,0,0,0,0,0,0.000249119185736147,0,0,0,0.00121000747357557,0.000800740239866187,0.000249119185736147,0,0,0,0.000391473006156803,0,0,0,0,0,0.000160148047973237,0,0.00169045161749528,0,0,0.000195736503078401,0,0,0,0,0,0.0036478166482793,0,0,0.000427061461261967,0,0,0.00323854941456991,0,0,0,0,0.00225986689917791,0,0,0,0,0.00612121427808819,0.00690416029040179,0,0.0034520801452009,0,0,0.00363002242072672,0.00441296843304032,0.000177942275525819,0.0131855226164632,0.0045375280259084,0.00192177657567885,0.0619950887931955,0.00103206519804975,0.000391473006156803,0,0,0,0.00204633616854692,0.232410406064273,0.000605003736787786,0.00644151037403466,0,0,0,0,0,0,0.007491369799637,0,0,0,0,0,0.00227766112673049,0,5.33826826577458e-05,0,0,0,0,0,0.000498238371472294,0,0,0,0,0,0,0,0,0,0,0.000854122922523933,0,0,0,0.000391473006156803,0,0,0.00293604754617602,0,0.00665504110466565,0.000391473006156803,0,0,0.0114416883163102,0,0.00702871988326987,0,0,0,0,0,0,0,0.00804299085376704,0,0,0,0,0,0,0,0.000106765365315492,0,0,0,0.000373678778604221,0,0,0,0,0.00225986689917791,0.00446635111569807,0,0.00419943770240934,0.00435958575038258,0,0.00201074771344176,0.00055162105413004,0,0.000871917150076515,0.0513007580340937,0,0,0,0,0,0.000142353820420656,0,0,0,0,0,0,0,0,0,0,0,0,0,0,0,0,0,0,0
"17","NC2",0,0,0,0.000841278743690409,0,0.00240365355340117,0,0,0,0,0,0,0,0,0,0,0,0,0,0,0.00112170499158721,0,0.000841278743690409,0,0,0,0.000881339636247096,0,0,0,0,0,0,0,0,0,0.000160243570226745,0,0,0,0,0,0,0,0.00104158320647384,0,0.000480730710680234,0.0131800336511497,0,0,0,0,0.0037657239003285,0,0.00861309189968753,0.00128194856181396,0.00184280105760756,0.00336511497476164,0,0,0.00168255748738082,0,0,0,0,0,0,0,0,0,0,0,0,0.000841278743690409,0,0,0,0.0014421921320407,0,0,0,0.00468712442913228,0.00320487140453489,0,0,0,0,0,0,0.00256389712362791,0,0,0,0,0,0.00765163047832706,0,0,0.000360548033010175,0,0,0,0,0,0.0255588494511658,0,0,0,0,0.00140213123948402,0,0,0,0,0,0,0,0,0,0.159762839516064,0.00104158320647384,0.0152632000640974,0,0,0,0,8.01217851133723e-05,0.00264401890874129,0,0,0.00612931656117298,0,0.000681035173463665,0,0,0.000480730710680234,0,0,0,0.140133002163288,0,4.00608925566862e-05,0,0,0.000280426247896803,0.000961461421360468,0,0,0.0341318804582966,0,0.0304062174505248,0,0,0,0,0,0.000120182677670058,0,0,0.000320487140453489,0,0,0.000320487140453489,0.000480730710680234,0,0,0,0,0,0.0234756830382181,0.0034852976524317,0.0811233074272895,0,0.00100152231391715,0.0990305264001282,0,0,0,0.00104158320647384,0,0,0,0.00336511497476164,0,0,0,0.0011617658841439,0.000240365355340117,0.0138610688246134,0,0.000640974280906979,0,0,0,0,0,0,0.000640974280906979,0,0.146783110327698,0,0.0904574953929974,0,0.000801217851133723,0,0,0,0,0,0,0,0,0,0.00136207034692733,0.00104158320647384,0.00220334909061774,0,0,0,0,0,0,0.00933418796570788,0.0102956493870683,0,0.000600913388350292,0.00124188766925727,0,0.000761156958577037,0,0.000841278743690409,0.000600913388350292,0,0,0.000681035173463665,0.00256389712362791,4.00608925566862e-05,0.000721096066020351,0.000200304462783431,4.00608925566862e-05,0,0.000400608925566862,0.014301738642737,0,0.0017226183799375,0.0014421921320407,0,0,0
"18","NC3",0,0,0,0,0,0.000317750327680025,0,0,0,0,0.000436906700560035,0,0,0,0.00172776740676014,0.00687135083608055,0,0,0,0,0.024506494022322,0,0,0,0,0,0.0207729276720817,0,0,0,0,0,0,0,3.97187909600032e-05,0,0.0087381340112007,0,0,0,0,0.00162847042936013,0,0,0.0180919092822814,0.00361440997736029,0.00967152559876077,0.112841085117369,0.000317750327680025,0,0,0,0.00172776740676014,0,0.00413075425984033,0,0.00174762680224014,0.00720896055924058,0.00099296977400008,0,0.00550105254796044,0,0,0,0,0,0,0,0,0,0,0,0,0,0.00293919053104024,0,0,0.000635500655360051,0,0,0,0,0,0.00037732851412003,0.00196608015252016,0.00103268856496008,0.000397187909600032,0.0109028081185209,0,0.000575922468920046,0,0,0,0,0.00538189617508043,0.0159470945704413,0,0,0,0,0.000794375819200064,0,0,0,0.0103268856496008,0,0,0,0,0,0,0,0,0.000178734559320014,0,0,0,0,0,0,0.00971124438972078,0.0205743337172816,0.000178734559320014,0.000794375819200064,0,0,0,0.0193231918020415,0,0,0.0317948921634825,0,0,0,0,0,0,0,0,0.181355999523375,0.00228383048020018,0,0,0,0.00260158080788021,0,0,0,0,0,0.0099892759264408,0,0,0,0,0,0,0,0,0,0,0,0,0,0,0,0,0,0,0,0,0,0,0,0,0,0,0.00192636136156015,0,0,0,0,0.0528061325813242,0,0,0,0.0166223140167613,0.00937363466656075,0.0102077292767208,0,0,0,0,0,0,0,0.00049648488700004,0.0331850498470827,0,0.0900623585018072,0,0.0509989275926441,0,0,0,0,0,0,0,0,0,0,0,0.0554077133892044,0.050581880287564,0.000258172141240021,0,0,0,0,0.00720896055924058,0,0.0117170433332009,0.037097350756643,0,0,0,0,0,0,0,0,0,0,0,0,0,0.000595781864400048,0,0,0,0.00923461889820074,0.0012710013107201,0,0,0,0,0,0
"19","NC4",0,0,0,0,0,0.000211547223849509,0,0,0,0,0,0,0,0,0.000895007485517152,0,0,0,0,0,0.0389246891883096,0,0,0,0,0,0.000569550218056369,0,0,0,0.0618531536809217,0,0,0,1.62728633730391e-05,0,3.25457267460782e-05,0,0.000227820087222548,0,0,0.00139946625008136,0.105073878799714,0,0.00955217079997396,0.000244092950595587,0.0257599427195209,0.0263783115276964,0.000406821584325978,0.00109028184599362,0,0,0,0,0.0047842218316735,4.88185901191174e-05,0,0.00309184404087743,0,0,0.00839679750048819,0,0.00102519039250146,0,0,0,0,0,0,0,0,0,0,0,0,0,0,0,0,0,0,0.000244092950595587,0,0,0,0,0.000211547223849509,0.0014971034303196,0,0.000358002994206861,0,0,0,0,0,0.00551650068346026,0,0,0,0,0,0,0.0011228275727397,0,0.0138970253205754,0,0,0,0.00177374210766126,0.0160287704224435,0.00139946625008136,0,0,0,0,0,0,0,0,0.000846188895398034,0.00185510642452646,0.00432858165722841,0,0,0,0,0,0.00613486949163575,0,0.00055327735468333,0.00172492351754215,0.00281520536353577,0.196380915185836,6.50914534921565e-05,0,0,0,0,0.000618368808175487,0.276947861745753,0.00100891752912843,0.0010414632558745,0,0,0,0,0,0.000130182906984313,0.0175096009893901,0,0.00247347523270195,0,0,0,0.00458894747119703,0,0,0,0,0,0,0,0,0,0,0,0,0,0,0,0,0,0,0,0,0,0.000488185901191174,0.000618368808175487,0,0,0,0,0.000829916032024995,0,0,0.000244092950595587,0,0,0.0101542667447764,0,0,0,0,0,0,0,0.003742758575799,0,0,4.88185901191174e-05,0,0.0251741196380915,0,1.62728633730391e-05,0,1.62728633730391e-05,0,0,0,0,0,0.0475330339126473,0,0.00152964915706568,0.00629759812536614,0,0.000309184404087743,0.0259389442166244,0,0.00455640174445095,0.000488185901191174,0.00444249170083968,0.00455640174445095,0.0115049144047387,0,0,0,0,0,0,0,0,0,0,8.13643168651956e-05,0,0,0,0,0,0,0,0,0,0,0,0,0.0003742758575799,0
"20","NC5",0,0.000197312602355912,0,0,0,0.000453818985418599,0,0,0.000295968903533869,0,0,0,0.00146011325743375,0,0.000236775122827095,0,0,3.94625204711825e-05,0,0,0.108857362719757,0,0,0,0,0,0.000730056628716876,0.000374893944476234,0,0,0,0,0,0,0,0.00230855744756418,9.86563011779562e-05,0.00574179672855705,0.0253941319232059,0,0,0.00167715712002526,0.144926106430418,0,0.00550502160572996,0.000434087725183007,0.0145024762731596,0.057832323750518,0,0.00155876955861171,0,0,0,0,0.00146011325743375,0,0.00015785008188473,0.00234801996803536,0,0,0.0102010615418007,0,0,0,0,0.000335431424005051,0,0,0,0,0,0,0,0,0,0,0,0,0,0,0,0.000493281505889781,0,0.00256506383062686,0,0,0,0.000493281505889781,0,0.000572206546832146,0,0.00153903829837612,0,0,0.000138118821649139,0.00116414435389988,0,0,0,0,0,0,0,0,0.0385351512401097,0,0,0,0,0.0215662674375012,0.00213097610544385,0,0,0,0,0,0.00167715712002526,0,0,0,0.00378840196523352,0.00394625204711825,1.97312602355912e-05,0.000907637970837197,0,0,0,0.0058601842899706,0,0.00230855744756418,0.0179949093348592,0.000197312602355912,0.00124306939484225,0,0.00031570016376946,0.000118387561413547,0,0,0.00175608216096762,0.232138276671731,0.00047355024565419,0.000808981669659241,0,0,0.00106548805272193,0.000256506383062686,0,0,0.000907637970837197,0,0.00015785008188473,0,5.91937807067737e-05,0,9.86563011779562e-05,0,0,0,0,0,0,0,0,0,0,0,0,0,0,0,0,0,0,0,0,0,0.000453818985418599,0.000236775122827095,0,0,0.000374893944476234,0,0.0038278644857047,0,0,0,0.000868175450366015,0,0.0377853633511572,0,0,0,3.94625204711825e-05,0,0,0,0.00471577119630631,0,0,0,0,0,0,0,0,0,0,0,0,0,0,0,0,0.0013614569562558,0.13265326256388,0,0,0.0578915175312247,0.000355162684240642,0,0.0172648527061423,0,0.000453818985418599,0.00907637970837197,0,0,0,0,0.000197312602355912,0,0,0,0,0,1.97312602355912e-05,0,0,0,0,0,0,0,0,0,0,0,0,0,0
"21","NC6",0,0,0,0,0,0,0,0,0,0,0,0,0.000662572721396251,0,0,0,0,0,0,0,0.00476729153199741,0,4.8480930833872e-05,0,0,0,0.00105042016806723,0,0,0,0.199095022624434,0,0.00426632191338074,0,4.8480930833872e-05,0,0,0,0.00874272786037492,0,0,0.00124434389140271,0,0,0.0207013574660633,0.000387847446670976,0.0073852617970265,0.109356819650937,0.000339366515837104,0.000581771170006464,0,0,0,0,0.00554298642533937,0,0.000177763413057531,0.00360374919198449,0,0,0.00420168067226891,0.000743374272786037,0,0,0,6.46412411118293e-05,0,0,0,0,0,0,0,0,0,0,0,0.000177763413057531,0,0,0,0.000161603102779573,0,0.00148674854557207,0,0.00169683257918552,6.46412411118293e-05,0,0,0.000937297996121526,0,0.00101809954751131,0,0,0.000339366515837104,0.0023109243697479,0,0,0,0,0,0,0,0,0.00476729153199741,0,0.000113122171945701,0,0.000565610859728507,0,0,0,0,0,0,0,0,0,0,0,0,0.00762766645119586,0,0.000775694893341952,0,0,0,0.0079185520361991,0,0.00130898513251454,0,0.000323206205559147,0.239027149321267,0,0,9.6961861667744e-05,0,0,0.00234324499030381,0.177100840336134,0.00048480930833872,4.8480930833872e-05,0,0,0,0,0,0,0.0171299288946348,0,0.00389463477698772,0,4.8480930833872e-05,0,0.00192307692307692,0,0,0,0,0,0,0,0,0,0,0,0,0,0,0,0,0,0,0,0,0,0,0.000129282482223659,0,0,0,0,0.00672268907563025,9.6961861667744e-05,0,0,0.00586619263089851,0,0.0165319974143504,0,0,0,0,0,0,0,0.00656108597285068,0,0,0,0,0,0,0,0,0,0,0,0.000339366515837104,0,0,0.000290885585003232,0,0.0289269553975436,0.00168067226890756,0.000129282482223659,0.000533290239172592,0.0408371040723982,0.000743374272786037,0.000355526826115061,0.0253070458952812,0,0.002650290885585,0.0143665158371041,0,0,0,0,0,0,0,0,0,0,0,0,0,0,0,0,0,0,0,0,0,0.00079185520361991,0.000436328377504848,0,0
"22","NC7",0,0,0,0,2.69244231442341e-05,0.000296168654586575,0,0,0,0.000188470962009639,0,0,0.00156161654236558,0,0,0,0,0,0,0,0.00802347809698177,0,0,0,0,0,0.00134622115721171,0,0,0.00183086077380792,0,0,0,0,0,0,0.00191163404324062,0,0.0125467811852131,0,0,0.0022078026978272,0,0,0.00681187905549124,0.000269244231442341,0.0415713093346975,0.181012896798686,0.00495409385853908,0,0,0,0,0,0.000646186155461619,0,0,0.00638108828518349,0,0,0.0224011200560028,0,0,0,0,0,0,0,0,0,0,0,0,0,0,0,0,0.00131929673406747,0,0,5.38488462884683e-05,0,0,0,0,0.000834657117471258,0,0.000565412886028917,0,0.000215395385153873,0,0,0,0,0,0.00045771519345198,0,0,0,0,0,0,0,0,0.00271936673756765,0,0,0,0,0.000350017500875044,0,0,0,0,0,0,0.000834657117471258,0,0,0,0.00490024501225061,0.00691957674806817,0.000403866347163512,0.00091543038690396,0,0,0.00145391884978864,0.0023693492366926,0.000242319808298107,0,0.0297514875743787,0.00406558789477935,0.0562451199483051,0,0,0,0,0,0,0.145472658248297,0.000753883848038556,5.38488462884683e-05,0,0,0.00274629116071188,0.00045771519345198,0,0,0.00258474462184648,0,0.000484639616596214,0,0,0,0,0,0.0105274494493955,0,0,0,0,0,0,0,0,0,0,0,0,0.333997469104224,0,0,0.000107697692576937,0,0,0,0,0,0,0,0,0,0.00794270482754907,0.000107697692576937,0,0,0.00271936673756765,0.00315015750787539,0.0168546888882906,0,0,0,0,0,0,0,0.00581567539915457,0,0,0,0,0,0,0.000484639616596214,0,5.38488462884683e-05,0,0,0,0,0,0.00045771519345198,0,0.000969279233192429,0.00328477962359656,0,0,0.00142699442664441,0,0,0.0138122290729921,0,0.000215395385153873,0.0367518375918796,0,0,0,0,0,0,0,0,0,0,0,0,0,0,0,0,0,0,0,0,0,0,0.000161546538865405,0,0
"23","NC8",0,0,0.000715226802183324,0,0,0,0,0,0,0,0,0,0,0,0,0.00127987954074911,0,0,0,0,0.00101637492941841,0,0,0,0,0,0,0,0,0,0.134180312441182,0,0.0301336344814606,0,3.76435159043855e-05,0,0,0,0.0159984942593638,0,0,0.00380199510634293,0.109072087332957,0,0.00967438358742707,0.00431018257105214,0.00735930735930736,0,0.018068887634105,0,0,0,0,0,0.000922266139657444,0,0,0.00376435159043855,0,0,0,0,0,0,0,0.000865800865800866,0,0,0,0,0,0,0,0,5.64652738565782e-05,0,0.000319969885187276,0,0,0,0,0,0,0,0,0.000658761528326746,0.000338791643139469,0.00116694899303595,0,0.000508187464709204,0,0.000771692076039902,0,0,0.000677583286278938,0.00978731413514022,0,0,0,0,0.000508187464709204,0,0,0,0.00222096743835874,0,0,0,0,0.00306794654620742,0,0,0,0,0.000131752305665349,0,0,0,0,0,0.00150574063617542,0.00468661773009599,0.000188217579521927,0.000696405044231131,0,0,0.00188217579521927,0.00385846038019951,0,0,0.00212685864859778,0.000809335591944288,0.219499341238472,0.000282326369282891,0,7.52870318087709e-05,0,0,0.00321852060982496,0.155768868812347,0.00222096743835874,1.88217579521927e-05,0,0,0.000225861095426313,0,0,0,0,0,5.64652738565782e-05,0,0,0,0,0,0,0,0,0,0,0,0,0,0,0,0,0,0,0.0120647468473555,0.0137022397891963,0.00229625447016751,0,0,0,0,0,0,0,0,0,0,0,0,0,0,0.0090532655750047,0,0.0211556559382646,0,0,0,0,0,0,0,0.0111236589497459,0,0,0,0,0,0,0,0,0,0,0,0.000150574063617542,0,0,0.0110295501599849,0.0018257105213627,0,0.0169772256728778,0,0,0.126068134763787,0.00178806700545831,0,0.000527009222661397,0,0.00112930547713156,0.0125164690382082,0,0,0,0,5.64652738565782e-05,0,0,0,0,0,0,0,0,0,0,0,0,0,0,0,0,0,0,0,0
"24","NC9",0,0,0,0,0,0,0,0,0,0,0.000521209205356427,0,0.0205075775799856,0,0.00124288348969609,0,0,0,0,0,0.000461069681661455,0.000601395236949723,0,0,0,0,0.00154358110817096,0.00695613824071847,0,0,0,0,0.0176609734584235,0,0,0,0.0647101274957902,0.00142330206078101,0,0.00974260283858552,0,0.0433205035682784,0.0340991099350493,0,0.297991339908588,0.0620840349611098,0.0205877636115789,6.01395236949723e-05,0.0150348809237431,0,0,0,0,0,0,0.00100232539491621,0.00148344158447598,0.00172399967925587,0,0.000501162697458103,0,0,0,0,0,0.00260604602678213,0,0,0,0,0,0,0,0,0,0,0,0,0,0.00136316253708604,0,0,0,0,0.00178413920295085,0,0.000882046347526261,0.00184427872664582,0.00100232539491621,0.00140325555288269,0.000140325555288269,0,0,0,0.00368855745329164,0,0,0,0,0,0.00226525539251062,0,0,0,0,0,0.00106246491861118,0,0,0.00148344158447598,0,0,0,0,0,0,0,0,0,0,0,0.000501162697458103,0,0,0,0,0,0.00996311442546708,0,0,0.00473097586400449,0.00382888300857991,0,0,0,0,0,0,0.00537246411675086,0.224200144334857,0.0104041375992302,2.00465078983241e-05,0,0,0,0,0,0,0.00276641808996873,0,0,0,0,0,0.000420976665864806,0,0,0,0,0,0,0,0,0,0,0,0,0,0,0,0,0,0,0,0,0,0,0.000861999839627937,0,0.00483120840349611,0,0,0.0401130623045465,0.000821906823831289,0,0,0.00300697618474862,0,0,0,0,0,0,0,0,0,0.0115467885494347,0,0,0,0,0,0,0,0,2.00465078983241e-05,0,0,0,0,0,0.0027463715820704,0,0,0,0,0,0,0,0,0.0393713415123086,0,0.00192446475823911,0.00976264934648384,0,0,0,0,0,0,0,0,0,0,0,0,0,0,0,0,0,0,0,0,0,0,0,0,0
"25","NC10",0,0,0,0,0,0.000169962041810662,0,0,0.00166185107548203,0.000132192699186071,0.000283270069684437,0,0.0102543765225766,0,0.00162408173285744,0.000321039412309029,0,5.66540139368874e-05,0,0,0.00436235907314033,0,0,0,0,0,0.00107642626480086,0.000642078824618058,0,0,0.056370743867203,0,0.00254943062715993,0.0122939210243046,0.000113308027873775,0.00309708609521651,0,0.00137858100579759,0.0107831473193209,0,0,0.00341812550752554,0.168224652049931,0.00183181311729269,0.00696844371423715,0.00462674447151247,0.0231903763714993,0.0295733952750552,0.00659075028799124,0.00247389194191075,0,0,0.00132192699186071,0,0.00457009045757559,0.00492889921250921,0.00022661605574755,0.00298377806734274,0,0,0.00256831529847223,0,0,0,0,0.00058542481068117,0,0,0,0,0,0,0,0,0,0,0,0,0,0,0,0.000113308027873775,0,0.000528770796744283,0,0,0.000169962041810662,0.000283270069684437,0,0.000321039412309029,0,0,0,0,1.88846713122958e-05,0.00160519706154514,0,0,0,0,0,0,0,0,0.00288935471078126,0,0,0,0,0.00428682038789115,0,0,0,0,0,0.00506109191169528,0,0,0,0,0.000982002908239382,0,0,0,0,0.000188846713122958,0.0103676845504504,0.00285158536815667,0,0,0.00523105395350594,0.000151077370498366,0.00213396785828943,0,0,0,0,0,0.000736502181179537,0.370706097860367,0.000453232111495099,0.00081204086642872,0,0,0,9.4423356561479e-05,0,0,0.0159197779162654,0,0.00186958245991729,0,0,0,0,0,0,0,0,0,0,0,0,0,0,0,0,0,0,0,0,0,0,0,0,0,0,0.000472116782807395,0,0,0.00592978679206088,0,0.00440012841576492,0,0,0,0.00608086416255925,0,0,0,0,0,0,0,0,0,0.00394689630426982,0,0,0,0,0,0,0,0,0,0,0,0,0,0,0.0597888693747285,0.00254943062715993,0,0.0394123090287614,0,0.00398466564689442,0.0618850678903934,0.00572205540762563,0,0.00141635034842219,0,0.00338035616490095,0.000868694880365607,0,0,0,0,0.000113308027873775,0,0,0,0,0,0,0,0,0,0,0,0.00101977225086397,0,0,0,0,0,0,0,0
"26","NC11",0,0,0,0,0.000214904844910337,0,0,0,0,0,0,0,0,0,0,0.00253110150672175,0,0,0,0,0.0319253086272356,0,0,0,2.38783161011485e-05,0,0.0267198357171852,0,0,0,0,0,0.490365099453187,0,0,0,0.0167386995869051,0,0,0,0,0.0993099166646768,0,0,0.000740227799135605,0.00205353518469877,0.0383008190262423,0.00219680508130567,0.000764106115236753,0,0,0,0,0,0.00885885527352611,0.0119869146827766,0,0.00544425607106187,0,0,0,0,0,0,0,0,0,0,0,0,0,0,0,0,0,0,0,0,0,0,0,0.00293703288044127,0,0,0,0,0.0025072231906206,0,0,0.00109840254065283,0,0,0,0,0.00140882064996776,0.000286539793213783,0,0,0,0,0,0,0,0,0.00472790658802741,0,0,0,0,0,0,0,0,0,0,0,0.000764106115236753,0,0,0,0,0,0.000191026528809188,0,0,0,0,0.0151866090403305,0,0,0,0,0,0,0,4.77566322022971e-05,0,0,0,0.0657131259103608,0.0103870675039996,7.16349483034456e-05,0,0,0,0,0,0,0,0,0,0,0,0,0,0,0,0,0,0,0.000262661477112634,0,0,0,0.000214904844910337,0,0,0,0,0,0,0,0.0141120848157788,4.77566322022971e-05,0,0,0,0,0,0,0,0,0.0667637718188113,0,0,0,0,0,0.0099333794980778,0,4.77566322022971e-05,0,0,0,0,0,0.00866782874471692,0,0,0,0,0,0,0,0,0,0,0,0,0,0,0,0,0,0,0,0,0,0,0,0.00735452135915375,0,0,0.0250961102223071,0,0,0,0,0,0,0,0,0,0,0,0,0,0,0,0,0,0,0,0,0.000191026528809188,0.0219680508130567,0.000262661477112634,0,0.0015759688626758
"27","NC12",0,0,0,0,0,0,0,0,2.11175402289141e-05,0.00305148456307809,0,0,0,0,0,0,0,0.000158381551716856,0,0.0080669003674452,0,0.000422350804578283,0,0,4.22350804578283e-05,0,0,0.00558558939054779,0,0,0,0,0,0,0.000506820965493939,0,0.00636693837901761,0.00686320057439709,0,0,2.11175402289141e-05,0.0222895637116189,0,0,0.0811758246399459,0.00911221860877645,0.133051062212274,0.244942349115175,0.0376736917683828,0,0,0,0,0,0.0394898002280694,0,0,0,0,0,0,0,0,0.000496262195379482,0,0,0,0,6.33526206867424e-05,0,0.000211175402289141,0,0.00120369979304811,0,0,0,0,0.00596570511466824,0.00115090594247582,0,0,0.000274528022975884,0,0.000348439413777083,0,0.00428686066646957,0.0023123706550661,0,0,0.0017949909194577,0,0,0.000686320057439709,0,0.00848925117202348,0.00280863285044558,0,0,0.000274528022975884,0,0,0,0,0,0,0,0.000549056045951768,0,0,0,0,4.22350804578283e-05,0,0,0,0,0.0823372893525362,2.11175402289141e-05,0,0,0,0,0.0017949909194577,0.00212231279300587,0,0,0,0.000517379735608396,0.000105587701144571,0,0,0,1.05587701144571e-05,0,0,0,0,0,0,0.148107868395489,0.0222050935507032,0,0,0,0,0,0,0,0,7.39113908011995e-05,8.44701609156565e-05,0,0,0,0.00148878658613845,0.000549056045951768,3.16763103433712e-05,9.50289310301136e-05,6.33526206867424e-05,0,0,0,0,0,0.0180977319761794,2.11175402289141e-05,0,0.000190057862060227,0,0.000158381551716856,0,0,0.00211175402289141,6.33526206867424e-05,0,0,0,0,0,0.000601849896524053,0,0,0.012543818895975,0.0113506778730413,0,0,0,0,0.0200194281370106,0,0,0,0,0,0,0,0,0,0,0,0,0,0,0,0,0,0.000475144655150568,0.000622967436752967,6.33526206867424e-05,0,1.05587701144571e-05,0.00935507032140896,0,0,0.00524770874688516,0,0,0,0,0,0.00895383705705959,0,0,0.0204734552519323,0,0,0,0,0,0,0,0,0,0,0,0,0,0,0,0,0,0,0,0,0.000190057862060227,4.22350804578283e-05,0,0,0
"28","NC13",0,0,0,0,0,0,0,0,0,0.00306103286384977,0,0,0,0,0,0,0,0.000244131455399061,0.000131455399061033,0.00625352112676056,0,0.000431924882629108,0,0,0,0,0,0.0052018779342723,0,0,0,0,0,0,0.000450704225352113,1.87793427230047e-05,0.00614084507042253,0.00788732394366197,0,0,0,0.027887323943662,0,0,0.0848826291079812,0.0105352112676056,0.13581220657277,0.255511737089202,0.0504600938967136,0,0,0,0,0,0.0309483568075117,0,0,0,0,0,0,0,0,0.000788732394366197,0,0,0,0,0,0,0,0,0,0,0,0,0,0.00565258215962441,0.000901408450704225,0,0,0.000225352112676056,0,0,0,0.00433802816901408,0.00202816901408451,0,0,0.00230985915492958,0,0,0,0,0.00963380281690141,0.00234741784037559,0,0,0.000225352112676056,0,0,0,0,0,0,0,0.000375586854460094,0,0,0,0,0,0,0,0,0,0.0741220657276995,1.87793427230047e-05,0,0,0,0,0.00122065727699531,0.00195305164319249,0,0,0,0.00101408450704225,0.000112676056338028,0,0,0,0,0,0,0,0,0,0,0.138647887323944,0.0235868544600939,0,0,0,0,0,0,0,0,0,0,0,0,0,0.00142723004694836,1.87793427230047e-05,1.87793427230047e-05,3.75586854460094e-05,0,0,0,0,0,0,0.0146666666666667,0.000131455399061033,0,0,0,0,0,0,0.00219718309859155,0,0,0,0,0,0,0,0,0,0.0128826291079812,0.015868544600939,0,0,0,0,0.0215211267605634,0,0,0,0,0,0,0,0,0,0,0,0,0,0,0.000300469483568075,0,0.000356807511737089,0.000450704225352113,0.000356807511737089,0.000300469483568075,0,0.000150234741784038,0.00768075117370892,0,0,0.003981220657277,0,0,0,0,0,0.00644131455399061,0,0,0.0152676056338028,0,0,0,0,0,0,0,0,0,0,0,0,0,0,0,0,0,0,0,0,0,0,0.000582159624413145,0,0
"29","NC14",0,0,0,0,0.00063859509080024,0.00205547794851327,0,0.000458990221512672,0,0,0,0,0,0,0,0.000858112153262822,0,0,0,0,0.0303731790061864,0,0.00047894631810018,0,0,0,0,0,0.0112951506685292,0,0,0,0,0.0124725603671922,0.000618638994212732,0.000858112153262822,0,0,0,0,0,0.0152664138894432,0,0,0.00790261424865296,0.00456994611853921,0.0316703252843744,0.512871682298942,0.000439034124925165,0,0,0,0,0,0.00217521452803832,0,0.00169626820993814,0.0262422670125723,0,0,0.00139692676112552,0,0,0,0,0.00117740969866294,0,0,0,0,0,0,0,0,3.9912193175015e-05,0,0,0,0,0,0,0,0,0.000758331670325284,0,0.0110357214128916,0,0.000798243863500299,0,0.000598682897625224,0,0.00812213131111555,0,3.9912193175015e-05,0.000139692676112552,0.00023947315905009,0,0,0.00155657553382558,0,0.000419078028337657,0,0,0,0.0528237876671323,0,0,0,0,0,0,0,0,0,0,0,0,0,0,0,0,0,0.00023947315905009,0,0,0,0,0.0313909399321493,0,0.0398922370784275,0.0138096188385552,0.000439034124925165,0.0429654759529036,0,0,0.00063859509080024,0,0,0.00157653163041309,0.0392935541808022,0.000658551187387747,7.98243863500299e-05,0,0.000458990221512672,0.000179604869287567,0.000618638994212732,0,0,0,0,0.00526840949910198,0,0,0,0,0,0,0,0,0,0,0,0,0,0,0,0,0,0,0,0,0,0,0,0,0.000179604869287567,0,0,0.000359209738575135,0,0,0,0.00484933147076432,0,0,0,0,0,0,0,0,0,0,0,0.000818199960087807,0,0.010656555577729,0,0,0,0,0,0,0,0,0,0,0,9.97804829375374e-05,0,0,0.0018758730792257,0,0,0,0.00149670724406306,0,0,0,0,0.0525643584114947,0,0,7.98243863500299e-05,0,0,0,0,0.000738375573737777,0,0,0,0,5.98682897625225e-05,0,0.000359209738575135,0,0.000598682897625224,0.00109758531231291,0,0.000878068249850329,0,0,0,0.00161644382358811,0.00207543404510078,0,0,0
"30","NC15",0,0,0,0,0,0,0,0,0,0.000545352474135857,0,0,0.00744245729408934,0,0,0.00041703424492742,0,0,0,0,0.00348063196727885,0,0,0,8.01988932552731e-05,0.000176437565161601,0.00229368834710081,0,0,0,0,0.0406287593231213,0,0.00842088379180367,6.41591146042185e-05,0,0,0,0,9.62386719063277e-05,0,0.00230972812575186,0,0,0,0.00168417675836073,0.0107466516962066,0.176084690031278,0.0618975058144198,0,0,0,0,0,0.00123506295613121,0,0.000545352474135857,0.00410618333466998,0,0,0.00240596679765819,0,0.00410618333466998,0,0,0,0,0,0,0,0,0,0,0,0,0,0,0,0,0,0,0.000304755794370038,0,0,0,0,0,0.00320795573021092,0,0.00134734140668859,0,0,0,0,0,0.000785949153901676,0,0,0,0,0,0,0,0,0.00242200657630925,0,0,0,0.000962386719063277,0.00367310931109151,0,0,0,0,0,0,0,0,0,0,0.00813216777608469,0.0104418959018366,0,9.62386719063277e-05,0,0,0,0.0051968882829417,0.000304755794370038,0.00622343411660919,0.0100088218782581,0.00883791803673109,0.0162001764375652,0,0,0,0,0,0.000513272916833748,0.417146523377977,0.000176437565161601,0.000577432031437966,0,0,0,0,0,0,0.0124789477905205,0,0.00247012591226241,0,0.000128318229208437,0,0,0,0,0,0,0,0,0,0,0,0,0,0,0,0,0,0,0,0,0,0,0,0,0.00041703424492742,0,0,0,0,0.000866148047156949,0,0,0,0.00258240436281979,0,0.00219744967519448,0,0,0,0,0,0,0,0.00455529713689951,0,0,0,0,0,0,0,0,4.81193359531638e-05,0,0,0,0,0,0,0,0.0611275964391691,0.0307001363381185,0,0,0.0159756195364504,0,0,0.0177399951880664,0,0.00101050605501644,0.0202101211003288,0,0,0,0,8.01988932552731e-05,0,0,0,0,0,0,0,0,0,0,0,0,0.000465153580880584,0.00162001764375652,0,0,0,0,0,0
