Run,Assay Type,AvgSpotLen,Bases,BioProject,BioSample,Bytes,Center Name,Collection_Date,common_name,Consent,DATASTORE filetype,DATASTORE provider,DATASTORE region,ENA-FIRST-PUBLIC (run),ENA-FIRST-PUBLIC,ENA-LAST-UPDATE (run),ENA-LAST-UPDATE,environment_(biome),environment_(feature),environment_(material),Experiment,external_id,geo_loc_name_country,geo_loc_name_country_continent,geographic_location_(country_and/or_sea),geographic_location_(latitude),geographic_location_(longitude),human_gut_environmental_package,INSDC_center_name,INSDC_first_public,INSDC_last_update,INSDC_status,Instrument,investigation_type,Library Name,LibraryLayout,LibrarySelection,LibrarySource,Organism,Platform,project_name,ReleaseDate,create_date,version,Sample Name,sample_name,scientific_name,Sequencing_method,SRA Study,Submitter_Id
ERR4291115,RNA-Seq,499,39975224,PRJEB39044,SAMEA7014674,21458210,DAIYONG,2019-08,human,public,"run.zq,sra","gs,ncbi,s3","gs.us-east1,ncbi.public,s3.us-east-1",2020-06-24,2020-06-24T17:10:54Z,2020-06-24,2020-06-24T09:28:06Z,human,gut,feces,ERX4243527,SAMEA7014674,China,Asia,China,North 30,East 120,human-gut,Daiyong,2020-06-24T17:10:54Z,2020-06-24T09:28:06Z,public,Illumina HiSeq 2500,metagenome,unspecified,PAIRED,PCR,METAGENOMIC,Homo sapiens,ILLUMINA,16S sequencing,2020-06-25T00:00:00Z,2020-08-11T00:33:00Z,1,SAMEA7014674,H1,Homo sapiens,paired end,ERP122511,H1
ERR4291116,RNA-Seq,499,40005564,PRJEB39044,SAMEA7014675,21553645,DAIYONG,2019-08,human,public,"run.zq,sra","gs,ncbi,s3","gs.us-east1,ncbi.public,s3.us-east-1",2020-06-24,2020-06-24T17:10:54Z,2020-06-24,2020-06-24T09:28:06Z,human,gut,feces,ERX4243528,SAMEA7014675,China,Asia,China,North 30,East 120,human-gut,Daiyong,2020-06-24T17:10:54Z,2020-06-24T09:28:06Z,public,Illumina HiSeq 2500,metagenome,unspecified,PAIRED,PCR,METAGENOMIC,Homo sapiens,ILLUMINA,16S sequencing,2020-06-25T00:00:00Z,2020-08-11T00:33:00Z,1,SAMEA7014675,H2,Homo sapiens,paired end,ERP122511,H2
ERR4291117,RNA-Seq,499,39943802,PRJEB39044,SAMEA7014676,21503079,DAIYONG,2019-08,human,public,"run.zq,sra","gs,ncbi,s3","gs.us-east1,ncbi.public,s3.us-east-1",2020-06-24,2020-06-24T17:10:54Z,2020-06-24,2020-06-24T09:28:06Z,human,gut,feces,ERX4243529,SAMEA7014676,China,Asia,China,North 30,East 120,human-gut,Daiyong,2020-06-24T17:10:54Z,2020-06-24T09:28:06Z,public,Illumina HiSeq 2500,metagenome,unspecified,PAIRED,PCR,METAGENOMIC,Homo sapiens,ILLUMINA,16S sequencing,2020-06-25T00:00:00Z,2020-08-11T00:33:00Z,1,SAMEA7014676,H3,Homo sapiens,paired end,ERP122511,H3
ERR4291118,RNA-Seq,499,40034572,PRJEB39044,SAMEA7014677,21374831,DAIYONG,2019-08,human,public,"run.zq,sra","gs,ncbi,s3","gs.us-east1,ncbi.public,s3.us-east-1",2020-06-24,2020-06-24T17:10:54Z,2020-06-24,2020-06-24T09:28:06Z,human,gut,feces,ERX4243530,SAMEA7014677,China,Asia,China,North 30,East 120,human-gut,Daiyong,2020-06-24T17:10:54Z,2020-06-24T09:28:06Z,public,Illumina HiSeq 2500,metagenome,unspecified,PAIRED,PCR,METAGENOMIC,Homo sapiens,ILLUMINA,16S sequencing,2020-06-25T00:00:00Z,2020-06-26T14:42:00Z,1,SAMEA7014677,H4,Homo sapiens,paired end,ERP122511,H4
ERR4291119,RNA-Seq,499,39960788,PRJEB39044,SAMEA7014678,21547097,DAIYONG,2019-08,human,public,"run.zq,sra","gs,ncbi,s3","gs.us-east1,ncbi.public,s3.us-east-1",2020-06-24,2020-06-24T17:10:54Z,2020-06-24,2020-06-24T09:28:06Z,human,gut,feces,ERX4243531,SAMEA7014678,China,Asia,China,North 30,East 120,human-gut,Daiyong,2020-06-24T17:10:54Z,2020-06-24T09:28:06Z,public,Illumina HiSeq 2500,metagenome,unspecified,PAIRED,PCR,METAGENOMIC,Homo sapiens,ILLUMINA,16S sequencing,2020-06-25T00:00:00Z,2020-08-11T00:33:00Z,1,SAMEA7014678,H5,Homo sapiens,paired end,ERP122511,H5
ERR4291120,RNA-Seq,499,40021004,PRJEB39044,SAMEA7014679,21804256,DAIYONG,2019-08,human,public,"run.zq,sra","gs,ncbi,s3","gs.us-east1,ncbi.public,s3.us-east-1",2020-06-24,2020-06-24T17:10:54Z,2020-06-24,2020-06-24T09:28:06Z,human,gut,feces,ERX4243532,SAMEA7014679,China,Asia,China,North 30,East 120,human-gut,Daiyong,2020-06-24T17:10:54Z,2020-06-24T09:28:06Z,public,Illumina HiSeq 2500,metagenome,unspecified,PAIRED,PCR,METAGENOMIC,Homo sapiens,ILLUMINA,16S sequencing,2020-06-25T00:00:00Z,2020-08-11T00:33:00Z,1,SAMEA7014679,H6,Homo sapiens,paired end,ERP122511,H6
ERR4291121,RNA-Seq,499,40093048,PRJEB39044,SAMEA7014680,21648740,DAIYONG,2019-08,human,public,"run.zq,sra","gs,ncbi,s3","gs.us-east1,ncbi.public,s3.us-east-1",2020-06-24,2020-06-24T17:10:54Z,2020-06-24,2020-06-24T09:28:06Z,human,gut,feces,ERX4243533,SAMEA7014680,China,Asia,China,North 30,East 120,human-gut,Daiyong,2020-06-24T17:10:54Z,2020-06-24T09:28:06Z,public,Illumina HiSeq 2500,metagenome,unspecified,PAIRED,PCR,METAGENOMIC,Homo sapiens,ILLUMINA,16S sequencing,2020-06-25T00:00:00Z,2020-08-11T00:33:00Z,1,SAMEA7014680,H7,Homo sapiens,paired end,ERP122511,H7
ERR4291122,RNA-Seq,499,39168716,PRJEB39044,SAMEA7014681,21212397,DAIYONG,2019-08,human,public,"run.zq,sra","gs,ncbi,s3","gs.us-east1,ncbi.public,s3.us-east-1",2020-06-24,2020-06-24T17:10:54Z,2020-06-24,2020-06-24T09:28:06Z,human,gut,feces,ERX4243534,SAMEA7014681,China,Asia,China,North 30,East 120,human-gut,Daiyong,2020-06-24T17:10:54Z,2020-06-24T09:28:06Z,public,Illumina HiSeq 2500,metagenome,unspecified,PAIRED,PCR,METAGENOMIC,Homo sapiens,ILLUMINA,16S sequencing,2020-06-25T00:00:00Z,2020-06-26T14:43:00Z,1,SAMEA7014681,H8,Homo sapiens,paired end,ERP122511,H8
ERR4291123,RNA-Seq,499,40015920,PRJEB39044,SAMEA7014682,21419207,DAIYONG,2019-08,human,public,"run.zq,sra","gs,ncbi,s3","gs.us-east1,ncbi.public,s3.us-east-1",2020-06-24,2020-06-24T17:10:54Z,2020-06-24,2020-06-24T09:28:06Z,human,gut,feces,ERX4243535,SAMEA7014682,China,Asia,China,North 30,East 120,human-gut,Daiyong,2020-06-24T17:10:54Z,2020-06-24T09:28:06Z,public,Illumina HiSeq 2500,metagenome,unspecified,PAIRED,PCR,METAGENOMIC,Homo sapiens,ILLUMINA,16S sequencing,2020-06-25T00:00:00Z,2020-08-11T00:33:00Z,1,SAMEA7014682,H9,Homo sapiens,paired end,ERP122511,H9
ERR4291124,RNA-Seq,499,40023304,PRJEB39044,SAMEA7014683,21868591,DAIYONG,2019-08,human,public,"run.zq,sra","gs,ncbi,s3","gs.us-east1,ncbi.public,s3.us-east-1",2020-06-24,2020-06-24T17:10:54Z,2020-06-24,2020-06-24T09:28:06Z,human,gut,feces,ERX4243536,SAMEA7014683,China,Asia,China,North 30,East 120,human-gut,Daiyong,2020-06-24T17:10:54Z,2020-06-24T09:28:06Z,public,Illumina HiSeq 2500,metagenome,unspecified,PAIRED,PCR,METAGENOMIC,Homo sapiens,ILLUMINA,16S sequencing,2020-06-25T00:00:00Z,2020-08-11T00:33:00Z,1,SAMEA7014683,H10,Homo sapiens,paired end,ERP122511,H10
ERR4291125,RNA-Seq,499,39994674,PRJEB39044,SAMEA7014684,22330507,DAIYONG,2019-08,human,public,"run.zq,sra","gs,ncbi,s3","gs.us-east1,ncbi.public,s3.us-east-1",2020-06-24,2020-06-24T17:10:54Z,2020-06-24,2020-06-24T09:28:06Z,human,gut,feces,ERX4243537,SAMEA7014684,China,Asia,China,North 30,East 120,human-gut,Daiyong,2020-06-24T17:10:54Z,2020-06-24T09:28:06Z,public,Illumina HiSeq 2500,metagenome,unspecified,PAIRED,PCR,METAGENOMIC,Homo sapiens,ILLUMINA,16S sequencing,2020-06-25T00:00:00Z,2020-06-26T14:43:00Z,1,SAMEA7014684,SLE1,Homo sapiens,paired end,ERP122511,SLE1
ERR4291126,RNA-Seq,499,40254316,PRJEB39044,SAMEA7014685,22306972,DAIYONG,2019-08,human,public,"run.zq,sra","gs,ncbi,s3","gs.us-east1,ncbi.public,s3.us-east-1",2020-06-24,2020-06-24T17:10:54Z,2020-06-24,2020-06-24T09:28:06Z,human,gut,feces,ERX4243538,SAMEA7014685,China,Asia,China,North 30,East 120,human-gut,Daiyong,2020-06-24T17:10:54Z,2020-06-24T09:28:06Z,public,Illumina HiSeq 2500,metagenome,unspecified,PAIRED,PCR,METAGENOMIC,Homo sapiens,ILLUMINA,16S sequencing,2020-06-25T00:00:00Z,2020-08-11T00:33:00Z,1,SAMEA7014685,SLE2,Homo sapiens,paired end,ERP122511,SLE2
ERR4291127,RNA-Seq,499,39771720,PRJEB39044,SAMEA7014686,22107347,DAIYONG,2019-08,human,public,"run.zq,sra","gs,ncbi,s3","gs.us-east1,ncbi.public,s3.us-east-1",2020-06-24,2020-06-24T17:10:54Z,2020-06-24,2020-06-24T09:28:06Z,human,gut,feces,ERX4243539,SAMEA7014686,China,Asia,China,North 30,East 120,human-gut,Daiyong,2020-06-24T17:10:54Z,2020-06-24T09:28:06Z,public,Illumina HiSeq 2500,metagenome,unspecified,PAIRED,PCR,METAGENOMIC,Homo sapiens,ILLUMINA,16S sequencing,2020-06-25T00:00:00Z,2020-08-11T00:33:00Z,1,SAMEA7014686,SLE3,Homo sapiens,paired end,ERP122511,SLE3
ERR4291128,RNA-Seq,499,39894208,PRJEB39044,SAMEA7014687,22026183,DAIYONG,2019-08,human,public,"run.zq,sra","gs,ncbi,s3","gs.us-east1,ncbi.public,s3.us-east-1",2020-06-24,2020-06-24T17:10:54Z,2020-06-24,2020-06-24T09:28:06Z,human,gut,feces,ERX4243540,SAMEA7014687,China,Asia,China,North 30,East 120,human-gut,Daiyong,2020-06-24T17:10:54Z,2020-06-24T09:28:06Z,public,Illumina HiSeq 2500,metagenome,unspecified,PAIRED,PCR,METAGENOMIC,Homo sapiens,ILLUMINA,16S sequencing,2020-06-25T00:00:00Z,2020-08-11T00:33:00Z,1,SAMEA7014687,SLE4,Homo sapiens,paired end,ERP122511,SLE4
ERR4291129,RNA-Seq,499,40030070,PRJEB39044,SAMEA7014688,22351367,DAIYONG,2019-08,human,public,"run.zq,sra","gs,ncbi,s3","gs.us-east1,ncbi.public,s3.us-east-1",2020-06-24,2020-06-24T17:10:54Z,2020-06-24,2020-06-24T09:28:06Z,human,gut,feces,ERX4243541,SAMEA7014688,China,Asia,China,North 30,East 120,human-gut,Daiyong,2020-06-24T17:10:54Z,2020-06-24T09:28:06Z,public,Illumina HiSeq 2500,metagenome,unspecified,PAIRED,PCR,METAGENOMIC,Homo sapiens,ILLUMINA,16S sequencing,2020-06-25T00:00:00Z,2020-08-11T00:34:00Z,1,SAMEA7014688,SLE5,Homo sapiens,paired end,ERP122511,SLE5
ERR4291130,RNA-Seq,499,40040914,PRJEB39044,SAMEA7014689,22292927,DAIYONG,2019-08,human,public,"run.zq,sra","gs,ncbi,s3","gs.us-east1,ncbi.public,s3.us-east-1",2020-06-24,2020-06-24T17:10:54Z,2020-06-24,2020-06-24T09:28:06Z,human,gut,feces,ERX4243542,SAMEA7014689,China,Asia,China,North 30,East 120,human-gut,Daiyong,2020-06-24T17:10:54Z,2020-06-24T09:28:06Z,public,Illumina HiSeq 2500,metagenome,unspecified,PAIRED,PCR,METAGENOMIC,Homo sapiens,ILLUMINA,16S sequencing,2020-06-25T00:00:00Z,2020-08-11T00:34:00Z,1,SAMEA7014689,SLE6,Homo sapiens,paired end,ERP122511,SLE6
ERR4291131,RNA-Seq,499,36206646,PRJEB39044,SAMEA7014690,20011125,DAIYONG,2019-08,human,public,"run.zq,sra","gs,ncbi,s3","gs.us-east1,ncbi.public,s3.us-east-1",2020-06-24,2020-06-24T17:10:54Z,2020-06-24,2020-06-24T09:28:06Z,human,gut,feces,ERX4243543,SAMEA7014690,China,Asia,China,North 30,East 120,human-gut,Daiyong,2020-06-24T17:10:54Z,2020-06-24T09:28:06Z,public,Illumina HiSeq 2500,metagenome,unspecified,PAIRED,PCR,METAGENOMIC,Homo sapiens,ILLUMINA,16S sequencing,2020-06-25T00:00:00Z,2020-08-11T00:34:00Z,1,SAMEA7014690,SLE7,Homo sapiens,paired end,ERP122511,SLE7
ERR4291132,RNA-Seq,499,40017506,PRJEB39044,SAMEA7014691,22337826,DAIYONG,2019-08,human,public,"run.zq,sra","gs,ncbi,s3","gs.us-east1,ncbi.public,s3.us-east-1",2020-06-24,2020-06-24T17:10:54Z,2020-06-24,2020-06-24T09:28:06Z,human,gut,feces,ERX4243544,SAMEA7014691,China,Asia,China,North 30,East 120,human-gut,Daiyong,2020-06-24T17:10:54Z,2020-06-24T09:28:06Z,public,Illumina HiSeq 2500,metagenome,unspecified,PAIRED,PCR,METAGENOMIC,Homo sapiens,ILLUMINA,16S sequencing,2020-06-25T00:00:00Z,2020-08-11T00:34:00Z,1,SAMEA7014691,SLE8,Homo sapiens,paired end,ERP122511,SLE8
ERR4291133,RNA-Seq,499,40054254,PRJEB39044,SAMEA7014692,21593948,DAIYONG,2019-08,human,public,"run.zq,sra","gs,ncbi,s3","gs.us-east1,ncbi.public,s3.us-east-1",2020-06-24,2020-06-24T17:10:54Z,2020-06-24,2020-06-24T09:28:06Z,human,gut,feces,ERX4243545,SAMEA7014692,China,Asia,China,North 30,East 120,human-gut,Daiyong,2020-06-24T17:10:54Z,2020-06-24T09:28:06Z,public,Illumina HiSeq 2500,metagenome,unspecified,PAIRED,PCR,METAGENOMIC,Homo sapiens,ILLUMINA,16S sequencing,2020-06-25T00:00:00Z,2020-08-11T00:34:00Z,1,SAMEA7014692,SLE9,Homo sapiens,paired end,ERP122511,SLE9
ERR4291134,RNA-Seq,499,39991100,PRJEB39044,SAMEA7014693,21427892,DAIYONG,2019-08,human,public,"run.zq,sra","gs,ncbi,s3","gs.us-east1,ncbi.public,s3.us-east-1",2020-06-24,2020-06-24T17:10:54Z,2020-06-24,2020-06-24T09:28:06Z,human,gut,feces,ERX4243546,SAMEA7014693,China,Asia,China,North 30,East 120,human-gut,Daiyong,2020-06-24T17:10:54Z,2020-06-24T09:28:06Z,public,Illumina HiSeq 2500,metagenome,unspecified,PAIRED,PCR,METAGENOMIC,Homo sapiens,ILLUMINA,16S sequencing,2020-06-25T00:00:00Z,2020-08-11T00:34:00Z,1,SAMEA7014693,SLE10,Homo sapiens,paired end,ERP122511,SLE10
ERR4291135,RNA-Seq,499,39990722,PRJEB39044,SAMEA7014694,21518377,DAIYONG,2019-08,human,public,"run.zq,sra","gs,ncbi,s3","gs.us-east1,ncbi.public,s3.us-east-1",2020-06-24,2020-06-24T17:10:54Z,2020-06-24,2020-06-24T09:28:07Z,human,gut,feces,ERX4243547,SAMEA7014694,China,Asia,China,North 30,East 120,human-gut,Daiyong,2020-06-24T17:10:54Z,2020-06-24T09:28:07Z,public,Illumina HiSeq 2500,metagenome,unspecified,PAIRED,PCR,METAGENOMIC,Homo sapiens,ILLUMINA,16S sequencing,2020-06-25T00:00:00Z,2020-08-11T00:34:00Z,1,SAMEA7014694,SLE11,Homo sapiens,paired end,ERP122511,SLE11
ERR4291136,RNA-Seq,499,40044646,PRJEB39044,SAMEA7014695,21745672,DAIYONG,2019-08,human,public,"run.zq,sra","gs,ncbi,s3","gs.us-east1,ncbi.public,s3.us-east-1",2020-06-24,2020-06-24T17:10:54Z,2020-06-24,2020-06-24T09:28:07Z,human,gut,feces,ERX4243548,SAMEA7014695,China,Asia,China,North 30,East 120,human-gut,Daiyong,2020-06-24T17:10:54Z,2020-06-24T09:28:07Z,public,Illumina HiSeq 2500,metagenome,unspecified,PAIRED,PCR,METAGENOMIC,Homo sapiens,ILLUMINA,16S sequencing,2020-06-25T00:00:00Z,2020-08-11T00:34:00Z,1,SAMEA7014695,SLE12,Homo sapiens,paired end,ERP122511,SLE12
ERR4291137,RNA-Seq,499,39967950,PRJEB39044,SAMEA7014696,21576603,DAIYONG,2019-08,human,public,"run.zq,sra","gs,ncbi,s3","gs.us-east1,ncbi.public,s3.us-east-1",2020-06-24,2020-06-24T17:10:54Z,2020-06-24,2020-06-24T09:28:07Z,human,gut,feces,ERX4243549,SAMEA7014696,China,Asia,China,North 30,East 120,human-gut,Daiyong,2020-06-24T17:10:54Z,2020-06-24T09:28:07Z,public,Illumina HiSeq 2500,metagenome,unspecified,PAIRED,PCR,METAGENOMIC,Homo sapiens,ILLUMINA,16S sequencing,2020-06-25T00:00:00Z,2020-06-26T14:47:00Z,1,SAMEA7014696,SLE13,Homo sapiens,paired end,ERP122511,SLE13
ERR4291138,RNA-Seq,499,39944490,PRJEB39044,SAMEA7014697,21152885,DAIYONG,2019-08,human,public,"run.zq,sra","gs,ncbi,s3","gs.us-east1,ncbi.public,s3.us-east-1",2020-06-24,2020-06-24T17:10:54Z,2020-06-24,2020-06-24T09:28:07Z,human,gut,feces,ERX4243550,SAMEA7014697,China,Asia,China,North 30,East 120,human-gut,Daiyong,2020-06-24T17:10:54Z,2020-06-24T09:28:07Z,public,Illumina HiSeq 2500,metagenome,unspecified,PAIRED,PCR,METAGENOMIC,Homo sapiens,ILLUMINA,16S sequencing,2020-06-25T00:00:00Z,2020-08-11T00:34:00Z,1,SAMEA7014697,SLE14,Homo sapiens,paired end,ERP122511,SLE14
ERR4291139,RNA-Seq,499,39016820,PRJEB39044,SAMEA7014698,20666599,DAIYONG,2019-08,human,public,"run.zq,sra","gs,ncbi,s3","gs.us-east1,ncbi.public,s3.us-east-1",2020-06-24,2020-06-24T17:10:54Z,2020-06-24,2020-06-24T09:28:07Z,human,gut,feces,ERX4243551,SAMEA7014698,China,Asia,China,North 30,East 120,human-gut,Daiyong,2020-06-24T17:10:54Z,2020-06-24T09:28:07Z,public,Illumina HiSeq 2500,metagenome,unspecified,PAIRED,PCR,METAGENOMIC,Homo sapiens,ILLUMINA,16S sequencing,2020-06-25T00:00:00Z,2020-08-11T00:34:00Z,1,SAMEA7014698,SLE15,Homo sapiens,paired end,ERP122511,SLE15
ERR4291140,RNA-Seq,499,40062750,PRJEB39044,SAMEA7014699,21601995,DAIYONG,2019-08,human,public,"run.zq,sra","gs,ncbi,s3","gs.us-east1,ncbi.public,s3.us-east-1",2020-06-24,2020-06-24T17:10:54Z,2020-06-24,2020-06-24T09:28:07Z,human,gut,feces,ERX4243552,SAMEA7014699,China,Asia,China,North 30,East 120,human-gut,Daiyong,2020-06-24T17:10:54Z,2020-06-24T09:28:07Z,public,Illumina HiSeq 2500,metagenome,unspecified,PAIRED,PCR,METAGENOMIC,Homo sapiens,ILLUMINA,16S sequencing,2020-06-25T00:00:00Z,2020-08-11T00:34:00Z,1,SAMEA7014699,SLE16,Homo sapiens,paired end,ERP122511,SLE16
ERR4291141,RNA-Seq,499,39144478,PRJEB39044,SAMEA7014700,21442021,DAIYONG,2019-08,human,public,"run.zq,sra","gs,ncbi,s3","gs.us-east1,ncbi.public,s3.us-east-1",2020-06-24,2020-06-24T17:10:54Z,2020-06-24,2020-06-24T09:28:07Z,human,gut,feces,ERX4243553,SAMEA7014700,China,Asia,China,North 30,East 120,human-gut,Daiyong,2020-06-24T17:10:54Z,2020-06-24T09:28:07Z,public,Illumina HiSeq 2500,metagenome,unspecified,PAIRED,PCR,METAGENOMIC,Homo sapiens,ILLUMINA,16S sequencing,2020-06-25T00:00:00Z,2020-08-11T00:34:00Z,1,SAMEA7014700,SLE17,Homo sapiens,paired end,ERP122511,SLE17
ERR4291142,RNA-Seq,499,31953398,PRJEB39044,SAMEA7014701,17608096,DAIYONG,2019-08,human,public,"run.zq,sra","gs,ncbi,s3","gs.us-east1,ncbi.public,s3.us-east-1",2020-06-24,2020-06-24T17:10:54Z,2020-06-24,2020-06-24T09:28:07Z,human,gut,feces,ERX4243554,SAMEA7014701,China,Asia,China,North 30,East 120,human-gut,Daiyong,2020-06-24T17:10:54Z,2020-06-24T09:28:07Z,public,Illumina HiSeq 2500,metagenome,unspecified,PAIRED,PCR,METAGENOMIC,Homo sapiens,ILLUMINA,16S sequencing,2020-06-25T00:00:00Z,2020-06-26T14:50:00Z,1,SAMEA7014701,SLE18,Homo sapiens,paired end,ERP122511,SLE18
ERR4291143,RNA-Seq,499,39849338,PRJEB39044,SAMEA7014702,21889709,DAIYONG,2019-08,human,public,"run.zq,sra","gs,ncbi,s3","gs.us-east1,ncbi.public,s3.us-east-1",2020-06-24,2020-06-24T17:10:54Z,2020-06-24,2020-06-24T09:28:07Z,human,gut,feces,ERX4243555,SAMEA7014702,China,Asia,China,North 30,East 120,human-gut,Daiyong,2020-06-24T17:10:54Z,2020-06-24T09:28:07Z,public,Illumina HiSeq 2500,metagenome,unspecified,PAIRED,PCR,METAGENOMIC,Homo sapiens,ILLUMINA,16S sequencing,2020-06-25T00:00:00Z,2020-08-11T00:34:00Z,1,SAMEA7014702,SLE19,Homo sapiens,paired end,ERP122511,SLE19
ERR4291144,RNA-Seq,499,39972738,PRJEB39044,SAMEA7014703,21899157,DAIYONG,2019-08,human,public,"run.zq,sra","gs,ncbi,s3","gs.us-east1,ncbi.public,s3.us-east-1",2020-06-24,2020-06-24T17:10:54Z,2020-06-24,2020-06-24T09:28:07Z,human,gut,feces,ERX4243556,SAMEA7014703,China,Asia,China,North 30,East 120,human-gut,Daiyong,2020-06-24T17:10:54Z,2020-06-24T09:28:07Z,public,Illumina HiSeq 2500,metagenome,unspecified,PAIRED,PCR,METAGENOMIC,Homo sapiens,ILLUMINA,16S sequencing,2020-06-25T00:00:00Z,2020-08-11T00:34:00Z,1,SAMEA7014703,SLE20,Homo sapiens,paired end,ERP122511,SLE20
ERR4291145,RNA-Seq,499,37265520,PRJEB39044,SAMEA7014704,20423726,DAIYONG,2019-08,human,public,"run.zq,sra","gs,ncbi,s3","gs.us-east1,ncbi.public,s3.us-east-1",2020-06-24,2020-06-24T17:10:54Z,2020-06-24,2020-06-24T09:28:07Z,human,gut,feces,ERX4243557,SAMEA7014704,China,Asia,China,North 30,East 120,human-gut,Daiyong,2020-06-24T17:10:54Z,2020-06-24T09:28:07Z,public,Illumina HiSeq 2500,metagenome,unspecified,PAIRED,PCR,METAGENOMIC,Homo sapiens,ILLUMINA,16S sequencing,2020-06-25T00:00:00Z,2020-08-11T00:34:00Z,1,SAMEA7014704,SLE21,Homo sapiens,paired end,ERP122511,SLE21
